strict_id,source_task_id,source_split,source_array_index,subject_id,target_record_id,window_id,window_index,start_sample_500hz,end_sample_500hz_exclusive,target_record_baseline_uV,dedup_key
D12_STRICT_0000000,task1,train,769,HNU11002,d12_0100000d4f7822,TASK1_2ec148189214eb_W000,0,0,5000,30.3267536|-206.65126|-238.096725|102.224174|132.042938|-214.489944|83.9639053|60.4268875|-151.912186|-51.6337814|-85.0262451|-205.099503,d12_0100000d4f7822:0:5000
D12_STRICT_0000001,task1,train,770,HNU11002,d12_0100000d4f7822,TASK1_2ec148189214eb_W001,1,5000,10000,30.3267536|-206.65126|-238.096725|102.224174|132.042938|-214.489944|83.9639053|60.4268875|-151.912186|-51.6337814|-85.0262451|-205.099503,d12_0100000d4f7822:5000:10000
D12_STRICT_0000002,task1,train,771,HNU11002,d12_0100000d4f7822,TASK1_2ec148189214eb_W002,2,10000,15000,30.3267536|-206.65126|-238.096725|102.224174|132.042938|-214.489944|83.9639053|60.4268875|-151.912186|-51.6337814|-85.0262451|-205.099503,d12_0100000d4f7822:10000:15000
D12_STRICT_0000003,task1,train,772,HNU11002,d12_0100000d4f7822,TASK1_2ec148189214eb_W003,3,15000,20000,30.3267536|-206.65126|-238.096725|102.224174|132.042938|-214.489944|83.9639053|60.4268875|-151.912186|-51.6337814|-85.0262451|-205.099503,d12_0100000d4f7822:15000:20000
D12_STRICT_0000004,task1,train,773,HNU11002,d12_0100000d4f7822,TASK1_2ec148189214eb_W004,4,20000,25000,30.3267536|-206.65126|-238.096725|102.224174|132.042938|-214.489944|83.9639053|60.4268875|-151.912186|-51.6337814|-85.0262451|-205.099503,d12_0100000d4f7822:20000:25000
D12_STRICT_0000005,task1,train,774,HNU11002,d12_0100000d4f7822,TASK1_2ec148189214eb_W005,5,25000,30000,30.3267536|-206.65126|-238.096725|102.224174|132.042938|-214.489944|83.9639053|60.4268875|-151.912186|-51.6337814|-85.0262451|-205.099503,d12_0100000d4f7822:25000:30000
D12_STRICT_0000006,task1,train,775,HNU11002,d12_0100000d4f7822,TASK1_2ec148189214eb_W006,6,30000,35000,30.3267536|-206.65126|-238.096725|102.224174|132.042938|-214.489944|83.9639053|60.4268875|-151.912186|-51.6337814|-85.0262451|-205.099503,d12_0100000d4f7822:30000:35000
D12_STRICT_0000007,task1,train,776,HNU11002,d12_0100000d4f7822,TASK1_2ec148189214eb_W007,7,35000,40000,30.3267536|-206.65126|-238.096725|102.224174|132.042938|-214.489944|83.9639053|60.4268875|-151.912186|-51.6337814|-85.0262451|-205.099503,d12_0100000d4f7822:35000:40000
D12_STRICT_0000008,task1,train,777,HNU11002,d12_0100000d4f7822,TASK1_2ec148189214eb_W008,8,40000,45000,30.3267536|-206.65126|-238.096725|102.224174|132.042938|-214.489944|83.9639053|60.4268875|-151.912186|-51.6337814|-85.0262451|-205.099503,d12_0100000d4f7822:40000:45000
D12_STRICT_0000009,task1,train,778,HNU11002,d12_0100000d4f7822,TASK1_2ec148189214eb_W009,9,45000,50000,30.3267536|-206.65126|-238.096725|102.224174|132.042938|-214.489944|83.9639053|60.4268875|-151.912186|-51.6337814|-85.0262451|-205.099503,d12_0100000d4f7822:45000:50000
D12_STRICT_0000010,task1,train,779,HNU11002,d12_0100000d4f7822,TASK1_2ec148189214eb_W010,10,50000,55000,30.3267536|-206.65126|-238.096725|102.224174|132.042938|-214.489944|83.9639053|60.4268875|-151.912186|-51.6337814|-85.0262451|-205.099503,d12_0100000d4f7822:50000:55000
D12_STRICT_0000011,task2,train,23,HNU11002,d12_0100000d4f7822,TASK2_f5340d4f89b895_W011,11,55000,60000,,d12_0100000d4f7822:55000:60000
D12_STRICT_0000012,task1,train,439,HNU11052,d12_01e19f08160eda,TASK1_35b1957271f88a_W000,0,0,5000,-7.51845455|-100.942879|-86.1314163|69.7186127|41.9150162|-53.0972633|68.0426559|253.369186|286.999817|285.115662|-123.471649|-171.026489,d12_01e19f08160eda:0:5000
D12_STRICT_0000013,task1,train,440,HNU11052,d12_01e19f08160eda,TASK1_35b1957271f88a_W001,1,5000,10000,-7.51845455|-100.942879|-86.1314163|69.7186127|41.9150162|-53.0972633|68.0426559|253.369186|286.999817|285.115662|-123.471649|-171.026489,d12_01e19f08160eda:5000:10000
D12_STRICT_0000014,task1,train,441,HNU11052,d12_01e19f08160eda,TASK1_35b1957271f88a_W002,2,10000,15000,-7.51845455|-100.942879|-86.1314163|69.7186127|41.9150162|-53.0972633|68.0426559|253.369186|286.999817|285.115662|-123.471649|-171.026489,d12_01e19f08160eda:10000:15000
D12_STRICT_0000015,task1,train,442,HNU11052,d12_01e19f08160eda,TASK1_35b1957271f88a_W003,3,15000,20000,-7.51845455|-100.942879|-86.1314163|69.7186127|41.9150162|-53.0972633|68.0426559|253.369186|286.999817|285.115662|-123.471649|-171.026489,d12_01e19f08160eda:15000:20000
D12_STRICT_0000016,task1,train,443,HNU11052,d12_01e19f08160eda,TASK1_35b1957271f88a_W004,4,20000,25000,-7.51845455|-100.942879|-86.1314163|69.7186127|41.9150162|-53.0972633|68.0426559|253.369186|286.999817|285.115662|-123.471649|-171.026489,d12_01e19f08160eda:20000:25000
D12_STRICT_0000017,task1,train,444,HNU11052,d12_01e19f08160eda,TASK1_35b1957271f88a_W005,5,25000,30000,-7.51845455|-100.942879|-86.1314163|69.7186127|41.9150162|-53.0972633|68.0426559|253.369186|286.999817|285.115662|-123.471649|-171.026489,d12_01e19f08160eda:25000:30000
D12_STRICT_0000018,task1,train,445,HNU11052,d12_01e19f08160eda,TASK1_35b1957271f88a_W006,6,30000,35000,-7.51845455|-100.942879|-86.1314163|69.7186127|41.9150162|-53.0972633|68.0426559|253.369186|286.999817|285.115662|-123.471649|-171.026489,d12_01e19f08160eda:30000:35000
D12_STRICT_0000019,task1,train,446,HNU11052,d12_01e19f08160eda,TASK1_35b1957271f88a_W007,7,35000,40000,-7.51845455|-100.942879|-86.1314163|69.7186127|41.9150162|-53.0972633|68.0426559|253.369186|286.999817|285.115662|-123.471649|-171.026489,d12_01e19f08160eda:35000:40000
D12_STRICT_0000020,task1,train,447,HNU11052,d12_01e19f08160eda,TASK1_35b1957271f88a_W008,8,40000,45000,-7.51845455|-100.942879|-86.1314163|69.7186127|41.9150162|-53.0972633|68.0426559|253.369186|286.999817|285.115662|-123.471649|-171.026489,d12_01e19f08160eda:40000:45000
D12_STRICT_0000021,task1,train,448,HNU11052,d12_01e19f08160eda,TASK1_35b1957271f88a_W009,9,45000,50000,-7.51845455|-100.942879|-86.1314163|69.7186127|41.9150162|-53.0972633|68.0426559|253.369186|286.999817|285.115662|-123.471649|-171.026489,d12_01e19f08160eda:45000:50000
D12_STRICT_0000022,task1,train,449,HNU11052,d12_01e19f08160eda,TASK1_35b1957271f88a_W010,10,50000,55000,-7.51845455|-100.942879|-86.1314163|69.7186127|41.9150162|-53.0972633|68.0426559|253.369186|286.999817|285.115662|-123.471649|-171.026489,d12_01e19f08160eda:50000:55000
D12_STRICT_0000023,task2,train,515,HNU11052,d12_01e19f08160eda,TASK2_6e8b2eb3360c06_W011,11,55000,60000,,d12_01e19f08160eda:55000:60000
D12_STRICT_0000024,task1,train,230,HNU11007,d12_05cc77f8a61e6e,TASK1_5338d73176afd2_W000,0,0,5000,-15.6745996|30.3727455|57.1199303|-3.87095046|-38.2886467|49.1742477|-436.256195|-324.746033|-574.054382|-199.876678|-404.439697|-522.726746,d12_05cc77f8a61e6e:0:5000
D12_STRICT_0000025,task1,train,231,HNU11007,d12_05cc77f8a61e6e,TASK1_5338d73176afd2_W001,1,5000,10000,-15.6745996|30.3727455|57.1199303|-3.87095046|-38.2886467|49.1742477|-436.256195|-324.746033|-574.054382|-199.876678|-404.439697|-522.726746,d12_05cc77f8a61e6e:5000:10000
D12_STRICT_0000026,task1,train,232,HNU11007,d12_05cc77f8a61e6e,TASK1_5338d73176afd2_W002,2,10000,15000,-15.6745996|30.3727455|57.1199303|-3.87095046|-38.2886467|49.1742477|-436.256195|-324.746033|-574.054382|-199.876678|-404.439697|-522.726746,d12_05cc77f8a61e6e:10000:15000
D12_STRICT_0000027,task1,train,233,HNU11007,d12_05cc77f8a61e6e,TASK1_5338d73176afd2_W003,3,15000,20000,-15.6745996|30.3727455|57.1199303|-3.87095046|-38.2886467|49.1742477|-436.256195|-324.746033|-574.054382|-199.876678|-404.439697|-522.726746,d12_05cc77f8a61e6e:15000:20000
D12_STRICT_0000028,task1,train,234,HNU11007,d12_05cc77f8a61e6e,TASK1_5338d73176afd2_W004,4,20000,25000,-15.6745996|30.3727455|57.1199303|-3.87095046|-38.2886467|49.1742477|-436.256195|-324.746033|-574.054382|-199.876678|-404.439697|-522.726746,d12_05cc77f8a61e6e:20000:25000
D12_STRICT_0000029,task1,train,235,HNU11007,d12_05cc77f8a61e6e,TASK1_5338d73176afd2_W005,5,25000,30000,-15.6745996|30.3727455|57.1199303|-3.87095046|-38.2886467|49.1742477|-436.256195|-324.746033|-574.054382|-199.876678|-404.439697|-522.726746,d12_05cc77f8a61e6e:25000:30000
D12_STRICT_0000030,task1,train,236,HNU11007,d12_05cc77f8a61e6e,TASK1_5338d73176afd2_W006,6,30000,35000,-15.6745996|30.3727455|57.1199303|-3.87095046|-38.2886467|49.1742477|-436.256195|-324.746033|-574.054382|-199.876678|-404.439697|-522.726746,d12_05cc77f8a61e6e:30000:35000
D12_STRICT_0000031,task1,train,237,HNU11007,d12_05cc77f8a61e6e,TASK1_5338d73176afd2_W007,7,35000,40000,-15.6745996|30.3727455|57.1199303|-3.87095046|-38.2886467|49.1742477|-436.256195|-324.746033|-574.054382|-199.876678|-404.439697|-522.726746,d12_05cc77f8a61e6e:35000:40000
D12_STRICT_0000032,task1,train,238,HNU11007,d12_05cc77f8a61e6e,TASK1_5338d73176afd2_W008,8,40000,45000,-15.6745996|30.3727455|57.1199303|-3.87095046|-38.2886467|49.1742477|-436.256195|-324.746033|-574.054382|-199.876678|-404.439697|-522.726746,d12_05cc77f8a61e6e:40000:45000
D12_STRICT_0000033,task1,train,239,HNU11007,d12_05cc77f8a61e6e,TASK1_5338d73176afd2_W009,9,45000,50000,-15.6745996|30.3727455|57.1199303|-3.87095046|-38.2886467|49.1742477|-436.256195|-324.746033|-574.054382|-199.876678|-404.439697|-522.726746,d12_05cc77f8a61e6e:45000:50000
D12_STRICT_0000034,task1,train,240,HNU11007,d12_05cc77f8a61e6e,TASK1_5338d73176afd2_W010,10,50000,55000,-15.6745996|30.3727455|57.1199303|-3.87095046|-38.2886467|49.1742477|-436.256195|-324.746033|-574.054382|-199.876678|-404.439697|-522.726746,d12_05cc77f8a61e6e:50000:55000
D12_STRICT_0000035,task2,train,71,HNU11007,d12_05cc77f8a61e6e,TASK2_249d14007989c3_W011,11,55000,60000,,d12_05cc77f8a61e6e:55000:60000
D12_STRICT_0000036,task1,train,417,HNU11063,d12_076ea5daed5473,TASK1_a050a3ba70982e_W000,0,0,5000,-368.854584|-236.617966|157.725571|304.431671|-270.619171|-38.6433182|-308.241486|-138.00589|-158.447296|-159.912537|-73.356163|-51.8672104,d12_076ea5daed5473:0:5000
D12_STRICT_0000037,task1,train,418,HNU11063,d12_076ea5daed5473,TASK1_a050a3ba70982e_W001,1,5000,10000,-368.854584|-236.617966|157.725571|304.431671|-270.619171|-38.6433182|-308.241486|-138.00589|-158.447296|-159.912537|-73.356163|-51.8672104,d12_076ea5daed5473:5000:10000
D12_STRICT_0000038,task1,train,419,HNU11063,d12_076ea5daed5473,TASK1_a050a3ba70982e_W002,2,10000,15000,-368.854584|-236.617966|157.725571|304.431671|-270.619171|-38.6433182|-308.241486|-138.00589|-158.447296|-159.912537|-73.356163|-51.8672104,d12_076ea5daed5473:10000:15000
D12_STRICT_0000039,task1,train,420,HNU11063,d12_076ea5daed5473,TASK1_a050a3ba70982e_W003,3,15000,20000,-368.854584|-236.617966|157.725571|304.431671|-270.619171|-38.6433182|-308.241486|-138.00589|-158.447296|-159.912537|-73.356163|-51.8672104,d12_076ea5daed5473:15000:20000
D12_STRICT_0000040,task1,train,421,HNU11063,d12_076ea5daed5473,TASK1_a050a3ba70982e_W004,4,20000,25000,-368.854584|-236.617966|157.725571|304.431671|-270.619171|-38.6433182|-308.241486|-138.00589|-158.447296|-159.912537|-73.356163|-51.8672104,d12_076ea5daed5473:20000:25000
D12_STRICT_0000041,task1,train,422,HNU11063,d12_076ea5daed5473,TASK1_a050a3ba70982e_W005,5,25000,30000,-368.854584|-236.617966|157.725571|304.431671|-270.619171|-38.6433182|-308.241486|-138.00589|-158.447296|-159.912537|-73.356163|-51.8672104,d12_076ea5daed5473:25000:30000
D12_STRICT_0000042,task1,train,423,HNU11063,d12_076ea5daed5473,TASK1_a050a3ba70982e_W006,6,30000,35000,-368.854584|-236.617966|157.725571|304.431671|-270.619171|-38.6433182|-308.241486|-138.00589|-158.447296|-159.912537|-73.356163|-51.8672104,d12_076ea5daed5473:30000:35000
D12_STRICT_0000043,task1,train,424,HNU11063,d12_076ea5daed5473,TASK1_a050a3ba70982e_W007,7,35000,40000,-368.854584|-236.617966|157.725571|304.431671|-270.619171|-38.6433182|-308.241486|-138.00589|-158.447296|-159.912537|-73.356163|-51.8672104,d12_076ea5daed5473:35000:40000
D12_STRICT_0000044,task1,train,425,HNU11063,d12_076ea5daed5473,TASK1_a050a3ba70982e_W008,8,40000,45000,-368.854584|-236.617966|157.725571|304.431671|-270.619171|-38.6433182|-308.241486|-138.00589|-158.447296|-159.912537|-73.356163|-51.8672104,d12_076ea5daed5473:40000:45000
D12_STRICT_0000045,task1,train,426,HNU11063,d12_076ea5daed5473,TASK1_a050a3ba70982e_W009,9,45000,50000,-368.854584|-236.617966|157.725571|304.431671|-270.619171|-38.6433182|-308.241486|-138.00589|-158.447296|-159.912537|-73.356163|-51.8672104,d12_076ea5daed5473:45000:50000
D12_STRICT_0000046,task1,train,427,HNU11063,d12_076ea5daed5473,TASK1_a050a3ba70982e_W010,10,50000,55000,-368.854584|-236.617966|157.725571|304.431671|-270.619171|-38.6433182|-308.241486|-138.00589|-158.447296|-159.912537|-73.356163|-51.8672104,d12_076ea5daed5473:50000:55000
D12_STRICT_0000047,task2,train,575,HNU11063,d12_076ea5daed5473,TASK2_6e333378aa70b1_W011,11,55000,60000,,d12_076ea5daed5473:55000:60000
D12_STRICT_0000048,task1,train,186,HNU11065,d12_0a5d33eea70d46,TASK1_ccea4f84d227e2_W000,0,0,5000,236.079514|-159.954361|-385.888672|-31.7201653|316.175873|-275.456909|-1130.23486|-125.117821|-861.587036|-58.8429909|-741.298828|-1355.70203,d12_0a5d33eea70d46:0:5000
D12_STRICT_0000049,task1,train,187,HNU11065,d12_0a5d33eea70d46,TASK1_ccea4f84d227e2_W001,1,5000,10000,236.079514|-159.954361|-385.888672|-31.7201653|316.175873|-275.456909|-1130.23486|-125.117821|-861.587036|-58.8429909|-741.298828|-1355.70203,d12_0a5d33eea70d46:5000:10000
D12_STRICT_0000050,task1,train,188,HNU11065,d12_0a5d33eea70d46,TASK1_ccea4f84d227e2_W002,2,10000,15000,236.079514|-159.954361|-385.888672|-31.7201653|316.175873|-275.456909|-1130.23486|-125.117821|-861.587036|-58.8429909|-741.298828|-1355.70203,d12_0a5d33eea70d46:10000:15000
D12_STRICT_0000051,task1,train,189,HNU11065,d12_0a5d33eea70d46,TASK1_ccea4f84d227e2_W003,3,15000,20000,236.079514|-159.954361|-385.888672|-31.7201653|316.175873|-275.456909|-1130.23486|-125.117821|-861.587036|-58.8429909|-741.298828|-1355.70203,d12_0a5d33eea70d46:15000:20000
D12_STRICT_0000052,task1,train,190,HNU11065,d12_0a5d33eea70d46,TASK1_ccea4f84d227e2_W004,4,20000,25000,236.079514|-159.954361|-385.888672|-31.7201653|316.175873|-275.456909|-1130.23486|-125.117821|-861.587036|-58.8429909|-741.298828|-1355.70203,d12_0a5d33eea70d46:20000:25000
D12_STRICT_0000053,task1,train,191,HNU11065,d12_0a5d33eea70d46,TASK1_ccea4f84d227e2_W005,5,25000,30000,236.079514|-159.954361|-385.888672|-31.7201653|316.175873|-275.456909|-1130.23486|-125.117821|-861.587036|-58.8429909|-741.298828|-1355.70203,d12_0a5d33eea70d46:25000:30000
D12_STRICT_0000054,task1,train,192,HNU11065,d12_0a5d33eea70d46,TASK1_ccea4f84d227e2_W006,6,30000,35000,236.079514|-159.954361|-385.888672|-31.7201653|316.175873|-275.456909|-1130.23486|-125.117821|-861.587036|-58.8429909|-741.298828|-1355.70203,d12_0a5d33eea70d46:30000:35000
D12_STRICT_0000055,task1,train,193,HNU11065,d12_0a5d33eea70d46,TASK1_ccea4f84d227e2_W007,7,35000,40000,236.079514|-159.954361|-385.888672|-31.7201653|316.175873|-275.456909|-1130.23486|-125.117821|-861.587036|-58.8429909|-741.298828|-1355.70203,d12_0a5d33eea70d46:35000:40000
D12_STRICT_0000056,task1,train,194,HNU11065,d12_0a5d33eea70d46,TASK1_ccea4f84d227e2_W008,8,40000,45000,236.079514|-159.954361|-385.888672|-31.7201653|316.175873|-275.456909|-1130.23486|-125.117821|-861.587036|-58.8429909|-741.298828|-1355.70203,d12_0a5d33eea70d46:40000:45000
D12_STRICT_0000057,task1,train,195,HNU11065,d12_0a5d33eea70d46,TASK1_ccea4f84d227e2_W009,9,45000,50000,236.079514|-159.954361|-385.888672|-31.7201653|316.175873|-275.456909|-1130.23486|-125.117821|-861.587036|-58.8429909|-741.298828|-1355.70203,d12_0a5d33eea70d46:45000:50000
D12_STRICT_0000058,task1,train,196,HNU11065,d12_0a5d33eea70d46,TASK1_ccea4f84d227e2_W010,10,50000,55000,236.079514|-159.954361|-385.888672|-31.7201653|316.175873|-275.456909|-1130.23486|-125.117821|-861.587036|-58.8429909|-741.298828|-1355.70203,d12_0a5d33eea70d46:50000:55000
D12_STRICT_0000059,task2,train,599,HNU11065,d12_0a5d33eea70d46,TASK2_e06c1e081a810f_W011,11,55000,60000,,d12_0a5d33eea70d46:55000:60000
D12_STRICT_0000060,task1,train,296,HNU11090,d12_0c5d2279cd0d26,TASK1_487a767d0cf827_W000,0,0,5000,-136.514236|-119.419373|15.6312733|121.366066|-93.9199829|-60.9190178|-304.506134|175.145279|-316.199188|-185.292328|-410.14447|-73.6231918,d12_0c5d2279cd0d26:0:5000
D12_STRICT_0000061,task1,train,297,HNU11090,d12_0c5d2279cd0d26,TASK1_487a767d0cf827_W001,1,5000,10000,-136.514236|-119.419373|15.6312733|121.366066|-93.9199829|-60.9190178|-304.506134|175.145279|-316.199188|-185.292328|-410.14447|-73.6231918,d12_0c5d2279cd0d26:5000:10000
D12_STRICT_0000062,task1,train,298,HNU11090,d12_0c5d2279cd0d26,TASK1_487a767d0cf827_W002,2,10000,15000,-136.514236|-119.419373|15.6312733|121.366066|-93.9199829|-60.9190178|-304.506134|175.145279|-316.199188|-185.292328|-410.14447|-73.6231918,d12_0c5d2279cd0d26:10000:15000
D12_STRICT_0000063,task1,train,299,HNU11090,d12_0c5d2279cd0d26,TASK1_487a767d0cf827_W003,3,15000,20000,-136.514236|-119.419373|15.6312733|121.366066|-93.9199829|-60.9190178|-304.506134|175.145279|-316.199188|-185.292328|-410.14447|-73.6231918,d12_0c5d2279cd0d26:15000:20000
D12_STRICT_0000064,task1,train,300,HNU11090,d12_0c5d2279cd0d26,TASK1_487a767d0cf827_W004,4,20000,25000,-136.514236|-119.419373|15.6312733|121.366066|-93.9199829|-60.9190178|-304.506134|175.145279|-316.199188|-185.292328|-410.14447|-73.6231918,d12_0c5d2279cd0d26:20000:25000
D12_STRICT_0000065,task1,train,301,HNU11090,d12_0c5d2279cd0d26,TASK1_487a767d0cf827_W005,5,25000,30000,-136.514236|-119.419373|15.6312733|121.366066|-93.9199829|-60.9190178|-304.506134|175.145279|-316.199188|-185.292328|-410.14447|-73.6231918,d12_0c5d2279cd0d26:25000:30000
D12_STRICT_0000066,task1,train,302,HNU11090,d12_0c5d2279cd0d26,TASK1_487a767d0cf827_W006,6,30000,35000,-136.514236|-119.419373|15.6312733|121.366066|-93.9199829|-60.9190178|-304.506134|175.145279|-316.199188|-185.292328|-410.14447|-73.6231918,d12_0c5d2279cd0d26:30000:35000
D12_STRICT_0000067,task1,train,303,HNU11090,d12_0c5d2279cd0d26,TASK1_487a767d0cf827_W007,7,35000,40000,-136.514236|-119.419373|15.6312733|121.366066|-93.9199829|-60.9190178|-304.506134|175.145279|-316.199188|-185.292328|-410.14447|-73.6231918,d12_0c5d2279cd0d26:35000:40000
D12_STRICT_0000068,task1,train,304,HNU11090,d12_0c5d2279cd0d26,TASK1_487a767d0cf827_W008,8,40000,45000,-136.514236|-119.419373|15.6312733|121.366066|-93.9199829|-60.9190178|-304.506134|175.145279|-316.199188|-185.292328|-410.14447|-73.6231918,d12_0c5d2279cd0d26:40000:45000
D12_STRICT_0000069,task1,train,305,HNU11090,d12_0c5d2279cd0d26,TASK1_487a767d0cf827_W009,9,45000,50000,-136.514236|-119.419373|15.6312733|121.366066|-93.9199829|-60.9190178|-304.506134|175.145279|-316.199188|-185.292328|-410.14447|-73.6231918,d12_0c5d2279cd0d26:45000:50000
D12_STRICT_0000070,task1,train,306,HNU11090,d12_0c5d2279cd0d26,TASK1_487a767d0cf827_W010,10,50000,55000,-136.514236|-119.419373|15.6312733|121.366066|-93.9199829|-60.9190178|-304.506134|175.145279|-316.199188|-185.292328|-410.14447|-73.6231918,d12_0c5d2279cd0d26:50000:55000
D12_STRICT_0000071,task2,train,840,HNU11090,d12_0c5d2279cd0d26,TASK2_58729534899fe5_W011,11,55000,60000,,d12_0c5d2279cd0d26:55000:60000
D12_STRICT_0000072,task1,train,450,HNU11026,d12_1169122ce7bb98,TASK1_5ab1e8da6cb5d9_W000,0,0,5000,-111.742157|-38.5521088|35.4818382|74.8542099|-45.001915|11.3556499|-233.352325|-189.445831|-420.135559|-278.374329|-823.589966|-742.11853,d12_1169122ce7bb98:0:5000
D12_STRICT_0000073,task1,train,451,HNU11026,d12_1169122ce7bb98,TASK1_5ab1e8da6cb5d9_W001,1,5000,10000,-111.742157|-38.5521088|35.4818382|74.8542099|-45.001915|11.3556499|-233.352325|-189.445831|-420.135559|-278.374329|-823.589966|-742.11853,d12_1169122ce7bb98:5000:10000
D12_STRICT_0000074,task1,train,452,HNU11026,d12_1169122ce7bb98,TASK1_5ab1e8da6cb5d9_W002,2,10000,15000,-111.742157|-38.5521088|35.4818382|74.8542099|-45.001915|11.3556499|-233.352325|-189.445831|-420.135559|-278.374329|-823.589966|-742.11853,d12_1169122ce7bb98:10000:15000
D12_STRICT_0000075,task1,train,453,HNU11026,d12_1169122ce7bb98,TASK1_5ab1e8da6cb5d9_W003,3,15000,20000,-111.742157|-38.5521088|35.4818382|74.8542099|-45.001915|11.3556499|-233.352325|-189.445831|-420.135559|-278.374329|-823.589966|-742.11853,d12_1169122ce7bb98:15000:20000
D12_STRICT_0000076,task1,train,454,HNU11026,d12_1169122ce7bb98,TASK1_5ab1e8da6cb5d9_W004,4,20000,25000,-111.742157|-38.5521088|35.4818382|74.8542099|-45.001915|11.3556499|-233.352325|-189.445831|-420.135559|-278.374329|-823.589966|-742.11853,d12_1169122ce7bb98:20000:25000
D12_STRICT_0000077,task1,train,455,HNU11026,d12_1169122ce7bb98,TASK1_5ab1e8da6cb5d9_W005,5,25000,30000,-111.742157|-38.5521088|35.4818382|74.8542099|-45.001915|11.3556499|-233.352325|-189.445831|-420.135559|-278.374329|-823.589966|-742.11853,d12_1169122ce7bb98:25000:30000
D12_STRICT_0000078,task1,train,456,HNU11026,d12_1169122ce7bb98,TASK1_5ab1e8da6cb5d9_W006,6,30000,35000,-111.742157|-38.5521088|35.4818382|74.8542099|-45.001915|11.3556499|-233.352325|-189.445831|-420.135559|-278.374329|-823.589966|-742.11853,d12_1169122ce7bb98:30000:35000
D12_STRICT_0000079,task1,train,457,HNU11026,d12_1169122ce7bb98,TASK1_5ab1e8da6cb5d9_W007,7,35000,40000,-111.742157|-38.5521088|35.4818382|74.8542099|-45.001915|11.3556499|-233.352325|-189.445831|-420.135559|-278.374329|-823.589966|-742.11853,d12_1169122ce7bb98:35000:40000
D12_STRICT_0000080,task1,train,458,HNU11026,d12_1169122ce7bb98,TASK1_5ab1e8da6cb5d9_W008,8,40000,45000,-111.742157|-38.5521088|35.4818382|74.8542099|-45.001915|11.3556499|-233.352325|-189.445831|-420.135559|-278.374329|-823.589966|-742.11853,d12_1169122ce7bb98:40000:45000
D12_STRICT_0000081,task1,train,459,HNU11026,d12_1169122ce7bb98,TASK1_5ab1e8da6cb5d9_W009,9,45000,50000,-111.742157|-38.5521088|35.4818382|74.8542099|-45.001915|11.3556499|-233.352325|-189.445831|-420.135559|-278.374329|-823.589966|-742.11853,d12_1169122ce7bb98:45000:50000
D12_STRICT_0000082,task1,train,460,HNU11026,d12_1169122ce7bb98,TASK1_5ab1e8da6cb5d9_W010,10,50000,55000,-111.742157|-38.5521088|35.4818382|74.8542099|-45.001915|11.3556499|-233.352325|-189.445831|-420.135559|-278.374329|-823.589966|-742.11853,d12_1169122ce7bb98:50000:55000
D12_STRICT_0000083,task2,train,251,HNU11026,d12_1169122ce7bb98,TASK2_8d3af9bc9c8d70_W011,11,55000,60000,,d12_1169122ce7bb98:55000:60000
D12_STRICT_0000084,task1,train,494,HNU11082,d12_12e9a19941df75,TASK1_f2273e77399fa5_W000,0,0,5000,-395.266174|-301.302429|122.012711|366.894379|-248.734222|-73.453476|-234.418488|-348.178406|-1084.55115|97.8653336|-568.967407|-779.062256,d12_12e9a19941df75:0:5000
D12_STRICT_0000085,task1,train,495,HNU11082,d12_12e9a19941df75,TASK1_f2273e77399fa5_W001,1,5000,10000,-395.266174|-301.302429|122.012711|366.894379|-248.734222|-73.453476|-234.418488|-348.178406|-1084.55115|97.8653336|-568.967407|-779.062256,d12_12e9a19941df75:5000:10000
D12_STRICT_0000086,task1,train,496,HNU11082,d12_12e9a19941df75,TASK1_f2273e77399fa5_W002,2,10000,15000,-395.266174|-301.302429|122.012711|366.894379|-248.734222|-73.453476|-234.418488|-348.178406|-1084.55115|97.8653336|-568.967407|-779.062256,d12_12e9a19941df75:10000:15000
D12_STRICT_0000087,task1,train,497,HNU11082,d12_12e9a19941df75,TASK1_f2273e77399fa5_W003,3,15000,20000,-395.266174|-301.302429|122.012711|366.894379|-248.734222|-73.453476|-234.418488|-348.178406|-1084.55115|97.8653336|-568.967407|-779.062256,d12_12e9a19941df75:15000:20000
D12_STRICT_0000088,task1,train,498,HNU11082,d12_12e9a19941df75,TASK1_f2273e77399fa5_W004,4,20000,25000,-395.266174|-301.302429|122.012711|366.894379|-248.734222|-73.453476|-234.418488|-348.178406|-1084.55115|97.8653336|-568.967407|-779.062256,d12_12e9a19941df75:20000:25000
D12_STRICT_0000089,task1,train,499,HNU11082,d12_12e9a19941df75,TASK1_f2273e77399fa5_W005,5,25000,30000,-395.266174|-301.302429|122.012711|366.894379|-248.734222|-73.453476|-234.418488|-348.178406|-1084.55115|97.8653336|-568.967407|-779.062256,d12_12e9a19941df75:25000:30000
D12_STRICT_0000090,task1,train,500,HNU11082,d12_12e9a19941df75,TASK1_f2273e77399fa5_W006,6,30000,35000,-395.266174|-301.302429|122.012711|366.894379|-248.734222|-73.453476|-234.418488|-348.178406|-1084.55115|97.8653336|-568.967407|-779.062256,d12_12e9a19941df75:30000:35000
D12_STRICT_0000091,task1,train,501,HNU11082,d12_12e9a19941df75,TASK1_f2273e77399fa5_W007,7,35000,40000,-395.266174|-301.302429|122.012711|366.894379|-248.734222|-73.453476|-234.418488|-348.178406|-1084.55115|97.8653336|-568.967407|-779.062256,d12_12e9a19941df75:35000:40000
D12_STRICT_0000092,task1,train,502,HNU11082,d12_12e9a19941df75,TASK1_f2273e77399fa5_W008,8,40000,45000,-395.266174|-301.302429|122.012711|366.894379|-248.734222|-73.453476|-234.418488|-348.178406|-1084.55115|97.8653336|-568.967407|-779.062256,d12_12e9a19941df75:40000:45000
D12_STRICT_0000093,task1,train,503,HNU11082,d12_12e9a19941df75,TASK1_f2273e77399fa5_W009,9,45000,50000,-395.266174|-301.302429|122.012711|366.894379|-248.734222|-73.453476|-234.418488|-348.178406|-1084.55115|97.8653336|-568.967407|-779.062256,d12_12e9a19941df75:45000:50000
D12_STRICT_0000094,task1,train,504,HNU11082,d12_12e9a19941df75,TASK1_f2273e77399fa5_W010,10,50000,55000,-395.266174|-301.302429|122.012711|366.894379|-248.734222|-73.453476|-234.418488|-348.178406|-1084.55115|97.8653336|-568.967407|-779.062256,d12_12e9a19941df75:50000:55000
D12_STRICT_0000095,task2,train,755,HNU11082,d12_12e9a19941df75,TASK2_fa28e803ece46c_W011,11,55000,60000,,d12_12e9a19941df75:55000:60000
D12_STRICT_0000096,task2,train,756,HNU11082,d12_12e9a19941df75,TASK2_fa28e803ece46c_W012,12,60000,65000,,d12_12e9a19941df75:60000:65000
D12_STRICT_0000097,task1,train,835,HNU11087,d12_145af1ec7842b7,TASK1_f24cb1a8c5b232_W000,0,0,5000,-66.4731522|82.2350006|156.246826|-4.6177702|-101.944771|119.24382|-421.543243|125.295212|-1636.47693|8.87944508|-1355.78345|-1012.1554,d12_145af1ec7842b7:0:5000
D12_STRICT_0000098,task1,train,836,HNU11087,d12_145af1ec7842b7,TASK1_f24cb1a8c5b232_W001,1,5000,10000,-66.4731522|82.2350006|156.246826|-4.6177702|-101.944771|119.24382|-421.543243|125.295212|-1636.47693|8.87944508|-1355.78345|-1012.1554,d12_145af1ec7842b7:5000:10000
D12_STRICT_0000099,task1,train,837,HNU11087,d12_145af1ec7842b7,TASK1_f24cb1a8c5b232_W002,2,10000,15000,-66.4731522|82.2350006|156.246826|-4.6177702|-101.944771|119.24382|-421.543243|125.295212|-1636.47693|8.87944508|-1355.78345|-1012.1554,d12_145af1ec7842b7:10000:15000
D12_STRICT_0000100,task1,train,838,HNU11087,d12_145af1ec7842b7,TASK1_f24cb1a8c5b232_W003,3,15000,20000,-66.4731522|82.2350006|156.246826|-4.6177702|-101.944771|119.24382|-421.543243|125.295212|-1636.47693|8.87944508|-1355.78345|-1012.1554,d12_145af1ec7842b7:15000:20000
D12_STRICT_0000101,task1,train,839,HNU11087,d12_145af1ec7842b7,TASK1_f24cb1a8c5b232_W004,4,20000,25000,-66.4731522|82.2350006|156.246826|-4.6177702|-101.944771|119.24382|-421.543243|125.295212|-1636.47693|8.87944508|-1355.78345|-1012.1554,d12_145af1ec7842b7:20000:25000
D12_STRICT_0000102,task1,train,840,HNU11087,d12_145af1ec7842b7,TASK1_f24cb1a8c5b232_W005,5,25000,30000,-66.4731522|82.2350006|156.246826|-4.6177702|-101.944771|119.24382|-421.543243|125.295212|-1636.47693|8.87944508|-1355.78345|-1012.1554,d12_145af1ec7842b7:25000:30000
D12_STRICT_0000103,task1,train,841,HNU11087,d12_145af1ec7842b7,TASK1_f24cb1a8c5b232_W006,6,30000,35000,-66.4731522|82.2350006|156.246826|-4.6177702|-101.944771|119.24382|-421.543243|125.295212|-1636.47693|8.87944508|-1355.78345|-1012.1554,d12_145af1ec7842b7:30000:35000
D12_STRICT_0000104,task1,train,842,HNU11087,d12_145af1ec7842b7,TASK1_f24cb1a8c5b232_W007,7,35000,40000,-66.4731522|82.2350006|156.246826|-4.6177702|-101.944771|119.24382|-421.543243|125.295212|-1636.47693|8.87944508|-1355.78345|-1012.1554,d12_145af1ec7842b7:35000:40000
D12_STRICT_0000105,task1,train,843,HNU11087,d12_145af1ec7842b7,TASK1_f24cb1a8c5b232_W008,8,40000,45000,-66.4731522|82.2350006|156.246826|-4.6177702|-101.944771|119.24382|-421.543243|125.295212|-1636.47693|8.87944508|-1355.78345|-1012.1554,d12_145af1ec7842b7:40000:45000
D12_STRICT_0000106,task1,train,844,HNU11087,d12_145af1ec7842b7,TASK1_f24cb1a8c5b232_W009,9,45000,50000,-66.4731522|82.2350006|156.246826|-4.6177702|-101.944771|119.24382|-421.543243|125.295212|-1636.47693|8.87944508|-1355.78345|-1012.1554,d12_145af1ec7842b7:45000:50000
D12_STRICT_0000107,task1,train,845,HNU11087,d12_145af1ec7842b7,TASK1_f24cb1a8c5b232_W010,10,50000,55000,-66.4731522|82.2350006|156.246826|-4.6177702|-101.944771|119.24382|-421.543243|125.295212|-1636.47693|8.87944508|-1355.78345|-1012.1554,d12_145af1ec7842b7:50000:55000
D12_STRICT_0000108,task2,train,804,HNU11087,d12_145af1ec7842b7,TASK2_b6449161ec4dbf_W011,11,55000,60000,,d12_145af1ec7842b7:55000:60000
D12_STRICT_0000109,task1,train,593,HNU11091,d12_14e679ac6083ad,TASK1_1a71fd6435fc32_W000,0,0,5000,39.5330658|135.456009|80.509491|-86.483963|-18.9239483|105.169754|-595.5448|435.022095|-656.260864|-147.848297|-728.742126|-753.351318,d12_14e679ac6083ad:0:5000
D12_STRICT_0000110,task1,train,594,HNU11091,d12_14e679ac6083ad,TASK1_1a71fd6435fc32_W001,1,5000,10000,39.5330658|135.456009|80.509491|-86.483963|-18.9239483|105.169754|-595.5448|435.022095|-656.260864|-147.848297|-728.742126|-753.351318,d12_14e679ac6083ad:5000:10000
D12_STRICT_0000111,task1,train,595,HNU11091,d12_14e679ac6083ad,TASK1_1a71fd6435fc32_W002,2,10000,15000,39.5330658|135.456009|80.509491|-86.483963|-18.9239483|105.169754|-595.5448|435.022095|-656.260864|-147.848297|-728.742126|-753.351318,d12_14e679ac6083ad:10000:15000
D12_STRICT_0000112,task1,train,596,HNU11091,d12_14e679ac6083ad,TASK1_1a71fd6435fc32_W003,3,15000,20000,39.5330658|135.456009|80.509491|-86.483963|-18.9239483|105.169754|-595.5448|435.022095|-656.260864|-147.848297|-728.742126|-753.351318,d12_14e679ac6083ad:15000:20000
D12_STRICT_0000113,task1,train,597,HNU11091,d12_14e679ac6083ad,TASK1_1a71fd6435fc32_W004,4,20000,25000,39.5330658|135.456009|80.509491|-86.483963|-18.9239483|105.169754|-595.5448|435.022095|-656.260864|-147.848297|-728.742126|-753.351318,d12_14e679ac6083ad:20000:25000
D12_STRICT_0000114,task1,train,598,HNU11091,d12_14e679ac6083ad,TASK1_1a71fd6435fc32_W005,5,25000,30000,39.5330658|135.456009|80.509491|-86.483963|-18.9239483|105.169754|-595.5448|435.022095|-656.260864|-147.848297|-728.742126|-753.351318,d12_14e679ac6083ad:25000:30000
D12_STRICT_0000115,task1,train,599,HNU11091,d12_14e679ac6083ad,TASK1_1a71fd6435fc32_W006,6,30000,35000,39.5330658|135.456009|80.509491|-86.483963|-18.9239483|105.169754|-595.5448|435.022095|-656.260864|-147.848297|-728.742126|-753.351318,d12_14e679ac6083ad:30000:35000
D12_STRICT_0000116,task1,train,600,HNU11091,d12_14e679ac6083ad,TASK1_1a71fd6435fc32_W007,7,35000,40000,39.5330658|135.456009|80.509491|-86.483963|-18.9239483|105.169754|-595.5448|435.022095|-656.260864|-147.848297|-728.742126|-753.351318,d12_14e679ac6083ad:35000:40000
D12_STRICT_0000117,task1,train,601,HNU11091,d12_14e679ac6083ad,TASK1_1a71fd6435fc32_W008,8,40000,45000,39.5330658|135.456009|80.509491|-86.483963|-18.9239483|105.169754|-595.5448|435.022095|-656.260864|-147.848297|-728.742126|-753.351318,d12_14e679ac6083ad:40000:45000
D12_STRICT_0000118,task1,train,602,HNU11091,d12_14e679ac6083ad,TASK1_1a71fd6435fc32_W009,9,45000,50000,39.5330658|135.456009|80.509491|-86.483963|-18.9239483|105.169754|-595.5448|435.022095|-656.260864|-147.848297|-728.742126|-753.351318,d12_14e679ac6083ad:45000:50000
D12_STRICT_0000119,task1,train,603,HNU11091,d12_14e679ac6083ad,TASK1_1a71fd6435fc32_W010,10,50000,55000,39.5330658|135.456009|80.509491|-86.483963|-18.9239483|105.169754|-595.5448|435.022095|-656.260864|-147.848297|-728.742126|-753.351318,d12_14e679ac6083ad:50000:55000
D12_STRICT_0000120,task2,train,852,HNU11091,d12_14e679ac6083ad,TASK2_a6d9b7cfc74047_W011,11,55000,60000,,d12_14e679ac6083ad:55000:60000
D12_STRICT_0000121,task1,train,208,HNU11074,d12_159efea54a4622,TASK1_bbefcada23b54a_W000,0,0,5000,-111.887527|-93.7249756|26.0708447|108.907623|-57.6278763|-24.6074734|-185.798553|-185.829376|-454.193451|-331.6008|-721.734497|-877.065796,d12_159efea54a4622:0:5000
D12_STRICT_0000122,task1,train,209,HNU11074,d12_159efea54a4622,TASK1_bbefcada23b54a_W001,1,5000,10000,-111.887527|-93.7249756|26.0708447|108.907623|-57.6278763|-24.6074734|-185.798553|-185.829376|-454.193451|-331.6008|-721.734497|-877.065796,d12_159efea54a4622:5000:10000
D12_STRICT_0000123,task1,train,210,HNU11074,d12_159efea54a4622,TASK1_bbefcada23b54a_W002,2,10000,15000,-111.887527|-93.7249756|26.0708447|108.907623|-57.6278763|-24.6074734|-185.798553|-185.829376|-454.193451|-331.6008|-721.734497|-877.065796,d12_159efea54a4622:10000:15000
D12_STRICT_0000124,task1,train,211,HNU11074,d12_159efea54a4622,TASK1_bbefcada23b54a_W003,3,15000,20000,-111.887527|-93.7249756|26.0708447|108.907623|-57.6278763|-24.6074734|-185.798553|-185.829376|-454.193451|-331.6008|-721.734497|-877.065796,d12_159efea54a4622:15000:20000
D12_STRICT_0000125,task1,train,212,HNU11074,d12_159efea54a4622,TASK1_bbefcada23b54a_W004,4,20000,25000,-111.887527|-93.7249756|26.0708447|108.907623|-57.6278763|-24.6074734|-185.798553|-185.829376|-454.193451|-331.6008|-721.734497|-877.065796,d12_159efea54a4622:20000:25000
D12_STRICT_0000126,task1,train,213,HNU11074,d12_159efea54a4622,TASK1_bbefcada23b54a_W005,5,25000,30000,-111.887527|-93.7249756|26.0708447|108.907623|-57.6278763|-24.6074734|-185.798553|-185.829376|-454.193451|-331.6008|-721.734497|-877.065796,d12_159efea54a4622:25000:30000
D12_STRICT_0000127,task1,train,214,HNU11074,d12_159efea54a4622,TASK1_bbefcada23b54a_W006,6,30000,35000,-111.887527|-93.7249756|26.0708447|108.907623|-57.6278763|-24.6074734|-185.798553|-185.829376|-454.193451|-331.6008|-721.734497|-877.065796,d12_159efea54a4622:30000:35000
D12_STRICT_0000128,task1,train,215,HNU11074,d12_159efea54a4622,TASK1_bbefcada23b54a_W007,7,35000,40000,-111.887527|-93.7249756|26.0708447|108.907623|-57.6278763|-24.6074734|-185.798553|-185.829376|-454.193451|-331.6008|-721.734497|-877.065796,d12_159efea54a4622:35000:40000
D12_STRICT_0000129,task1,train,216,HNU11074,d12_159efea54a4622,TASK1_bbefcada23b54a_W008,8,40000,45000,-111.887527|-93.7249756|26.0708447|108.907623|-57.6278763|-24.6074734|-185.798553|-185.829376|-454.193451|-331.6008|-721.734497|-877.065796,d12_159efea54a4622:40000:45000
D12_STRICT_0000130,task1,train,217,HNU11074,d12_159efea54a4622,TASK1_bbefcada23b54a_W009,9,45000,50000,-111.887527|-93.7249756|26.0708447|108.907623|-57.6278763|-24.6074734|-185.798553|-185.829376|-454.193451|-331.6008|-721.734497|-877.065796,d12_159efea54a4622:45000:50000
D12_STRICT_0000131,task1,train,218,HNU11074,d12_159efea54a4622,TASK1_bbefcada23b54a_W010,10,50000,55000,-111.887527|-93.7249756|26.0708447|108.907623|-57.6278763|-24.6074734|-185.798553|-185.829376|-454.193451|-331.6008|-721.734497|-877.065796,d12_159efea54a4622:50000:55000
D12_STRICT_0000132,task2,train,683,HNU11074,d12_159efea54a4622,TASK2_3035f2223c2f81_W011,11,55000,60000,,d12_159efea54a4622:55000:60000
D12_STRICT_0000133,task1,train,87,HNU11072,d12_197ccfbd7661de,TASK1_f2146396a405ea_W000,0,0,5000,-148.804749|-72.9093781|65.4342575|113.448196|-103.478264|0.938133478|-32.732357|33.95327|-242.957596|199.217361|-13.1186085|-343.932281,d12_197ccfbd7661de:0:5000
D12_STRICT_0000134,task1,train,88,HNU11072,d12_197ccfbd7661de,TASK1_f2146396a405ea_W001,1,5000,10000,-148.804749|-72.9093781|65.4342575|113.448196|-103.478264|0.938133478|-32.732357|33.95327|-242.957596|199.217361|-13.1186085|-343.932281,d12_197ccfbd7661de:5000:10000
D12_STRICT_0000135,task1,train,89,HNU11072,d12_197ccfbd7661de,TASK1_f2146396a405ea_W002,2,10000,15000,-148.804749|-72.9093781|65.4342575|113.448196|-103.478264|0.938133478|-32.732357|33.95327|-242.957596|199.217361|-13.1186085|-343.932281,d12_197ccfbd7661de:10000:15000
D12_STRICT_0000136,task1,train,90,HNU11072,d12_197ccfbd7661de,TASK1_f2146396a405ea_W003,3,15000,20000,-148.804749|-72.9093781|65.4342575|113.448196|-103.478264|0.938133478|-32.732357|33.95327|-242.957596|199.217361|-13.1186085|-343.932281,d12_197ccfbd7661de:15000:20000
D12_STRICT_0000137,task1,train,91,HNU11072,d12_197ccfbd7661de,TASK1_f2146396a405ea_W004,4,20000,25000,-148.804749|-72.9093781|65.4342575|113.448196|-103.478264|0.938133478|-32.732357|33.95327|-242.957596|199.217361|-13.1186085|-343.932281,d12_197ccfbd7661de:20000:25000
D12_STRICT_0000138,task1,train,92,HNU11072,d12_197ccfbd7661de,TASK1_f2146396a405ea_W005,5,25000,30000,-148.804749|-72.9093781|65.4342575|113.448196|-103.478264|0.938133478|-32.732357|33.95327|-242.957596|199.217361|-13.1186085|-343.932281,d12_197ccfbd7661de:25000:30000
D12_STRICT_0000139,task1,train,93,HNU11072,d12_197ccfbd7661de,TASK1_f2146396a405ea_W006,6,30000,35000,-148.804749|-72.9093781|65.4342575|113.448196|-103.478264|0.938133478|-32.732357|33.95327|-242.957596|199.217361|-13.1186085|-343.932281,d12_197ccfbd7661de:30000:35000
D12_STRICT_0000140,task1,train,94,HNU11072,d12_197ccfbd7661de,TASK1_f2146396a405ea_W007,7,35000,40000,-148.804749|-72.9093781|65.4342575|113.448196|-103.478264|0.938133478|-32.732357|33.95327|-242.957596|199.217361|-13.1186085|-343.932281,d12_197ccfbd7661de:35000:40000
D12_STRICT_0000141,task1,train,95,HNU11072,d12_197ccfbd7661de,TASK1_f2146396a405ea_W008,8,40000,45000,-148.804749|-72.9093781|65.4342575|113.448196|-103.478264|0.938133478|-32.732357|33.95327|-242.957596|199.217361|-13.1186085|-343.932281,d12_197ccfbd7661de:40000:45000
D12_STRICT_0000142,task1,train,96,HNU11072,d12_197ccfbd7661de,TASK1_f2146396a405ea_W009,9,45000,50000,-148.804749|-72.9093781|65.4342575|113.448196|-103.478264|0.938133478|-32.732357|33.95327|-242.957596|199.217361|-13.1186085|-343.932281,d12_197ccfbd7661de:45000:50000
D12_STRICT_0000143,task1,train,97,HNU11072,d12_197ccfbd7661de,TASK1_f2146396a405ea_W010,10,50000,55000,-148.804749|-72.9093781|65.4342575|113.448196|-103.478264|0.938133478|-32.732357|33.95327|-242.957596|199.217361|-13.1186085|-343.932281,d12_197ccfbd7661de:50000:55000
D12_STRICT_0000144,task2,train,647,HNU11072,d12_197ccfbd7661de,TASK2_53888e28b7d62c_W011,11,55000,60000,,d12_197ccfbd7661de:55000:60000
D12_STRICT_0000145,task1,train,241,HNU11059,d12_1c235c205c25c5,TASK1_67ffd2a8522f53_W000,0,0,5000,31.6110573|30.3859406|1.42944217|-31.0928192|19.3641434|15.2365837|-315.110443|-156.134811|-1749.85193|-131.483765|-343.468475|-101.448669,d12_1c235c205c25c5:0:5000
D12_STRICT_0000146,task1,train,242,HNU11059,d12_1c235c205c25c5,TASK1_67ffd2a8522f53_W001,1,5000,10000,31.6110573|30.3859406|1.42944217|-31.0928192|19.3641434|15.2365837|-315.110443|-156.134811|-1749.85193|-131.483765|-343.468475|-101.448669,d12_1c235c205c25c5:5000:10000
D12_STRICT_0000147,task1,train,243,HNU11059,d12_1c235c205c25c5,TASK1_67ffd2a8522f53_W002,2,10000,15000,31.6110573|30.3859406|1.42944217|-31.0928192|19.3641434|15.2365837|-315.110443|-156.134811|-1749.85193|-131.483765|-343.468475|-101.448669,d12_1c235c205c25c5:10000:15000
D12_STRICT_0000148,task1,train,244,HNU11059,d12_1c235c205c25c5,TASK1_67ffd2a8522f53_W003,3,15000,20000,31.6110573|30.3859406|1.42944217|-31.0928192|19.3641434|15.2365837|-315.110443|-156.134811|-1749.85193|-131.483765|-343.468475|-101.448669,d12_1c235c205c25c5:15000:20000
D12_STRICT_0000149,task1,train,245,HNU11059,d12_1c235c205c25c5,TASK1_67ffd2a8522f53_W004,4,20000,25000,31.6110573|30.3859406|1.42944217|-31.0928192|19.3641434|15.2365837|-315.110443|-156.134811|-1749.85193|-131.483765|-343.468475|-101.448669,d12_1c235c205c25c5:20000:25000
D12_STRICT_0000150,task1,train,246,HNU11059,d12_1c235c205c25c5,TASK1_67ffd2a8522f53_W005,5,25000,30000,31.6110573|30.3859406|1.42944217|-31.0928192|19.3641434|15.2365837|-315.110443|-156.134811|-1749.85193|-131.483765|-343.468475|-101.448669,d12_1c235c205c25c5:25000:30000
D12_STRICT_0000151,task1,train,247,HNU11059,d12_1c235c205c25c5,TASK1_67ffd2a8522f53_W006,6,30000,35000,31.6110573|30.3859406|1.42944217|-31.0928192|19.3641434|15.2365837|-315.110443|-156.134811|-1749.85193|-131.483765|-343.468475|-101.448669,d12_1c235c205c25c5:30000:35000
D12_STRICT_0000152,task1,train,248,HNU11059,d12_1c235c205c25c5,TASK1_67ffd2a8522f53_W007,7,35000,40000,31.6110573|30.3859406|1.42944217|-31.0928192|19.3641434|15.2365837|-315.110443|-156.134811|-1749.85193|-131.483765|-343.468475|-101.448669,d12_1c235c205c25c5:35000:40000
D12_STRICT_0000153,task1,train,249,HNU11059,d12_1c235c205c25c5,TASK1_67ffd2a8522f53_W008,8,40000,45000,31.6110573|30.3859406|1.42944217|-31.0928192|19.3641434|15.2365837|-315.110443|-156.134811|-1749.85193|-131.483765|-343.468475|-101.448669,d12_1c235c205c25c5:40000:45000
D12_STRICT_0000154,task1,train,250,HNU11059,d12_1c235c205c25c5,TASK1_67ffd2a8522f53_W009,9,45000,50000,31.6110573|30.3859406|1.42944217|-31.0928192|19.3641434|15.2365837|-315.110443|-156.134811|-1749.85193|-131.483765|-343.468475|-101.448669,d12_1c235c205c25c5:45000:50000
D12_STRICT_0000155,task1,train,251,HNU11059,d12_1c235c205c25c5,TASK1_67ffd2a8522f53_W010,10,50000,55000,31.6110573|30.3859406|1.42944217|-31.0928192|19.3641434|15.2365837|-315.110443|-156.134811|-1749.85193|-131.483765|-343.468475|-101.448669,d12_1c235c205c25c5:50000:55000
D12_STRICT_0000156,task2,train,563,HNU11059,d12_1c235c205c25c5,TASK2_f80af8f5ea44f6_W011,11,55000,60000,,d12_1c235c205c25c5:55000:60000
D12_STRICT_0000157,task1,train,153,HNU11005,d12_1e5211198ea573,TASK1_42854fb9143a7c_W000,0,0,5000,61.6353035|151.875916|79.9056244|-108.100098|-1.51406455|118.458542|-4.95497131|230.392914|-258.136749|133.139557|-16.2789764|164.318359,d12_1e5211198ea573:0:5000
D12_STRICT_0000158,task1,train,154,HNU11005,d12_1e5211198ea573,TASK1_42854fb9143a7c_W001,1,5000,10000,61.6353035|151.875916|79.9056244|-108.100098|-1.51406455|118.458542|-4.95497131|230.392914|-258.136749|133.139557|-16.2789764|164.318359,d12_1e5211198ea573:5000:10000
D12_STRICT_0000159,task1,train,155,HNU11005,d12_1e5211198ea573,TASK1_42854fb9143a7c_W002,2,10000,15000,61.6353035|151.875916|79.9056244|-108.100098|-1.51406455|118.458542|-4.95497131|230.392914|-258.136749|133.139557|-16.2789764|164.318359,d12_1e5211198ea573:10000:15000
D12_STRICT_0000160,task1,train,156,HNU11005,d12_1e5211198ea573,TASK1_42854fb9143a7c_W003,3,15000,20000,61.6353035|151.875916|79.9056244|-108.100098|-1.51406455|118.458542|-4.95497131|230.392914|-258.136749|133.139557|-16.2789764|164.318359,d12_1e5211198ea573:15000:20000
D12_STRICT_0000161,task1,train,157,HNU11005,d12_1e5211198ea573,TASK1_42854fb9143a7c_W004,4,20000,25000,61.6353035|151.875916|79.9056244|-108.100098|-1.51406455|118.458542|-4.95497131|230.392914|-258.136749|133.139557|-16.2789764|164.318359,d12_1e5211198ea573:20000:25000
D12_STRICT_0000162,task1,train,158,HNU11005,d12_1e5211198ea573,TASK1_42854fb9143a7c_W005,5,25000,30000,61.6353035|151.875916|79.9056244|-108.100098|-1.51406455|118.458542|-4.95497131|230.392914|-258.136749|133.139557|-16.2789764|164.318359,d12_1e5211198ea573:25000:30000
D12_STRICT_0000163,task1,train,159,HNU11005,d12_1e5211198ea573,TASK1_42854fb9143a7c_W006,6,30000,35000,61.6353035|151.875916|79.9056244|-108.100098|-1.51406455|118.458542|-4.95497131|230.392914|-258.136749|133.139557|-16.2789764|164.318359,d12_1e5211198ea573:30000:35000
D12_STRICT_0000164,task1,train,160,HNU11005,d12_1e5211198ea573,TASK1_42854fb9143a7c_W007,7,35000,40000,61.6353035|151.875916|79.9056244|-108.100098|-1.51406455|118.458542|-4.95497131|230.392914|-258.136749|133.139557|-16.2789764|164.318359,d12_1e5211198ea573:35000:40000
D12_STRICT_0000165,task1,train,161,HNU11005,d12_1e5211198ea573,TASK1_42854fb9143a7c_W008,8,40000,45000,61.6353035|151.875916|79.9056244|-108.100098|-1.51406455|118.458542|-4.95497131|230.392914|-258.136749|133.139557|-16.2789764|164.318359,d12_1e5211198ea573:40000:45000
D12_STRICT_0000166,task1,train,162,HNU11005,d12_1e5211198ea573,TASK1_42854fb9143a7c_W009,9,45000,50000,61.6353035|151.875916|79.9056244|-108.100098|-1.51406455|118.458542|-4.95497131|230.392914|-258.136749|133.139557|-16.2789764|164.318359,d12_1e5211198ea573:45000:50000
D12_STRICT_0000167,task1,train,163,HNU11005,d12_1e5211198ea573,TASK1_42854fb9143a7c_W010,10,50000,55000,61.6353035|151.875916|79.9056244|-108.100098|-1.51406455|118.458542|-4.95497131|230.392914|-258.136749|133.139557|-16.2789764|164.318359,d12_1e5211198ea573:50000:55000
D12_STRICT_0000168,task2,train,47,HNU11005,d12_1e5211198ea573,TASK2_978ca8c0f2f70e_W011,11,55000,60000,,d12_1e5211198ea573:55000:60000
D12_STRICT_0000169,task1,train,340,HNU11088,d12_1eab62c2755b0d,TASK1_26568ba48bb523_W000,0,0,5000,81.7781372|-116.581573|-198.206146|17.8331699|138.235687|-155.490265|-245.829926|26.6223831|-305.984924|132.300079|-154.81189|-597.41095,d12_1eab62c2755b0d:0:5000
D12_STRICT_0000170,task1,train,341,HNU11088,d12_1eab62c2755b0d,TASK1_26568ba48bb523_W001,1,5000,10000,81.7781372|-116.581573|-198.206146|17.8331699|138.235687|-155.490265|-245.829926|26.6223831|-305.984924|132.300079|-154.81189|-597.41095,d12_1eab62c2755b0d:5000:10000
D12_STRICT_0000171,task1,train,342,HNU11088,d12_1eab62c2755b0d,TASK1_26568ba48bb523_W002,2,10000,15000,81.7781372|-116.581573|-198.206146|17.8331699|138.235687|-155.490265|-245.829926|26.6223831|-305.984924|132.300079|-154.81189|-597.41095,d12_1eab62c2755b0d:10000:15000
D12_STRICT_0000172,task1,train,343,HNU11088,d12_1eab62c2755b0d,TASK1_26568ba48bb523_W003,3,15000,20000,81.7781372|-116.581573|-198.206146|17.8331699|138.235687|-155.490265|-245.829926|26.6223831|-305.984924|132.300079|-154.81189|-597.41095,d12_1eab62c2755b0d:15000:20000
D12_STRICT_0000173,task1,train,344,HNU11088,d12_1eab62c2755b0d,TASK1_26568ba48bb523_W004,4,20000,25000,81.7781372|-116.581573|-198.206146|17.8331699|138.235687|-155.490265|-245.829926|26.6223831|-305.984924|132.300079|-154.81189|-597.41095,d12_1eab62c2755b0d:20000:25000
D12_STRICT_0000174,task1,train,345,HNU11088,d12_1eab62c2755b0d,TASK1_26568ba48bb523_W005,5,25000,30000,81.7781372|-116.581573|-198.206146|17.8331699|138.235687|-155.490265|-245.829926|26.6223831|-305.984924|132.300079|-154.81189|-597.41095,d12_1eab62c2755b0d:25000:30000
D12_STRICT_0000175,task1,train,346,HNU11088,d12_1eab62c2755b0d,TASK1_26568ba48bb523_W006,6,30000,35000,81.7781372|-116.581573|-198.206146|17.8331699|138.235687|-155.490265|-245.829926|26.6223831|-305.984924|132.300079|-154.81189|-597.41095,d12_1eab62c2755b0d:30000:35000
D12_STRICT_0000176,task1,train,347,HNU11088,d12_1eab62c2755b0d,TASK1_26568ba48bb523_W007,7,35000,40000,81.7781372|-116.581573|-198.206146|17.8331699|138.235687|-155.490265|-245.829926|26.6223831|-305.984924|132.300079|-154.81189|-597.41095,d12_1eab62c2755b0d:35000:40000
D12_STRICT_0000177,task1,train,348,HNU11088,d12_1eab62c2755b0d,TASK1_26568ba48bb523_W008,8,40000,45000,81.7781372|-116.581573|-198.206146|17.8331699|138.235687|-155.490265|-245.829926|26.6223831|-305.984924|132.300079|-154.81189|-597.41095,d12_1eab62c2755b0d:40000:45000
D12_STRICT_0000178,task1,train,349,HNU11088,d12_1eab62c2755b0d,TASK1_26568ba48bb523_W009,9,45000,50000,81.7781372|-116.581573|-198.206146|17.8331699|138.235687|-155.490265|-245.829926|26.6223831|-305.984924|132.300079|-154.81189|-597.41095,d12_1eab62c2755b0d:45000:50000
D12_STRICT_0000179,task1,train,350,HNU11088,d12_1eab62c2755b0d,TASK1_26568ba48bb523_W010,10,50000,55000,81.7781372|-116.581573|-198.206146|17.8331699|138.235687|-155.490265|-245.829926|26.6223831|-305.984924|132.300079|-154.81189|-597.41095,d12_1eab62c2755b0d:50000:55000
D12_STRICT_0000180,task2,train,816,HNU11088,d12_1eab62c2755b0d,TASK2_8006e5e9b51761_W011,11,55000,60000,,d12_1eab62c2755b0d:55000:60000
D12_STRICT_0000181,task1,train,428,HNU11101,d12_1ec9cee338b2b9,TASK1_09adb4005b9381_W000,0,0,5000,-128.418259|67.0278015|184.538162|33.8414459|-150.526733|132.208206|-1631.04382|-165.255157|-1483.67419|-2209.83032|-154.950119|-1742.40381,d12_1ec9cee338b2b9:0:5000
D12_STRICT_0000182,task1,train,429,HNU11101,d12_1ec9cee338b2b9,TASK1_09adb4005b9381_W001,1,5000,10000,-128.418259|67.0278015|184.538162|33.8414459|-150.526733|132.208206|-1631.04382|-165.255157|-1483.67419|-2209.83032|-154.950119|-1742.40381,d12_1ec9cee338b2b9:5000:10000
D12_STRICT_0000183,task1,train,430,HNU11101,d12_1ec9cee338b2b9,TASK1_09adb4005b9381_W002,2,10000,15000,-128.418259|67.0278015|184.538162|33.8414459|-150.526733|132.208206|-1631.04382|-165.255157|-1483.67419|-2209.83032|-154.950119|-1742.40381,d12_1ec9cee338b2b9:10000:15000
D12_STRICT_0000184,task1,train,431,HNU11101,d12_1ec9cee338b2b9,TASK1_09adb4005b9381_W003,3,15000,20000,-128.418259|67.0278015|184.538162|33.8414459|-150.526733|132.208206|-1631.04382|-165.255157|-1483.67419|-2209.83032|-154.950119|-1742.40381,d12_1ec9cee338b2b9:15000:20000
D12_STRICT_0000185,task1,train,432,HNU11101,d12_1ec9cee338b2b9,TASK1_09adb4005b9381_W004,4,20000,25000,-128.418259|67.0278015|184.538162|33.8414459|-150.526733|132.208206|-1631.04382|-165.255157|-1483.67419|-2209.83032|-154.950119|-1742.40381,d12_1ec9cee338b2b9:20000:25000
D12_STRICT_0000186,task1,train,433,HNU11101,d12_1ec9cee338b2b9,TASK1_09adb4005b9381_W005,5,25000,30000,-128.418259|67.0278015|184.538162|33.8414459|-150.526733|132.208206|-1631.04382|-165.255157|-1483.67419|-2209.83032|-154.950119|-1742.40381,d12_1ec9cee338b2b9:25000:30000
D12_STRICT_0000187,task1,train,434,HNU11101,d12_1ec9cee338b2b9,TASK1_09adb4005b9381_W006,6,30000,35000,-128.418259|67.0278015|184.538162|33.8414459|-150.526733|132.208206|-1631.04382|-165.255157|-1483.67419|-2209.83032|-154.950119|-1742.40381,d12_1ec9cee338b2b9:30000:35000
D12_STRICT_0000188,task1,train,435,HNU11101,d12_1ec9cee338b2b9,TASK1_09adb4005b9381_W007,7,35000,40000,-128.418259|67.0278015|184.538162|33.8414459|-150.526733|132.208206|-1631.04382|-165.255157|-1483.67419|-2209.83032|-154.950119|-1742.40381,d12_1ec9cee338b2b9:35000:40000
D12_STRICT_0000189,task1,train,436,HNU11101,d12_1ec9cee338b2b9,TASK1_09adb4005b9381_W008,8,40000,45000,-128.418259|67.0278015|184.538162|33.8414459|-150.526733|132.208206|-1631.04382|-165.255157|-1483.67419|-2209.83032|-154.950119|-1742.40381,d12_1ec9cee338b2b9:40000:45000
D12_STRICT_0000190,task1,train,437,HNU11101,d12_1ec9cee338b2b9,TASK1_09adb4005b9381_W009,9,45000,50000,-128.418259|67.0278015|184.538162|33.8414459|-150.526733|132.208206|-1631.04382|-165.255157|-1483.67419|-2209.83032|-154.950119|-1742.40381,d12_1ec9cee338b2b9:45000:50000
D12_STRICT_0000191,task1,train,438,HNU11101,d12_1ec9cee338b2b9,TASK1_09adb4005b9381_W010,10,50000,55000,-128.418259|67.0278015|184.538162|33.8414459|-150.526733|132.208206|-1631.04382|-165.255157|-1483.67419|-2209.83032|-154.950119|-1742.40381,d12_1ec9cee338b2b9:50000:55000
D12_STRICT_0000192,task2,train,960,HNU11101,d12_1ec9cee338b2b9,TASK2_f23a99b5196e41_W011,11,55000,60000,,d12_1ec9cee338b2b9:55000:60000
D12_STRICT_0000193,task1,train,637,HNU11024,d12_1f73df7f634608,TASK1_118cce4bc3fc8d_W000,0,0,5000,-98.0278854|-169.584976|-56.3473358|142.828857|-9.9600668|-110.091118|-775.098755|-148.732254|-208.693878|33.0149536|-90.6800537|-223.373688,d12_1f73df7f634608:0:5000
D12_STRICT_0000194,task1,train,638,HNU11024,d12_1f73df7f634608,TASK1_118cce4bc3fc8d_W001,1,5000,10000,-98.0278854|-169.584976|-56.3473358|142.828857|-9.9600668|-110.091118|-775.098755|-148.732254|-208.693878|33.0149536|-90.6800537|-223.373688,d12_1f73df7f634608:5000:10000
D12_STRICT_0000195,task1,train,639,HNU11024,d12_1f73df7f634608,TASK1_118cce4bc3fc8d_W002,2,10000,15000,-98.0278854|-169.584976|-56.3473358|142.828857|-9.9600668|-110.091118|-775.098755|-148.732254|-208.693878|33.0149536|-90.6800537|-223.373688,d12_1f73df7f634608:10000:15000
D12_STRICT_0000196,task1,train,640,HNU11024,d12_1f73df7f634608,TASK1_118cce4bc3fc8d_W003,3,15000,20000,-98.0278854|-169.584976|-56.3473358|142.828857|-9.9600668|-110.091118|-775.098755|-148.732254|-208.693878|33.0149536|-90.6800537|-223.373688,d12_1f73df7f634608:15000:20000
D12_STRICT_0000197,task1,train,641,HNU11024,d12_1f73df7f634608,TASK1_118cce4bc3fc8d_W004,4,20000,25000,-98.0278854|-169.584976|-56.3473358|142.828857|-9.9600668|-110.091118|-775.098755|-148.732254|-208.693878|33.0149536|-90.6800537|-223.373688,d12_1f73df7f634608:20000:25000
D12_STRICT_0000198,task1,train,642,HNU11024,d12_1f73df7f634608,TASK1_118cce4bc3fc8d_W005,5,25000,30000,-98.0278854|-169.584976|-56.3473358|142.828857|-9.9600668|-110.091118|-775.098755|-148.732254|-208.693878|33.0149536|-90.6800537|-223.373688,d12_1f73df7f634608:25000:30000
D12_STRICT_0000199,task1,train,643,HNU11024,d12_1f73df7f634608,TASK1_118cce4bc3fc8d_W006,6,30000,35000,-98.0278854|-169.584976|-56.3473358|142.828857|-9.9600668|-110.091118|-775.098755|-148.732254|-208.693878|33.0149536|-90.6800537|-223.373688,d12_1f73df7f634608:30000:35000
D12_STRICT_0000200,task1,train,644,HNU11024,d12_1f73df7f634608,TASK1_118cce4bc3fc8d_W007,7,35000,40000,-98.0278854|-169.584976|-56.3473358|142.828857|-9.9600668|-110.091118|-775.098755|-148.732254|-208.693878|33.0149536|-90.6800537|-223.373688,d12_1f73df7f634608:35000:40000
D12_STRICT_0000201,task1,train,645,HNU11024,d12_1f73df7f634608,TASK1_118cce4bc3fc8d_W008,8,40000,45000,-98.0278854|-169.584976|-56.3473358|142.828857|-9.9600668|-110.091118|-775.098755|-148.732254|-208.693878|33.0149536|-90.6800537|-223.373688,d12_1f73df7f634608:40000:45000
D12_STRICT_0000202,task1,train,646,HNU11024,d12_1f73df7f634608,TASK1_118cce4bc3fc8d_W009,9,45000,50000,-98.0278854|-169.584976|-56.3473358|142.828857|-9.9600668|-110.091118|-775.098755|-148.732254|-208.693878|33.0149536|-90.6800537|-223.373688,d12_1f73df7f634608:45000:50000
D12_STRICT_0000203,task1,train,647,HNU11024,d12_1f73df7f634608,TASK1_118cce4bc3fc8d_W010,10,50000,55000,-98.0278854|-169.584976|-56.3473358|142.828857|-9.9600668|-110.091118|-775.098755|-148.732254|-208.693878|33.0149536|-90.6800537|-223.373688,d12_1f73df7f634608:50000:55000
D12_STRICT_0000204,task2,train,239,HNU11024,d12_1f73df7f634608,TASK2_2c074f6ea965c4_W011,11,55000,60000,,d12_1f73df7f634608:55000:60000
D12_STRICT_0000205,task1,train,527,HNU11064,d12_1fc3b9df64cfb4,TASK1_bbab40d45271fc_W000,0,0,5000,-14.3713188|-40.9617195|-24.1174564|30.1378479|-3.71489501|-33.6447525|-3.92111397|-66.196579|-3.40345263|-97.7875977|-50.9499702|6.99458981,d12_1fc3b9df64cfb4:0:5000
D12_STRICT_0000206,task1,train,528,HNU11064,d12_1fc3b9df64cfb4,TASK1_bbab40d45271fc_W001,1,5000,10000,-14.3713188|-40.9617195|-24.1174564|30.1378479|-3.71489501|-33.6447525|-3.92111397|-66.196579|-3.40345263|-97.7875977|-50.9499702|6.99458981,d12_1fc3b9df64cfb4:5000:10000
D12_STRICT_0000207,task1,train,529,HNU11064,d12_1fc3b9df64cfb4,TASK1_bbab40d45271fc_W002,2,10000,15000,-14.3713188|-40.9617195|-24.1174564|30.1378479|-3.71489501|-33.6447525|-3.92111397|-66.196579|-3.40345263|-97.7875977|-50.9499702|6.99458981,d12_1fc3b9df64cfb4:10000:15000
D12_STRICT_0000208,task1,train,530,HNU11064,d12_1fc3b9df64cfb4,TASK1_bbab40d45271fc_W003,3,15000,20000,-14.3713188|-40.9617195|-24.1174564|30.1378479|-3.71489501|-33.6447525|-3.92111397|-66.196579|-3.40345263|-97.7875977|-50.9499702|6.99458981,d12_1fc3b9df64cfb4:15000:20000
D12_STRICT_0000209,task1,train,531,HNU11064,d12_1fc3b9df64cfb4,TASK1_bbab40d45271fc_W004,4,20000,25000,-14.3713188|-40.9617195|-24.1174564|30.1378479|-3.71489501|-33.6447525|-3.92111397|-66.196579|-3.40345263|-97.7875977|-50.9499702|6.99458981,d12_1fc3b9df64cfb4:20000:25000
D12_STRICT_0000210,task1,train,532,HNU11064,d12_1fc3b9df64cfb4,TASK1_bbab40d45271fc_W005,5,25000,30000,-14.3713188|-40.9617195|-24.1174564|30.1378479|-3.71489501|-33.6447525|-3.92111397|-66.196579|-3.40345263|-97.7875977|-50.9499702|6.99458981,d12_1fc3b9df64cfb4:25000:30000
D12_STRICT_0000211,task1,train,533,HNU11064,d12_1fc3b9df64cfb4,TASK1_bbab40d45271fc_W006,6,30000,35000,-14.3713188|-40.9617195|-24.1174564|30.1378479|-3.71489501|-33.6447525|-3.92111397|-66.196579|-3.40345263|-97.7875977|-50.9499702|6.99458981,d12_1fc3b9df64cfb4:30000:35000
D12_STRICT_0000212,task1,train,534,HNU11064,d12_1fc3b9df64cfb4,TASK1_bbab40d45271fc_W007,7,35000,40000,-14.3713188|-40.9617195|-24.1174564|30.1378479|-3.71489501|-33.6447525|-3.92111397|-66.196579|-3.40345263|-97.7875977|-50.9499702|6.99458981,d12_1fc3b9df64cfb4:35000:40000
D12_STRICT_0000213,task1,train,535,HNU11064,d12_1fc3b9df64cfb4,TASK1_bbab40d45271fc_W008,8,40000,45000,-14.3713188|-40.9617195|-24.1174564|30.1378479|-3.71489501|-33.6447525|-3.92111397|-66.196579|-3.40345263|-97.7875977|-50.9499702|6.99458981,d12_1fc3b9df64cfb4:40000:45000
D12_STRICT_0000214,task1,train,536,HNU11064,d12_1fc3b9df64cfb4,TASK1_bbab40d45271fc_W009,9,45000,50000,-14.3713188|-40.9617195|-24.1174564|30.1378479|-3.71489501|-33.6447525|-3.92111397|-66.196579|-3.40345263|-97.7875977|-50.9499702|6.99458981,d12_1fc3b9df64cfb4:45000:50000
D12_STRICT_0000215,task1,train,537,HNU11064,d12_1fc3b9df64cfb4,TASK1_bbab40d45271fc_W010,10,50000,55000,-14.3713188|-40.9617195|-24.1174564|30.1378479|-3.71489501|-33.6447525|-3.92111397|-66.196579|-3.40345263|-97.7875977|-50.9499702|6.99458981,d12_1fc3b9df64cfb4:50000:55000
D12_STRICT_0000216,task2,train,587,HNU11064,d12_1fc3b9df64cfb4,TASK2_d3101cb7142b3d_W011,11,55000,60000,,d12_1fc3b9df64cfb4:55000:60000
D12_STRICT_0000217,task1,train,142,HNU11036,d12_27e00bd5675229,TASK1_068acee3adf834_W000,0,0,5000,-95.0683899|18.4433231|127.628517|46.2291946|-102.114098|73.4394531|-677.132324|-304.218658|-1423.51147|-226.659225|-771.678467|-660.990112,d12_27e00bd5675229:0:5000
D12_STRICT_0000218,task1,train,143,HNU11036,d12_27e00bd5675229,TASK1_068acee3adf834_W001,1,5000,10000,-95.0683899|18.4433231|127.628517|46.2291946|-102.114098|73.4394531|-677.132324|-304.218658|-1423.51147|-226.659225|-771.678467|-660.990112,d12_27e00bd5675229:5000:10000
D12_STRICT_0000219,task1,train,144,HNU11036,d12_27e00bd5675229,TASK1_068acee3adf834_W002,2,10000,15000,-95.0683899|18.4433231|127.628517|46.2291946|-102.114098|73.4394531|-677.132324|-304.218658|-1423.51147|-226.659225|-771.678467|-660.990112,d12_27e00bd5675229:10000:15000
D12_STRICT_0000220,task1,train,145,HNU11036,d12_27e00bd5675229,TASK1_068acee3adf834_W003,3,15000,20000,-95.0683899|18.4433231|127.628517|46.2291946|-102.114098|73.4394531|-677.132324|-304.218658|-1423.51147|-226.659225|-771.678467|-660.990112,d12_27e00bd5675229:15000:20000
D12_STRICT_0000221,task1,train,146,HNU11036,d12_27e00bd5675229,TASK1_068acee3adf834_W004,4,20000,25000,-95.0683899|18.4433231|127.628517|46.2291946|-102.114098|73.4394531|-677.132324|-304.218658|-1423.51147|-226.659225|-771.678467|-660.990112,d12_27e00bd5675229:20000:25000
D12_STRICT_0000222,task1,train,147,HNU11036,d12_27e00bd5675229,TASK1_068acee3adf834_W005,5,25000,30000,-95.0683899|18.4433231|127.628517|46.2291946|-102.114098|73.4394531|-677.132324|-304.218658|-1423.51147|-226.659225|-771.678467|-660.990112,d12_27e00bd5675229:25000:30000
D12_STRICT_0000223,task1,train,148,HNU11036,d12_27e00bd5675229,TASK1_068acee3adf834_W006,6,30000,35000,-95.0683899|18.4433231|127.628517|46.2291946|-102.114098|73.4394531|-677.132324|-304.218658|-1423.51147|-226.659225|-771.678467|-660.990112,d12_27e00bd5675229:30000:35000
D12_STRICT_0000224,task1,train,149,HNU11036,d12_27e00bd5675229,TASK1_068acee3adf834_W007,7,35000,40000,-95.0683899|18.4433231|127.628517|46.2291946|-102.114098|73.4394531|-677.132324|-304.218658|-1423.51147|-226.659225|-771.678467|-660.990112,d12_27e00bd5675229:35000:40000
D12_STRICT_0000225,task1,train,150,HNU11036,d12_27e00bd5675229,TASK1_068acee3adf834_W008,8,40000,45000,-95.0683899|18.4433231|127.628517|46.2291946|-102.114098|73.4394531|-677.132324|-304.218658|-1423.51147|-226.659225|-771.678467|-660.990112,d12_27e00bd5675229:40000:45000
D12_STRICT_0000226,task1,train,151,HNU11036,d12_27e00bd5675229,TASK1_068acee3adf834_W009,9,45000,50000,-95.0683899|18.4433231|127.628517|46.2291946|-102.114098|73.4394531|-677.132324|-304.218658|-1423.51147|-226.659225|-771.678467|-660.990112,d12_27e00bd5675229:45000:50000
D12_STRICT_0000227,task1,train,152,HNU11036,d12_27e00bd5675229,TASK1_068acee3adf834_W010,10,50000,55000,-95.0683899|18.4433231|127.628517|46.2291946|-102.114098|73.4394531|-677.132324|-304.218658|-1423.51147|-226.659225|-771.678467|-660.990112,d12_27e00bd5675229:50000:55000
D12_STRICT_0000228,task2,train,371,HNU11036,d12_27e00bd5675229,TASK2_62398cad5f0efa_W011,11,55000,60000,,d12_27e00bd5675229:55000:60000
D12_STRICT_0000229,task1,train,703,HNU11001,d12_2910fb1963099a,TASK1_94846b236fa5d6_W000,0,0,5000,57.3836441|-199.477448|-239.434952|79.120369|160.092194|-212.388702|-194.870239|53.9193764|-530.797485|164.63501|-203.820801|-284.658447,d12_2910fb1963099a:0:5000
D12_STRICT_0000230,task1,train,704,HNU11001,d12_2910fb1963099a,TASK1_94846b236fa5d6_W001,1,5000,10000,57.3836441|-199.477448|-239.434952|79.120369|160.092194|-212.388702|-194.870239|53.9193764|-530.797485|164.63501|-203.820801|-284.658447,d12_2910fb1963099a:5000:10000
D12_STRICT_0000231,task1,train,705,HNU11001,d12_2910fb1963099a,TASK1_94846b236fa5d6_W002,2,10000,15000,57.3836441|-199.477448|-239.434952|79.120369|160.092194|-212.388702|-194.870239|53.9193764|-530.797485|164.63501|-203.820801|-284.658447,d12_2910fb1963099a:10000:15000
D12_STRICT_0000232,task1,train,706,HNU11001,d12_2910fb1963099a,TASK1_94846b236fa5d6_W003,3,15000,20000,57.3836441|-199.477448|-239.434952|79.120369|160.092194|-212.388702|-194.870239|53.9193764|-530.797485|164.63501|-203.820801|-284.658447,d12_2910fb1963099a:15000:20000
D12_STRICT_0000233,task1,train,707,HNU11001,d12_2910fb1963099a,TASK1_94846b236fa5d6_W004,4,20000,25000,57.3836441|-199.477448|-239.434952|79.120369|160.092194|-212.388702|-194.870239|53.9193764|-530.797485|164.63501|-203.820801|-284.658447,d12_2910fb1963099a:20000:25000
D12_STRICT_0000234,task1,train,708,HNU11001,d12_2910fb1963099a,TASK1_94846b236fa5d6_W005,5,25000,30000,57.3836441|-199.477448|-239.434952|79.120369|160.092194|-212.388702|-194.870239|53.9193764|-530.797485|164.63501|-203.820801|-284.658447,d12_2910fb1963099a:25000:30000
D12_STRICT_0000235,task1,train,709,HNU11001,d12_2910fb1963099a,TASK1_94846b236fa5d6_W006,6,30000,35000,57.3836441|-199.477448|-239.434952|79.120369|160.092194|-212.388702|-194.870239|53.9193764|-530.797485|164.63501|-203.820801|-284.658447,d12_2910fb1963099a:30000:35000
D12_STRICT_0000236,task1,train,710,HNU11001,d12_2910fb1963099a,TASK1_94846b236fa5d6_W007,7,35000,40000,57.3836441|-199.477448|-239.434952|79.120369|160.092194|-212.388702|-194.870239|53.9193764|-530.797485|164.63501|-203.820801|-284.658447,d12_2910fb1963099a:35000:40000
D12_STRICT_0000237,task1,train,711,HNU11001,d12_2910fb1963099a,TASK1_94846b236fa5d6_W008,8,40000,45000,57.3836441|-199.477448|-239.434952|79.120369|160.092194|-212.388702|-194.870239|53.9193764|-530.797485|164.63501|-203.820801|-284.658447,d12_2910fb1963099a:40000:45000
D12_STRICT_0000238,task1,train,712,HNU11001,d12_2910fb1963099a,TASK1_94846b236fa5d6_W009,9,45000,50000,57.3836441|-199.477448|-239.434952|79.120369|160.092194|-212.388702|-194.870239|53.9193764|-530.797485|164.63501|-203.820801|-284.658447,d12_2910fb1963099a:45000:50000
D12_STRICT_0000239,task1,train,713,HNU11001,d12_2910fb1963099a,TASK1_94846b236fa5d6_W010,10,50000,55000,57.3836441|-199.477448|-239.434952|79.120369|160.092194|-212.388702|-194.870239|53.9193764|-530.797485|164.63501|-203.820801|-284.658447,d12_2910fb1963099a:50000:55000
D12_STRICT_0000240,task2,train,11,HNU11001,d12_2910fb1963099a,TASK2_cc7977832a6c69_W011,11,55000,60000,,d12_2910fb1963099a:55000:60000
D12_STRICT_0000241,task1,train,373,HNU11098,d12_29a4c35841389f,TASK1_3149c3e4f8f2a3_W000,0,0,5000,-285.210114|123.865135|410.579102|80.849617|-346.098206|269.283997|315.131958|456.259338|-1337.84009|300.151031|280.923401|216.245346,d12_29a4c35841389f:0:5000
D12_STRICT_0000242,task1,train,374,HNU11098,d12_29a4c35841389f,TASK1_3149c3e4f8f2a3_W001,1,5000,10000,-285.210114|123.865135|410.579102|80.849617|-346.098206|269.283997|315.131958|456.259338|-1337.84009|300.151031|280.923401|216.245346,d12_29a4c35841389f:5000:10000
D12_STRICT_0000243,task1,train,375,HNU11098,d12_29a4c35841389f,TASK1_3149c3e4f8f2a3_W002,2,10000,15000,-285.210114|123.865135|410.579102|80.849617|-346.098206|269.283997|315.131958|456.259338|-1337.84009|300.151031|280.923401|216.245346,d12_29a4c35841389f:10000:15000
D12_STRICT_0000244,task1,train,376,HNU11098,d12_29a4c35841389f,TASK1_3149c3e4f8f2a3_W003,3,15000,20000,-285.210114|123.865135|410.579102|80.849617|-346.098206|269.283997|315.131958|456.259338|-1337.84009|300.151031|280.923401|216.245346,d12_29a4c35841389f:15000:20000
D12_STRICT_0000245,task1,train,377,HNU11098,d12_29a4c35841389f,TASK1_3149c3e4f8f2a3_W004,4,20000,25000,-285.210114|123.865135|410.579102|80.849617|-346.098206|269.283997|315.131958|456.259338|-1337.84009|300.151031|280.923401|216.245346,d12_29a4c35841389f:20000:25000
D12_STRICT_0000246,task1,train,378,HNU11098,d12_29a4c35841389f,TASK1_3149c3e4f8f2a3_W005,5,25000,30000,-285.210114|123.865135|410.579102|80.849617|-346.098206|269.283997|315.131958|456.259338|-1337.84009|300.151031|280.923401|216.245346,d12_29a4c35841389f:25000:30000
D12_STRICT_0000247,task1,train,379,HNU11098,d12_29a4c35841389f,TASK1_3149c3e4f8f2a3_W006,6,30000,35000,-285.210114|123.865135|410.579102|80.849617|-346.098206|269.283997|315.131958|456.259338|-1337.84009|300.151031|280.923401|216.245346,d12_29a4c35841389f:30000:35000
D12_STRICT_0000248,task1,train,380,HNU11098,d12_29a4c35841389f,TASK1_3149c3e4f8f2a3_W007,7,35000,40000,-285.210114|123.865135|410.579102|80.849617|-346.098206|269.283997|315.131958|456.259338|-1337.84009|300.151031|280.923401|216.245346,d12_29a4c35841389f:35000:40000
D12_STRICT_0000249,task1,train,381,HNU11098,d12_29a4c35841389f,TASK1_3149c3e4f8f2a3_W008,8,40000,45000,-285.210114|123.865135|410.579102|80.849617|-346.098206|269.283997|315.131958|456.259338|-1337.84009|300.151031|280.923401|216.245346,d12_29a4c35841389f:40000:45000
D12_STRICT_0000250,task1,train,382,HNU11098,d12_29a4c35841389f,TASK1_3149c3e4f8f2a3_W009,9,45000,50000,-285.210114|123.865135|410.579102|80.849617|-346.098206|269.283997|315.131958|456.259338|-1337.84009|300.151031|280.923401|216.245346,d12_29a4c35841389f:45000:50000
D12_STRICT_0000251,task1,train,383,HNU11098,d12_29a4c35841389f,TASK1_3149c3e4f8f2a3_W010,10,50000,55000,-285.210114|123.865135|410.579102|80.849617|-346.098206|269.283997|315.131958|456.259338|-1337.84009|300.151031|280.923401|216.245346,d12_29a4c35841389f:50000:55000
D12_STRICT_0000252,task2,train,936,HNU11098,d12_29a4c35841389f,TASK2_94c699dba3ab81_W011,11,55000,60000,,d12_29a4c35841389f:55000:60000
D12_STRICT_0000253,task1,train,538,HNU11093,d12_2c571cc7a600fc,TASK1_ecd5c96deed335_W000,0,0,5000,-146.447556|60.8900452|181.250244|41.754425|-163.596359|113.69017|-29.6938972|102.369873|-139.904922|-193.284332|-297.863159|-246.443039,d12_2c571cc7a600fc:0:5000
D12_STRICT_0000254,task1,train,539,HNU11093,d12_2c571cc7a600fc,TASK1_ecd5c96deed335_W001,1,5000,10000,-146.447556|60.8900452|181.250244|41.754425|-163.596359|113.69017|-29.6938972|102.369873|-139.904922|-193.284332|-297.863159|-246.443039,d12_2c571cc7a600fc:5000:10000
D12_STRICT_0000255,task1,train,540,HNU11093,d12_2c571cc7a600fc,TASK1_ecd5c96deed335_W002,2,10000,15000,-146.447556|60.8900452|181.250244|41.754425|-163.596359|113.69017|-29.6938972|102.369873|-139.904922|-193.284332|-297.863159|-246.443039,d12_2c571cc7a600fc:10000:15000
D12_STRICT_0000256,task1,train,541,HNU11093,d12_2c571cc7a600fc,TASK1_ecd5c96deed335_W003,3,15000,20000,-146.447556|60.8900452|181.250244|41.754425|-163.596359|113.69017|-29.6938972|102.369873|-139.904922|-193.284332|-297.863159|-246.443039,d12_2c571cc7a600fc:15000:20000
D12_STRICT_0000257,task1,train,542,HNU11093,d12_2c571cc7a600fc,TASK1_ecd5c96deed335_W004,4,20000,25000,-146.447556|60.8900452|181.250244|41.754425|-163.596359|113.69017|-29.6938972|102.369873|-139.904922|-193.284332|-297.863159|-246.443039,d12_2c571cc7a600fc:20000:25000
D12_STRICT_0000258,task1,train,543,HNU11093,d12_2c571cc7a600fc,TASK1_ecd5c96deed335_W005,5,25000,30000,-146.447556|60.8900452|181.250244|41.754425|-163.596359|113.69017|-29.6938972|102.369873|-139.904922|-193.284332|-297.863159|-246.443039,d12_2c571cc7a600fc:25000:30000
D12_STRICT_0000259,task1,train,544,HNU11093,d12_2c571cc7a600fc,TASK1_ecd5c96deed335_W006,6,30000,35000,-146.447556|60.8900452|181.250244|41.754425|-163.596359|113.69017|-29.6938972|102.369873|-139.904922|-193.284332|-297.863159|-246.443039,d12_2c571cc7a600fc:30000:35000
D12_STRICT_0000260,task1,train,545,HNU11093,d12_2c571cc7a600fc,TASK1_ecd5c96deed335_W007,7,35000,40000,-146.447556|60.8900452|181.250244|41.754425|-163.596359|113.69017|-29.6938972|102.369873|-139.904922|-193.284332|-297.863159|-246.443039,d12_2c571cc7a600fc:35000:40000
D12_STRICT_0000261,task1,train,546,HNU11093,d12_2c571cc7a600fc,TASK1_ecd5c96deed335_W008,8,40000,45000,-146.447556|60.8900452|181.250244|41.754425|-163.596359|113.69017|-29.6938972|102.369873|-139.904922|-193.284332|-297.863159|-246.443039,d12_2c571cc7a600fc:40000:45000
D12_STRICT_0000262,task1,train,547,HNU11093,d12_2c571cc7a600fc,TASK1_ecd5c96deed335_W009,9,45000,50000,-146.447556|60.8900452|181.250244|41.754425|-163.596359|113.69017|-29.6938972|102.369873|-139.904922|-193.284332|-297.863159|-246.443039,d12_2c571cc7a600fc:45000:50000
D12_STRICT_0000263,task1,train,548,HNU11093,d12_2c571cc7a600fc,TASK1_ecd5c96deed335_W010,10,50000,55000,-146.447556|60.8900452|181.250244|41.754425|-163.596359|113.69017|-29.6938972|102.369873|-139.904922|-193.284332|-297.863159|-246.443039,d12_2c571cc7a600fc:50000:55000
D12_STRICT_0000264,task2,train,876,HNU11093,d12_2c571cc7a600fc,TASK2_8f730192267814_W011,11,55000,60000,,d12_2c571cc7a600fc:55000:60000
D12_STRICT_0000265,task1,train,736,HNU11041,d12_35d23ecb4dea20,TASK1_80d9fa4644b8fc_W000,0,0,5000,-121.053192|-3.17108274|108.643188|63.6560745|-115.353592|56.2061844|53.9309769|-96.9354858|-153.974274|98.0304413|-270.135498|-213.499527,d12_35d23ecb4dea20:0:5000
D12_STRICT_0000266,task1,train,737,HNU11041,d12_35d23ecb4dea20,TASK1_80d9fa4644b8fc_W001,1,5000,10000,-121.053192|-3.17108274|108.643188|63.6560745|-115.353592|56.2061844|53.9309769|-96.9354858|-153.974274|98.0304413|-270.135498|-213.499527,d12_35d23ecb4dea20:5000:10000
D12_STRICT_0000267,task1,train,738,HNU11041,d12_35d23ecb4dea20,TASK1_80d9fa4644b8fc_W002,2,10000,15000,-121.053192|-3.17108274|108.643188|63.6560745|-115.353592|56.2061844|53.9309769|-96.9354858|-153.974274|98.0304413|-270.135498|-213.499527,d12_35d23ecb4dea20:10000:15000
D12_STRICT_0000268,task1,train,739,HNU11041,d12_35d23ecb4dea20,TASK1_80d9fa4644b8fc_W003,3,15000,20000,-121.053192|-3.17108274|108.643188|63.6560745|-115.353592|56.2061844|53.9309769|-96.9354858|-153.974274|98.0304413|-270.135498|-213.499527,d12_35d23ecb4dea20:15000:20000
D12_STRICT_0000269,task1,train,740,HNU11041,d12_35d23ecb4dea20,TASK1_80d9fa4644b8fc_W004,4,20000,25000,-121.053192|-3.17108274|108.643188|63.6560745|-115.353592|56.2061844|53.9309769|-96.9354858|-153.974274|98.0304413|-270.135498|-213.499527,d12_35d23ecb4dea20:20000:25000
D12_STRICT_0000270,task1,train,741,HNU11041,d12_35d23ecb4dea20,TASK1_80d9fa4644b8fc_W005,5,25000,30000,-121.053192|-3.17108274|108.643188|63.6560745|-115.353592|56.2061844|53.9309769|-96.9354858|-153.974274|98.0304413|-270.135498|-213.499527,d12_35d23ecb4dea20:25000:30000
D12_STRICT_0000271,task1,train,742,HNU11041,d12_35d23ecb4dea20,TASK1_80d9fa4644b8fc_W006,6,30000,35000,-121.053192|-3.17108274|108.643188|63.6560745|-115.353592|56.2061844|53.9309769|-96.9354858|-153.974274|98.0304413|-270.135498|-213.499527,d12_35d23ecb4dea20:30000:35000
D12_STRICT_0000272,task1,train,743,HNU11041,d12_35d23ecb4dea20,TASK1_80d9fa4644b8fc_W007,7,35000,40000,-121.053192|-3.17108274|108.643188|63.6560745|-115.353592|56.2061844|53.9309769|-96.9354858|-153.974274|98.0304413|-270.135498|-213.499527,d12_35d23ecb4dea20:35000:40000
D12_STRICT_0000273,task1,train,744,HNU11041,d12_35d23ecb4dea20,TASK1_80d9fa4644b8fc_W008,8,40000,45000,-121.053192|-3.17108274|108.643188|63.6560745|-115.353592|56.2061844|53.9309769|-96.9354858|-153.974274|98.0304413|-270.135498|-213.499527,d12_35d23ecb4dea20:40000:45000
D12_STRICT_0000274,task1,train,745,HNU11041,d12_35d23ecb4dea20,TASK1_80d9fa4644b8fc_W009,9,45000,50000,-121.053192|-3.17108274|108.643188|63.6560745|-115.353592|56.2061844|53.9309769|-96.9354858|-153.974274|98.0304413|-270.135498|-213.499527,d12_35d23ecb4dea20:45000:50000
D12_STRICT_0000275,task1,train,746,HNU11041,d12_35d23ecb4dea20,TASK1_80d9fa4644b8fc_W010,10,50000,55000,-121.053192|-3.17108274|108.643188|63.6560745|-115.353592|56.2061844|53.9309769|-96.9354858|-153.974274|98.0304413|-270.135498|-213.499527,d12_35d23ecb4dea20:50000:55000
D12_STRICT_0000276,task2,train,431,HNU11041,d12_35d23ecb4dea20,TASK2_a049b4758152d1_W011,11,55000,60000,,d12_35d23ecb4dea20:55000:60000
D12_STRICT_0000277,task1,train,604,HNU11015,d12_41ecff1837d533,TASK1_b06c6bbd0bfe2b_W000,0,0,5000,-405.426514|68.549057|453.117371|155.0177|-441.17691|256.538452|-411.150787|-28.8954239|-222.507584|-52.5510864|-364.733246|-448.988617,d12_41ecff1837d533:0:5000
D12_STRICT_0000278,task1,train,605,HNU11015,d12_41ecff1837d533,TASK1_b06c6bbd0bfe2b_W001,1,5000,10000,-405.426514|68.549057|453.117371|155.0177|-441.17691|256.538452|-411.150787|-28.8954239|-222.507584|-52.5510864|-364.733246|-448.988617,d12_41ecff1837d533:5000:10000
D12_STRICT_0000279,task1,train,606,HNU11015,d12_41ecff1837d533,TASK1_b06c6bbd0bfe2b_W002,2,10000,15000,-405.426514|68.549057|453.117371|155.0177|-441.17691|256.538452|-411.150787|-28.8954239|-222.507584|-52.5510864|-364.733246|-448.988617,d12_41ecff1837d533:10000:15000
D12_STRICT_0000280,task1,train,607,HNU11015,d12_41ecff1837d533,TASK1_b06c6bbd0bfe2b_W003,3,15000,20000,-405.426514|68.549057|453.117371|155.0177|-441.17691|256.538452|-411.150787|-28.8954239|-222.507584|-52.5510864|-364.733246|-448.988617,d12_41ecff1837d533:15000:20000
D12_STRICT_0000281,task1,train,608,HNU11015,d12_41ecff1837d533,TASK1_b06c6bbd0bfe2b_W004,4,20000,25000,-405.426514|68.549057|453.117371|155.0177|-441.17691|256.538452|-411.150787|-28.8954239|-222.507584|-52.5510864|-364.733246|-448.988617,d12_41ecff1837d533:20000:25000
D12_STRICT_0000282,task1,train,609,HNU11015,d12_41ecff1837d533,TASK1_b06c6bbd0bfe2b_W005,5,25000,30000,-405.426514|68.549057|453.117371|155.0177|-441.17691|256.538452|-411.150787|-28.8954239|-222.507584|-52.5510864|-364.733246|-448.988617,d12_41ecff1837d533:25000:30000
D12_STRICT_0000283,task1,train,610,HNU11015,d12_41ecff1837d533,TASK1_b06c6bbd0bfe2b_W006,6,30000,35000,-405.426514|68.549057|453.117371|155.0177|-441.17691|256.538452|-411.150787|-28.8954239|-222.507584|-52.5510864|-364.733246|-448.988617,d12_41ecff1837d533:30000:35000
D12_STRICT_0000284,task1,train,611,HNU11015,d12_41ecff1837d533,TASK1_b06c6bbd0bfe2b_W007,7,35000,40000,-405.426514|68.549057|453.117371|155.0177|-441.17691|256.538452|-411.150787|-28.8954239|-222.507584|-52.5510864|-364.733246|-448.988617,d12_41ecff1837d533:35000:40000
D12_STRICT_0000285,task1,train,612,HNU11015,d12_41ecff1837d533,TASK1_b06c6bbd0bfe2b_W008,8,40000,45000,-405.426514|68.549057|453.117371|155.0177|-441.17691|256.538452|-411.150787|-28.8954239|-222.507584|-52.5510864|-364.733246|-448.988617,d12_41ecff1837d533:40000:45000
D12_STRICT_0000286,task1,train,613,HNU11015,d12_41ecff1837d533,TASK1_b06c6bbd0bfe2b_W009,9,45000,50000,-405.426514|68.549057|453.117371|155.0177|-441.17691|256.538452|-411.150787|-28.8954239|-222.507584|-52.5510864|-364.733246|-448.988617,d12_41ecff1837d533:45000:50000
D12_STRICT_0000287,task1,train,614,HNU11015,d12_41ecff1837d533,TASK1_b06c6bbd0bfe2b_W010,10,50000,55000,-405.426514|68.549057|453.117371|155.0177|-441.17691|256.538452|-411.150787|-28.8954239|-222.507584|-52.5510864|-364.733246|-448.988617,d12_41ecff1837d533:50000:55000
D12_STRICT_0000288,task2,train,143,HNU11015,d12_41ecff1837d533,TASK2_48de1fefe5cd29_W011,11,55000,60000,,d12_41ecff1837d533:55000:60000
D12_STRICT_0000289,task1,train,54,HNU11058,d12_4320ee1a2247cf,TASK1_d31af558869be7_W000,0,0,5000,4.55634737|-97.6427002|-107.141174|47.9429016|65.6386642|-97.7029266|312.856354|-348.860077|179.803726|87.9799042|10.6559715|10.0237083,d12_4320ee1a2247cf:0:5000
D12_STRICT_0000290,task1,train,55,HNU11058,d12_4320ee1a2247cf,TASK1_d31af558869be7_W001,1,5000,10000,4.55634737|-97.6427002|-107.141174|47.9429016|65.6386642|-97.7029266|312.856354|-348.860077|179.803726|87.9799042|10.6559715|10.0237083,d12_4320ee1a2247cf:5000:10000
D12_STRICT_0000291,task1,train,56,HNU11058,d12_4320ee1a2247cf,TASK1_d31af558869be7_W002,2,10000,15000,4.55634737|-97.6427002|-107.141174|47.9429016|65.6386642|-97.7029266|312.856354|-348.860077|179.803726|87.9799042|10.6559715|10.0237083,d12_4320ee1a2247cf:10000:15000
D12_STRICT_0000292,task1,train,57,HNU11058,d12_4320ee1a2247cf,TASK1_d31af558869be7_W003,3,15000,20000,4.55634737|-97.6427002|-107.141174|47.9429016|65.6386642|-97.7029266|312.856354|-348.860077|179.803726|87.9799042|10.6559715|10.0237083,d12_4320ee1a2247cf:15000:20000
D12_STRICT_0000293,task1,train,58,HNU11058,d12_4320ee1a2247cf,TASK1_d31af558869be7_W004,4,20000,25000,4.55634737|-97.6427002|-107.141174|47.9429016|65.6386642|-97.7029266|312.856354|-348.860077|179.803726|87.9799042|10.6559715|10.0237083,d12_4320ee1a2247cf:20000:25000
D12_STRICT_0000294,task1,train,59,HNU11058,d12_4320ee1a2247cf,TASK1_d31af558869be7_W005,5,25000,30000,4.55634737|-97.6427002|-107.141174|47.9429016|65.6386642|-97.7029266|312.856354|-348.860077|179.803726|87.9799042|10.6559715|10.0237083,d12_4320ee1a2247cf:25000:30000
D12_STRICT_0000295,task1,train,60,HNU11058,d12_4320ee1a2247cf,TASK1_d31af558869be7_W006,6,30000,35000,4.55634737|-97.6427002|-107.141174|47.9429016|65.6386642|-97.7029266|312.856354|-348.860077|179.803726|87.9799042|10.6559715|10.0237083,d12_4320ee1a2247cf:30000:35000
D12_STRICT_0000296,task1,train,61,HNU11058,d12_4320ee1a2247cf,TASK1_d31af558869be7_W007,7,35000,40000,4.55634737|-97.6427002|-107.141174|47.9429016|65.6386642|-97.7029266|312.856354|-348.860077|179.803726|87.9799042|10.6559715|10.0237083,d12_4320ee1a2247cf:35000:40000
D12_STRICT_0000297,task1,train,62,HNU11058,d12_4320ee1a2247cf,TASK1_d31af558869be7_W008,8,40000,45000,4.55634737|-97.6427002|-107.141174|47.9429016|65.6386642|-97.7029266|312.856354|-348.860077|179.803726|87.9799042|10.6559715|10.0237083,d12_4320ee1a2247cf:40000:45000
D12_STRICT_0000298,task1,train,63,HNU11058,d12_4320ee1a2247cf,TASK1_d31af558869be7_W009,9,45000,50000,4.55634737|-97.6427002|-107.141174|47.9429016|65.6386642|-97.7029266|312.856354|-348.860077|179.803726|87.9799042|10.6559715|10.0237083,d12_4320ee1a2247cf:45000:50000
D12_STRICT_0000299,task1,train,64,HNU11058,d12_4320ee1a2247cf,TASK1_d31af558869be7_W010,10,50000,55000,4.55634737|-97.6427002|-107.141174|47.9429016|65.6386642|-97.7029266|312.856354|-348.860077|179.803726|87.9799042|10.6559715|10.0237083,d12_4320ee1a2247cf:50000:55000
D12_STRICT_0000300,task2,train,551,HNU11058,d12_4320ee1a2247cf,TASK2_a6397dbeeeff7c_W011,11,55000,60000,,d12_4320ee1a2247cf:55000:60000
D12_STRICT_0000301,task1,train,692,HNU11033,d12_460ad0de7a2ebf,TASK1_a95d6dbc946475_W000,0,0,5000,145.051392|124.581741|-50.1391907|-135.349075|98.6122665|44.418396|-630.334778|-190.355301|-1807.19727|-92.2666931|-919.872559|-846.974121,d12_460ad0de7a2ebf:0:5000
D12_STRICT_0000302,task1,train,693,HNU11033,d12_460ad0de7a2ebf,TASK1_a95d6dbc946475_W001,1,5000,10000,145.051392|124.581741|-50.1391907|-135.349075|98.6122665|44.418396|-630.334778|-190.355301|-1807.19727|-92.2666931|-919.872559|-846.974121,d12_460ad0de7a2ebf:5000:10000
D12_STRICT_0000303,task1,train,694,HNU11033,d12_460ad0de7a2ebf,TASK1_a95d6dbc946475_W002,2,10000,15000,145.051392|124.581741|-50.1391907|-135.349075|98.6122665|44.418396|-630.334778|-190.355301|-1807.19727|-92.2666931|-919.872559|-846.974121,d12_460ad0de7a2ebf:10000:15000
D12_STRICT_0000304,task1,train,695,HNU11033,d12_460ad0de7a2ebf,TASK1_a95d6dbc946475_W003,3,15000,20000,145.051392|124.581741|-50.1391907|-135.349075|98.6122665|44.418396|-630.334778|-190.355301|-1807.19727|-92.2666931|-919.872559|-846.974121,d12_460ad0de7a2ebf:15000:20000
D12_STRICT_0000305,task1,train,696,HNU11033,d12_460ad0de7a2ebf,TASK1_a95d6dbc946475_W004,4,20000,25000,145.051392|124.581741|-50.1391907|-135.349075|98.6122665|44.418396|-630.334778|-190.355301|-1807.19727|-92.2666931|-919.872559|-846.974121,d12_460ad0de7a2ebf:20000:25000
D12_STRICT_0000306,task1,train,697,HNU11033,d12_460ad0de7a2ebf,TASK1_a95d6dbc946475_W005,5,25000,30000,145.051392|124.581741|-50.1391907|-135.349075|98.6122665|44.418396|-630.334778|-190.355301|-1807.19727|-92.2666931|-919.872559|-846.974121,d12_460ad0de7a2ebf:25000:30000
D12_STRICT_0000307,task1,train,698,HNU11033,d12_460ad0de7a2ebf,TASK1_a95d6dbc946475_W006,6,30000,35000,145.051392|124.581741|-50.1391907|-135.349075|98.6122665|44.418396|-630.334778|-190.355301|-1807.19727|-92.2666931|-919.872559|-846.974121,d12_460ad0de7a2ebf:30000:35000
D12_STRICT_0000308,task1,train,699,HNU11033,d12_460ad0de7a2ebf,TASK1_a95d6dbc946475_W007,7,35000,40000,145.051392|124.581741|-50.1391907|-135.349075|98.6122665|44.418396|-630.334778|-190.355301|-1807.19727|-92.2666931|-919.872559|-846.974121,d12_460ad0de7a2ebf:35000:40000
D12_STRICT_0000309,task1,train,700,HNU11033,d12_460ad0de7a2ebf,TASK1_a95d6dbc946475_W008,8,40000,45000,145.051392|124.581741|-50.1391907|-135.349075|98.6122665|44.418396|-630.334778|-190.355301|-1807.19727|-92.2666931|-919.872559|-846.974121,d12_460ad0de7a2ebf:40000:45000
D12_STRICT_0000310,task1,train,701,HNU11033,d12_460ad0de7a2ebf,TASK1_a95d6dbc946475_W009,9,45000,50000,145.051392|124.581741|-50.1391907|-135.349075|98.6122665|44.418396|-630.334778|-190.355301|-1807.19727|-92.2666931|-919.872559|-846.974121,d12_460ad0de7a2ebf:45000:50000
D12_STRICT_0000311,task1,train,702,HNU11033,d12_460ad0de7a2ebf,TASK1_a95d6dbc946475_W010,10,50000,55000,145.051392|124.581741|-50.1391907|-135.349075|98.6122665|44.418396|-630.334778|-190.355301|-1807.19727|-92.2666931|-919.872559|-846.974121,d12_460ad0de7a2ebf:50000:55000
D12_STRICT_0000312,task2,train,335,HNU11033,d12_460ad0de7a2ebf,TASK2_abb2fd5252f4c8_W011,11,55000,60000,,d12_460ad0de7a2ebf:55000:60000
D12_STRICT_0000313,task1,train,846,HNU11045,d12_463ed4f961ac90,TASK1_633fec9397759a_W000,0,0,5000,143.262619|143.056244|47.0027618|-141.63147|33.4312973|89.5191193|-136.419189|48.5528793|-143.670456|-43.7608566|-317.976013|-77.3448029,d12_463ed4f961ac90:0:5000
D12_STRICT_0000314,task1,train,847,HNU11045,d12_463ed4f961ac90,TASK1_633fec9397759a_W001,1,5000,10000,143.262619|143.056244|47.0027618|-141.63147|33.4312973|89.5191193|-136.419189|48.5528793|-143.670456|-43.7608566|-317.976013|-77.3448029,d12_463ed4f961ac90:5000:10000
D12_STRICT_0000315,task1,train,848,HNU11045,d12_463ed4f961ac90,TASK1_633fec9397759a_W002,2,10000,15000,143.262619|143.056244|47.0027618|-141.63147|33.4312973|89.5191193|-136.419189|48.5528793|-143.670456|-43.7608566|-317.976013|-77.3448029,d12_463ed4f961ac90:10000:15000
D12_STRICT_0000316,task1,train,849,HNU11045,d12_463ed4f961ac90,TASK1_633fec9397759a_W003,3,15000,20000,143.262619|143.056244|47.0027618|-141.63147|33.4312973|89.5191193|-136.419189|48.5528793|-143.670456|-43.7608566|-317.976013|-77.3448029,d12_463ed4f961ac90:15000:20000
D12_STRICT_0000317,task1,train,850,HNU11045,d12_463ed4f961ac90,TASK1_633fec9397759a_W004,4,20000,25000,143.262619|143.056244|47.0027618|-141.63147|33.4312973|89.5191193|-136.419189|48.5528793|-143.670456|-43.7608566|-317.976013|-77.3448029,d12_463ed4f961ac90:20000:25000
D12_STRICT_0000318,task1,train,851,HNU11045,d12_463ed4f961ac90,TASK1_633fec9397759a_W005,5,25000,30000,143.262619|143.056244|47.0027618|-141.63147|33.4312973|89.5191193|-136.419189|48.5528793|-143.670456|-43.7608566|-317.976013|-77.3448029,d12_463ed4f961ac90:25000:30000
D12_STRICT_0000319,task1,train,852,HNU11045,d12_463ed4f961ac90,TASK1_633fec9397759a_W006,6,30000,35000,143.262619|143.056244|47.0027618|-141.63147|33.4312973|89.5191193|-136.419189|48.5528793|-143.670456|-43.7608566|-317.976013|-77.3448029,d12_463ed4f961ac90:30000:35000
D12_STRICT_0000320,task1,train,853,HNU11045,d12_463ed4f961ac90,TASK1_633fec9397759a_W007,7,35000,40000,143.262619|143.056244|47.0027618|-141.63147|33.4312973|89.5191193|-136.419189|48.5528793|-143.670456|-43.7608566|-317.976013|-77.3448029,d12_463ed4f961ac90:35000:40000
D12_STRICT_0000321,task1,train,854,HNU11045,d12_463ed4f961ac90,TASK1_633fec9397759a_W008,8,40000,45000,143.262619|143.056244|47.0027618|-141.63147|33.4312973|89.5191193|-136.419189|48.5528793|-143.670456|-43.7608566|-317.976013|-77.3448029,d12_463ed4f961ac90:40000:45000
D12_STRICT_0000322,task1,train,855,HNU11045,d12_463ed4f961ac90,TASK1_633fec9397759a_W009,9,45000,50000,143.262619|143.056244|47.0027618|-141.63147|33.4312973|89.5191193|-136.419189|48.5528793|-143.670456|-43.7608566|-317.976013|-77.3448029,d12_463ed4f961ac90:45000:50000
D12_STRICT_0000323,task1,train,856,HNU11045,d12_463ed4f961ac90,TASK1_633fec9397759a_W010,10,50000,55000,143.262619|143.056244|47.0027618|-141.63147|33.4312973|89.5191193|-136.419189|48.5528793|-143.670456|-43.7608566|-317.976013|-77.3448029,d12_463ed4f961ac90:50000:55000
D12_STRICT_0000324,task2,train,479,HNU11045,d12_463ed4f961ac90,TASK2_17ad3825f859c5_W011,11,55000,60000,,d12_463ed4f961ac90:55000:60000
D12_STRICT_0000325,task1,train,11,HNU11035,d12_493a7d4ad9f543,TASK1_feb984c6ec969c_W000,0,0,5000,-1.95411503|45.9624367|46.1240807|-21.6520405|-21.0793324|45.1647491|-585.508057|-233.172684|-1142.53381|-285.209656|-940.671387|-916.154297,d12_493a7d4ad9f543:0:5000
D12_STRICT_0000326,task1,train,12,HNU11035,d12_493a7d4ad9f543,TASK1_feb984c6ec969c_W001,1,5000,10000,-1.95411503|45.9624367|46.1240807|-21.6520405|-21.0793324|45.1647491|-585.508057|-233.172684|-1142.53381|-285.209656|-940.671387|-916.154297,d12_493a7d4ad9f543:5000:10000
D12_STRICT_0000327,task1,train,13,HNU11035,d12_493a7d4ad9f543,TASK1_feb984c6ec969c_W002,2,10000,15000,-1.95411503|45.9624367|46.1240807|-21.6520405|-21.0793324|45.1647491|-585.508057|-233.172684|-1142.53381|-285.209656|-940.671387|-916.154297,d12_493a7d4ad9f543:10000:15000
D12_STRICT_0000328,task1,train,14,HNU11035,d12_493a7d4ad9f543,TASK1_feb984c6ec969c_W003,3,15000,20000,-1.95411503|45.9624367|46.1240807|-21.6520405|-21.0793324|45.1647491|-585.508057|-233.172684|-1142.53381|-285.209656|-940.671387|-916.154297,d12_493a7d4ad9f543:15000:20000
D12_STRICT_0000329,task1,train,15,HNU11035,d12_493a7d4ad9f543,TASK1_feb984c6ec969c_W004,4,20000,25000,-1.95411503|45.9624367|46.1240807|-21.6520405|-21.0793324|45.1647491|-585.508057|-233.172684|-1142.53381|-285.209656|-940.671387|-916.154297,d12_493a7d4ad9f543:20000:25000
D12_STRICT_0000330,task1,train,16,HNU11035,d12_493a7d4ad9f543,TASK1_feb984c6ec969c_W005,5,25000,30000,-1.95411503|45.9624367|46.1240807|-21.6520405|-21.0793324|45.1647491|-585.508057|-233.172684|-1142.53381|-285.209656|-940.671387|-916.154297,d12_493a7d4ad9f543:25000:30000
D12_STRICT_0000331,task1,train,17,HNU11035,d12_493a7d4ad9f543,TASK1_feb984c6ec969c_W006,6,30000,35000,-1.95411503|45.9624367|46.1240807|-21.6520405|-21.0793324|45.1647491|-585.508057|-233.172684|-1142.53381|-285.209656|-940.671387|-916.154297,d12_493a7d4ad9f543:30000:35000
D12_STRICT_0000332,task1,train,18,HNU11035,d12_493a7d4ad9f543,TASK1_feb984c6ec969c_W007,7,35000,40000,-1.95411503|45.9624367|46.1240807|-21.6520405|-21.0793324|45.1647491|-585.508057|-233.172684|-1142.53381|-285.209656|-940.671387|-916.154297,d12_493a7d4ad9f543:35000:40000
D12_STRICT_0000333,task1,train,19,HNU11035,d12_493a7d4ad9f543,TASK1_feb984c6ec969c_W008,8,40000,45000,-1.95411503|45.9624367|46.1240807|-21.6520405|-21.0793324|45.1647491|-585.508057|-233.172684|-1142.53381|-285.209656|-940.671387|-916.154297,d12_493a7d4ad9f543:40000:45000
D12_STRICT_0000334,task1,train,20,HNU11035,d12_493a7d4ad9f543,TASK1_feb984c6ec969c_W009,9,45000,50000,-1.95411503|45.9624367|46.1240807|-21.6520405|-21.0793324|45.1647491|-585.508057|-233.172684|-1142.53381|-285.209656|-940.671387|-916.154297,d12_493a7d4ad9f543:45000:50000
D12_STRICT_0000335,task1,train,21,HNU11035,d12_493a7d4ad9f543,TASK1_feb984c6ec969c_W010,10,50000,55000,-1.95411503|45.9624367|46.1240807|-21.6520405|-21.0793324|45.1647491|-585.508057|-233.172684|-1142.53381|-285.209656|-940.671387|-916.154297,d12_493a7d4ad9f543:50000:55000
D12_STRICT_0000336,task2,train,359,HNU11035,d12_493a7d4ad9f543,TASK2_cd9bab44fdb7dc_W011,11,55000,60000,,d12_493a7d4ad9f543:55000:60000
D12_STRICT_0000337,task1,train,725,HNU11056,d12_4f0618718eae4a,TASK1_ebcd4931790727_W000,0,0,5000,-29.7936516|-125.194649|-97.6760254|79.6579361|36.8232574|-108.249649|-283.801727|-14.883853|13.3250151|-148.574142|-3.81398201|74.7814255,d12_4f0618718eae4a:0:5000
D12_STRICT_0000338,task1,train,726,HNU11056,d12_4f0618718eae4a,TASK1_ebcd4931790727_W001,1,5000,10000,-29.7936516|-125.194649|-97.6760254|79.6579361|36.8232574|-108.249649|-283.801727|-14.883853|13.3250151|-148.574142|-3.81398201|74.7814255,d12_4f0618718eae4a:5000:10000
D12_STRICT_0000339,task1,train,727,HNU11056,d12_4f0618718eae4a,TASK1_ebcd4931790727_W002,2,10000,15000,-29.7936516|-125.194649|-97.6760254|79.6579361|36.8232574|-108.249649|-283.801727|-14.883853|13.3250151|-148.574142|-3.81398201|74.7814255,d12_4f0618718eae4a:10000:15000
D12_STRICT_0000340,task1,train,728,HNU11056,d12_4f0618718eae4a,TASK1_ebcd4931790727_W003,3,15000,20000,-29.7936516|-125.194649|-97.6760254|79.6579361|36.8232574|-108.249649|-283.801727|-14.883853|13.3250151|-148.574142|-3.81398201|74.7814255,d12_4f0618718eae4a:15000:20000
D12_STRICT_0000341,task1,train,729,HNU11056,d12_4f0618718eae4a,TASK1_ebcd4931790727_W004,4,20000,25000,-29.7936516|-125.194649|-97.6760254|79.6579361|36.8232574|-108.249649|-283.801727|-14.883853|13.3250151|-148.574142|-3.81398201|74.7814255,d12_4f0618718eae4a:20000:25000
D12_STRICT_0000342,task1,train,730,HNU11056,d12_4f0618718eae4a,TASK1_ebcd4931790727_W005,5,25000,30000,-29.7936516|-125.194649|-97.6760254|79.6579361|36.8232574|-108.249649|-283.801727|-14.883853|13.3250151|-148.574142|-3.81398201|74.7814255,d12_4f0618718eae4a:25000:30000
D12_STRICT_0000343,task1,train,731,HNU11056,d12_4f0618718eae4a,TASK1_ebcd4931790727_W006,6,30000,35000,-29.7936516|-125.194649|-97.6760254|79.6579361|36.8232574|-108.249649|-283.801727|-14.883853|13.3250151|-148.574142|-3.81398201|74.7814255,d12_4f0618718eae4a:30000:35000
D12_STRICT_0000344,task1,train,732,HNU11056,d12_4f0618718eae4a,TASK1_ebcd4931790727_W007,7,35000,40000,-29.7936516|-125.194649|-97.6760254|79.6579361|36.8232574|-108.249649|-283.801727|-14.883853|13.3250151|-148.574142|-3.81398201|74.7814255,d12_4f0618718eae4a:35000:40000
D12_STRICT_0000345,task1,train,733,HNU11056,d12_4f0618718eae4a,TASK1_ebcd4931790727_W008,8,40000,45000,-29.7936516|-125.194649|-97.6760254|79.6579361|36.8232574|-108.249649|-283.801727|-14.883853|13.3250151|-148.574142|-3.81398201|74.7814255,d12_4f0618718eae4a:40000:45000
D12_STRICT_0000346,task1,train,734,HNU11056,d12_4f0618718eae4a,TASK1_ebcd4931790727_W009,9,45000,50000,-29.7936516|-125.194649|-97.6760254|79.6579361|36.8232574|-108.249649|-283.801727|-14.883853|13.3250151|-148.574142|-3.81398201|74.7814255,d12_4f0618718eae4a:45000:50000
D12_STRICT_0000347,task1,train,735,HNU11056,d12_4f0618718eae4a,TASK1_ebcd4931790727_W010,10,50000,55000,-29.7936516|-125.194649|-97.6760254|79.6579361|36.8232574|-108.249649|-283.801727|-14.883853|13.3250151|-148.574142|-3.81398201|74.7814255,d12_4f0618718eae4a:50000:55000
D12_STRICT_0000348,task2,train,539,HNU11056,d12_4f0618718eae4a,TASK2_541691557cfc73_W011,11,55000,60000,,d12_4f0618718eae4a:55000:60000
D12_STRICT_0000349,task1,train,252,HNU11080,d12_534a58127d2afc,TASK1_f265760eb3471d_W000,0,0,5000,234.497162|75.2497101|-153.794708|-153.042801|188.31189|-39.8862534|-2398.65991|301.701141|-1559.63196|7.8539691|-1435.55151|-1087.52454,d12_534a58127d2afc:0:5000
D12_STRICT_0000350,task1,train,253,HNU11080,d12_534a58127d2afc,TASK1_f265760eb3471d_W001,1,5000,10000,234.497162|75.2497101|-153.794708|-153.042801|188.31189|-39.8862534|-2398.65991|301.701141|-1559.63196|7.8539691|-1435.55151|-1087.52454,d12_534a58127d2afc:5000:10000
D12_STRICT_0000351,task1,train,254,HNU11080,d12_534a58127d2afc,TASK1_f265760eb3471d_W002,2,10000,15000,234.497162|75.2497101|-153.794708|-153.042801|188.31189|-39.8862534|-2398.65991|301.701141|-1559.63196|7.8539691|-1435.55151|-1087.52454,d12_534a58127d2afc:10000:15000
D12_STRICT_0000352,task1,train,255,HNU11080,d12_534a58127d2afc,TASK1_f265760eb3471d_W003,3,15000,20000,234.497162|75.2497101|-153.794708|-153.042801|188.31189|-39.8862534|-2398.65991|301.701141|-1559.63196|7.8539691|-1435.55151|-1087.52454,d12_534a58127d2afc:15000:20000
D12_STRICT_0000353,task1,train,256,HNU11080,d12_534a58127d2afc,TASK1_f265760eb3471d_W004,4,20000,25000,234.497162|75.2497101|-153.794708|-153.042801|188.31189|-39.8862534|-2398.65991|301.701141|-1559.63196|7.8539691|-1435.55151|-1087.52454,d12_534a58127d2afc:20000:25000
D12_STRICT_0000354,task1,train,257,HNU11080,d12_534a58127d2afc,TASK1_f265760eb3471d_W005,5,25000,30000,234.497162|75.2497101|-153.794708|-153.042801|188.31189|-39.8862534|-2398.65991|301.701141|-1559.63196|7.8539691|-1435.55151|-1087.52454,d12_534a58127d2afc:25000:30000
D12_STRICT_0000355,task1,train,258,HNU11080,d12_534a58127d2afc,TASK1_f265760eb3471d_W006,6,30000,35000,234.497162|75.2497101|-153.794708|-153.042801|188.31189|-39.8862534|-2398.65991|301.701141|-1559.63196|7.8539691|-1435.55151|-1087.52454,d12_534a58127d2afc:30000:35000
D12_STRICT_0000356,task1,train,259,HNU11080,d12_534a58127d2afc,TASK1_f265760eb3471d_W007,7,35000,40000,234.497162|75.2497101|-153.794708|-153.042801|188.31189|-39.8862534|-2398.65991|301.701141|-1559.63196|7.8539691|-1435.55151|-1087.52454,d12_534a58127d2afc:35000:40000
D12_STRICT_0000357,task1,train,260,HNU11080,d12_534a58127d2afc,TASK1_f265760eb3471d_W008,8,40000,45000,234.497162|75.2497101|-153.794708|-153.042801|188.31189|-39.8862534|-2398.65991|301.701141|-1559.63196|7.8539691|-1435.55151|-1087.52454,d12_534a58127d2afc:40000:45000
D12_STRICT_0000358,task1,train,261,HNU11080,d12_534a58127d2afc,TASK1_f265760eb3471d_W009,9,45000,50000,234.497162|75.2497101|-153.794708|-153.042801|188.31189|-39.8862534|-2398.65991|301.701141|-1559.63196|7.8539691|-1435.55151|-1087.52454,d12_534a58127d2afc:45000:50000
D12_STRICT_0000359,task1,train,262,HNU11080,d12_534a58127d2afc,TASK1_f265760eb3471d_W010,10,50000,55000,234.497162|75.2497101|-153.794708|-153.042801|188.31189|-39.8862534|-2398.65991|301.701141|-1559.63196|7.8539691|-1435.55151|-1087.52454,d12_534a58127d2afc:50000:55000
D12_STRICT_0000360,task2,train,731,HNU11080,d12_534a58127d2afc,TASK2_32e857dec75a49_W011,11,55000,60000,,d12_534a58127d2afc:55000:60000
D12_STRICT_0000361,task1,train,780,HNU11011,d12_54b59401b7c03a,TASK1_c67132fef15009_W000,0,0,5000,-16.6336784|122.531357|143.83493|-49.3223877|-76.0469055|135.405746|-71.89888|-17.3995247|-2777.28394|-129.423325|-1111.38794|-1653.81323,d12_54b59401b7c03a:0:5000
D12_STRICT_0000362,task1,train,781,HNU11011,d12_54b59401b7c03a,TASK1_c67132fef15009_W001,1,5000,10000,-16.6336784|122.531357|143.83493|-49.3223877|-76.0469055|135.405746|-71.89888|-17.3995247|-2777.28394|-129.423325|-1111.38794|-1653.81323,d12_54b59401b7c03a:5000:10000
D12_STRICT_0000363,task1,train,782,HNU11011,d12_54b59401b7c03a,TASK1_c67132fef15009_W002,2,10000,15000,-16.6336784|122.531357|143.83493|-49.3223877|-76.0469055|135.405746|-71.89888|-17.3995247|-2777.28394|-129.423325|-1111.38794|-1653.81323,d12_54b59401b7c03a:10000:15000
D12_STRICT_0000364,task1,train,783,HNU11011,d12_54b59401b7c03a,TASK1_c67132fef15009_W003,3,15000,20000,-16.6336784|122.531357|143.83493|-49.3223877|-76.0469055|135.405746|-71.89888|-17.3995247|-2777.28394|-129.423325|-1111.38794|-1653.81323,d12_54b59401b7c03a:15000:20000
D12_STRICT_0000365,task1,train,784,HNU11011,d12_54b59401b7c03a,TASK1_c67132fef15009_W004,4,20000,25000,-16.6336784|122.531357|143.83493|-49.3223877|-76.0469055|135.405746|-71.89888|-17.3995247|-2777.28394|-129.423325|-1111.38794|-1653.81323,d12_54b59401b7c03a:20000:25000
D12_STRICT_0000366,task1,train,785,HNU11011,d12_54b59401b7c03a,TASK1_c67132fef15009_W005,5,25000,30000,-16.6336784|122.531357|143.83493|-49.3223877|-76.0469055|135.405746|-71.89888|-17.3995247|-2777.28394|-129.423325|-1111.38794|-1653.81323,d12_54b59401b7c03a:25000:30000
D12_STRICT_0000367,task1,train,786,HNU11011,d12_54b59401b7c03a,TASK1_c67132fef15009_W006,6,30000,35000,-16.6336784|122.531357|143.83493|-49.3223877|-76.0469055|135.405746|-71.89888|-17.3995247|-2777.28394|-129.423325|-1111.38794|-1653.81323,d12_54b59401b7c03a:30000:35000
D12_STRICT_0000368,task1,train,787,HNU11011,d12_54b59401b7c03a,TASK1_c67132fef15009_W007,7,35000,40000,-16.6336784|122.531357|143.83493|-49.3223877|-76.0469055|135.405746|-71.89888|-17.3995247|-2777.28394|-129.423325|-1111.38794|-1653.81323,d12_54b59401b7c03a:35000:40000
D12_STRICT_0000369,task1,train,788,HNU11011,d12_54b59401b7c03a,TASK1_c67132fef15009_W008,8,40000,45000,-16.6336784|122.531357|143.83493|-49.3223877|-76.0469055|135.405746|-71.89888|-17.3995247|-2777.28394|-129.423325|-1111.38794|-1653.81323,d12_54b59401b7c03a:40000:45000
D12_STRICT_0000370,task1,train,789,HNU11011,d12_54b59401b7c03a,TASK1_c67132fef15009_W009,9,45000,50000,-16.6336784|122.531357|143.83493|-49.3223877|-76.0469055|135.405746|-71.89888|-17.3995247|-2777.28394|-129.423325|-1111.38794|-1653.81323,d12_54b59401b7c03a:45000:50000
D12_STRICT_0000371,task1,train,790,HNU11011,d12_54b59401b7c03a,TASK1_c67132fef15009_W010,10,50000,55000,-16.6336784|122.531357|143.83493|-49.3223877|-76.0469055|135.405746|-71.89888|-17.3995247|-2777.28394|-129.423325|-1111.38794|-1653.81323,d12_54b59401b7c03a:50000:55000
D12_STRICT_0000372,task2,train,107,HNU11011,d12_54b59401b7c03a,TASK2_eebd466c97a226_W011,11,55000,60000,,d12_54b59401b7c03a:55000:60000
D12_STRICT_0000373,task1,train,175,HNU11016,d12_5fd99b7f6a0359,TASK1_7fb7452ad90e80_W000,0,0,5000,125.895493|-38.9902153|-163.143723|-49.8502274|142.403748|-107.76796|96.9537354|-197.273163|22.3381119|-194.679138|-612.674561|-50.2324524,d12_5fd99b7f6a0359:0:5000
D12_STRICT_0000374,task1,train,176,HNU11016,d12_5fd99b7f6a0359,TASK1_7fb7452ad90e80_W001,1,5000,10000,125.895493|-38.9902153|-163.143723|-49.8502274|142.403748|-107.76796|96.9537354|-197.273163|22.3381119|-194.679138|-612.674561|-50.2324524,d12_5fd99b7f6a0359:5000:10000
D12_STRICT_0000375,task1,train,177,HNU11016,d12_5fd99b7f6a0359,TASK1_7fb7452ad90e80_W002,2,10000,15000,125.895493|-38.9902153|-163.143723|-49.8502274|142.403748|-107.76796|96.9537354|-197.273163|22.3381119|-194.679138|-612.674561|-50.2324524,d12_5fd99b7f6a0359:10000:15000
D12_STRICT_0000376,task1,train,178,HNU11016,d12_5fd99b7f6a0359,TASK1_7fb7452ad90e80_W003,3,15000,20000,125.895493|-38.9902153|-163.143723|-49.8502274|142.403748|-107.76796|96.9537354|-197.273163|22.3381119|-194.679138|-612.674561|-50.2324524,d12_5fd99b7f6a0359:15000:20000
D12_STRICT_0000377,task1,train,179,HNU11016,d12_5fd99b7f6a0359,TASK1_7fb7452ad90e80_W004,4,20000,25000,125.895493|-38.9902153|-163.143723|-49.8502274|142.403748|-107.76796|96.9537354|-197.273163|22.3381119|-194.679138|-612.674561|-50.2324524,d12_5fd99b7f6a0359:20000:25000
D12_STRICT_0000378,task1,train,180,HNU11016,d12_5fd99b7f6a0359,TASK1_7fb7452ad90e80_W005,5,25000,30000,125.895493|-38.9902153|-163.143723|-49.8502274|142.403748|-107.76796|96.9537354|-197.273163|22.3381119|-194.679138|-612.674561|-50.2324524,d12_5fd99b7f6a0359:25000:30000
D12_STRICT_0000379,task1,train,181,HNU11016,d12_5fd99b7f6a0359,TASK1_7fb7452ad90e80_W006,6,30000,35000,125.895493|-38.9902153|-163.143723|-49.8502274|142.403748|-107.76796|96.9537354|-197.273163|22.3381119|-194.679138|-612.674561|-50.2324524,d12_5fd99b7f6a0359:30000:35000
D12_STRICT_0000380,task1,train,182,HNU11016,d12_5fd99b7f6a0359,TASK1_7fb7452ad90e80_W007,7,35000,40000,125.895493|-38.9902153|-163.143723|-49.8502274|142.403748|-107.76796|96.9537354|-197.273163|22.3381119|-194.679138|-612.674561|-50.2324524,d12_5fd99b7f6a0359:35000:40000
D12_STRICT_0000381,task1,train,183,HNU11016,d12_5fd99b7f6a0359,TASK1_7fb7452ad90e80_W008,8,40000,45000,125.895493|-38.9902153|-163.143723|-49.8502274|142.403748|-107.76796|96.9537354|-197.273163|22.3381119|-194.679138|-612.674561|-50.2324524,d12_5fd99b7f6a0359:40000:45000
D12_STRICT_0000382,task1,train,184,HNU11016,d12_5fd99b7f6a0359,TASK1_7fb7452ad90e80_W009,9,45000,50000,125.895493|-38.9902153|-163.143723|-49.8502274|142.403748|-107.76796|96.9537354|-197.273163|22.3381119|-194.679138|-612.674561|-50.2324524,d12_5fd99b7f6a0359:45000:50000
D12_STRICT_0000383,task1,train,185,HNU11016,d12_5fd99b7f6a0359,TASK1_7fb7452ad90e80_W010,10,50000,55000,125.895493|-38.9902153|-163.143723|-49.8502274|142.403748|-107.76796|96.9537354|-197.273163|22.3381119|-194.679138|-612.674561|-50.2324524,d12_5fd99b7f6a0359:50000:55000
D12_STRICT_0000384,task2,train,155,HNU11016,d12_5fd99b7f6a0359,TASK2_ed7d0c8fb3200b_W011,11,55000,60000,,d12_5fd99b7f6a0359:55000:60000
D12_STRICT_0000385,task1,train,626,HNU11021,d12_6972d607394654,TASK1_b4d1902db18d05_W000,0,0,5000,-338.257416|-178.945221|242.947296|250.18219|-321.586212|5.49941111|-165.425644|-31.461319|-1195.99976|-102.316566|16.8319836|-11.6133671,d12_6972d607394654:0:5000
D12_STRICT_0000386,task1,train,627,HNU11021,d12_6972d607394654,TASK1_b4d1902db18d05_W001,1,5000,10000,-338.257416|-178.945221|242.947296|250.18219|-321.586212|5.49941111|-165.425644|-31.461319|-1195.99976|-102.316566|16.8319836|-11.6133671,d12_6972d607394654:5000:10000
D12_STRICT_0000387,task1,train,628,HNU11021,d12_6972d607394654,TASK1_b4d1902db18d05_W002,2,10000,15000,-338.257416|-178.945221|242.947296|250.18219|-321.586212|5.49941111|-165.425644|-31.461319|-1195.99976|-102.316566|16.8319836|-11.6133671,d12_6972d607394654:10000:15000
D12_STRICT_0000388,task1,train,629,HNU11021,d12_6972d607394654,TASK1_b4d1902db18d05_W003,3,15000,20000,-338.257416|-178.945221|242.947296|250.18219|-321.586212|5.49941111|-165.425644|-31.461319|-1195.99976|-102.316566|16.8319836|-11.6133671,d12_6972d607394654:15000:20000
D12_STRICT_0000389,task1,train,630,HNU11021,d12_6972d607394654,TASK1_b4d1902db18d05_W004,4,20000,25000,-338.257416|-178.945221|242.947296|250.18219|-321.586212|5.49941111|-165.425644|-31.461319|-1195.99976|-102.316566|16.8319836|-11.6133671,d12_6972d607394654:20000:25000
D12_STRICT_0000390,task1,train,631,HNU11021,d12_6972d607394654,TASK1_b4d1902db18d05_W005,5,25000,30000,-338.257416|-178.945221|242.947296|250.18219|-321.586212|5.49941111|-165.425644|-31.461319|-1195.99976|-102.316566|16.8319836|-11.6133671,d12_6972d607394654:25000:30000
D12_STRICT_0000391,task1,train,632,HNU11021,d12_6972d607394654,TASK1_b4d1902db18d05_W006,6,30000,35000,-338.257416|-178.945221|242.947296|250.18219|-321.586212|5.49941111|-165.425644|-31.461319|-1195.99976|-102.316566|16.8319836|-11.6133671,d12_6972d607394654:30000:35000
D12_STRICT_0000392,task1,train,633,HNU11021,d12_6972d607394654,TASK1_b4d1902db18d05_W007,7,35000,40000,-338.257416|-178.945221|242.947296|250.18219|-321.586212|5.49941111|-165.425644|-31.461319|-1195.99976|-102.316566|16.8319836|-11.6133671,d12_6972d607394654:35000:40000
D12_STRICT_0000393,task1,train,634,HNU11021,d12_6972d607394654,TASK1_b4d1902db18d05_W008,8,40000,45000,-338.257416|-178.945221|242.947296|250.18219|-321.586212|5.49941111|-165.425644|-31.461319|-1195.99976|-102.316566|16.8319836|-11.6133671,d12_6972d607394654:40000:45000
D12_STRICT_0000394,task1,train,635,HNU11021,d12_6972d607394654,TASK1_b4d1902db18d05_W009,9,45000,50000,-338.257416|-178.945221|242.947296|250.18219|-321.586212|5.49941111|-165.425644|-31.461319|-1195.99976|-102.316566|16.8319836|-11.6133671,d12_6972d607394654:45000:50000
D12_STRICT_0000395,task1,train,636,HNU11021,d12_6972d607394654,TASK1_b4d1902db18d05_W010,10,50000,55000,-338.257416|-178.945221|242.947296|250.18219|-321.586212|5.49941111|-165.425644|-31.461319|-1195.99976|-102.316566|16.8319836|-11.6133671,d12_6972d607394654:50000:55000
D12_STRICT_0000396,task2,train,215,HNU11021,d12_6972d607394654,TASK2_a070a98ca08a6a_W011,11,55000,60000,,d12_6972d607394654:55000:60000
D12_STRICT_0000397,task1,train,681,HNU11004,d12_6b52d28690cdb8,TASK1_de4b05a6e21224_W000,0,0,5000,-21.7684517|33.3974304|79.5493622|8.52136803|-24.4245834|89.169075|-175.692261|177.721313|-208.537628|67.1521988|-175.275162|-355.122711,d12_6b52d28690cdb8:0:5000
D12_STRICT_0000398,task1,train,682,HNU11004,d12_6b52d28690cdb8,TASK1_de4b05a6e21224_W001,1,5000,10000,-21.7684517|33.3974304|79.5493622|8.52136803|-24.4245834|89.169075|-175.692261|177.721313|-208.537628|67.1521988|-175.275162|-355.122711,d12_6b52d28690cdb8:5000:10000
D12_STRICT_0000399,task1,train,683,HNU11004,d12_6b52d28690cdb8,TASK1_de4b05a6e21224_W002,2,10000,15000,-21.7684517|33.3974304|79.5493622|8.52136803|-24.4245834|89.169075|-175.692261|177.721313|-208.537628|67.1521988|-175.275162|-355.122711,d12_6b52d28690cdb8:10000:15000
D12_STRICT_0000400,task1,train,684,HNU11004,d12_6b52d28690cdb8,TASK1_de4b05a6e21224_W003,3,15000,20000,-21.7684517|33.3974304|79.5493622|8.52136803|-24.4245834|89.169075|-175.692261|177.721313|-208.537628|67.1521988|-175.275162|-355.122711,d12_6b52d28690cdb8:15000:20000
D12_STRICT_0000401,task1,train,685,HNU11004,d12_6b52d28690cdb8,TASK1_de4b05a6e21224_W004,4,20000,25000,-21.7684517|33.3974304|79.5493622|8.52136803|-24.4245834|89.169075|-175.692261|177.721313|-208.537628|67.1521988|-175.275162|-355.122711,d12_6b52d28690cdb8:20000:25000
D12_STRICT_0000402,task1,train,686,HNU11004,d12_6b52d28690cdb8,TASK1_de4b05a6e21224_W005,5,25000,30000,-21.7684517|33.3974304|79.5493622|8.52136803|-24.4245834|89.169075|-175.692261|177.721313|-208.537628|67.1521988|-175.275162|-355.122711,d12_6b52d28690cdb8:25000:30000
D12_STRICT_0000403,task1,train,687,HNU11004,d12_6b52d28690cdb8,TASK1_de4b05a6e21224_W006,6,30000,35000,-21.7684517|33.3974304|79.5493622|8.52136803|-24.4245834|89.169075|-175.692261|177.721313|-208.537628|67.1521988|-175.275162|-355.122711,d12_6b52d28690cdb8:30000:35000
D12_STRICT_0000404,task1,train,688,HNU11004,d12_6b52d28690cdb8,TASK1_de4b05a6e21224_W007,7,35000,40000,-21.7684517|33.3974304|79.5493622|8.52136803|-24.4245834|89.169075|-175.692261|177.721313|-208.537628|67.1521988|-175.275162|-355.122711,d12_6b52d28690cdb8:35000:40000
D12_STRICT_0000405,task1,train,689,HNU11004,d12_6b52d28690cdb8,TASK1_de4b05a6e21224_W008,8,40000,45000,-21.7684517|33.3974304|79.5493622|8.52136803|-24.4245834|89.169075|-175.692261|177.721313|-208.537628|67.1521988|-175.275162|-355.122711,d12_6b52d28690cdb8:40000:45000
D12_STRICT_0000406,task1,train,690,HNU11004,d12_6b52d28690cdb8,TASK1_de4b05a6e21224_W009,9,45000,50000,-21.7684517|33.3974304|79.5493622|8.52136803|-24.4245834|89.169075|-175.692261|177.721313|-208.537628|67.1521988|-175.275162|-355.122711,d12_6b52d28690cdb8:45000:50000
D12_STRICT_0000407,task1,train,691,HNU11004,d12_6b52d28690cdb8,TASK1_de4b05a6e21224_W010,10,50000,55000,-21.7684517|33.3974304|79.5493622|8.52136803|-24.4245834|89.169075|-175.692261|177.721313|-208.537628|67.1521988|-175.275162|-355.122711,d12_6b52d28690cdb8:50000:55000
D12_STRICT_0000408,task2,train,35,HNU11004,d12_6b52d28690cdb8,TASK2_eaa2b181026661_W011,11,55000,60000,,d12_6b52d28690cdb8:55000:60000
D12_STRICT_0000409,task1,train,164,HNU11034,d12_6dbd2e6358a534,TASK1_027b8a9c345db2_W000,0,0,5000,112.573738|42.7491646|-51.6408806|-76.6300278|84.3671341|-5.39949322|-58.6518059|-69.6052475|-318.758728|51.8209114|-30.664978|62.6888123,d12_6dbd2e6358a534:0:5000
D12_STRICT_0000410,task1,train,165,HNU11034,d12_6dbd2e6358a534,TASK1_027b8a9c345db2_W001,1,5000,10000,112.573738|42.7491646|-51.6408806|-76.6300278|84.3671341|-5.39949322|-58.6518059|-69.6052475|-318.758728|51.8209114|-30.664978|62.6888123,d12_6dbd2e6358a534:5000:10000
D12_STRICT_0000411,task1,train,166,HNU11034,d12_6dbd2e6358a534,TASK1_027b8a9c345db2_W002,2,10000,15000,112.573738|42.7491646|-51.6408806|-76.6300278|84.3671341|-5.39949322|-58.6518059|-69.6052475|-318.758728|51.8209114|-30.664978|62.6888123,d12_6dbd2e6358a534:10000:15000
D12_STRICT_0000412,task1,train,167,HNU11034,d12_6dbd2e6358a534,TASK1_027b8a9c345db2_W003,3,15000,20000,112.573738|42.7491646|-51.6408806|-76.6300278|84.3671341|-5.39949322|-58.6518059|-69.6052475|-318.758728|51.8209114|-30.664978|62.6888123,d12_6dbd2e6358a534:15000:20000
D12_STRICT_0000413,task1,train,168,HNU11034,d12_6dbd2e6358a534,TASK1_027b8a9c345db2_W004,4,20000,25000,112.573738|42.7491646|-51.6408806|-76.6300278|84.3671341|-5.39949322|-58.6518059|-69.6052475|-318.758728|51.8209114|-30.664978|62.6888123,d12_6dbd2e6358a534:20000:25000
D12_STRICT_0000414,task1,train,169,HNU11034,d12_6dbd2e6358a534,TASK1_027b8a9c345db2_W005,5,25000,30000,112.573738|42.7491646|-51.6408806|-76.6300278|84.3671341|-5.39949322|-58.6518059|-69.6052475|-318.758728|51.8209114|-30.664978|62.6888123,d12_6dbd2e6358a534:25000:30000
D12_STRICT_0000415,task1,train,170,HNU11034,d12_6dbd2e6358a534,TASK1_027b8a9c345db2_W006,6,30000,35000,112.573738|42.7491646|-51.6408806|-76.6300278|84.3671341|-5.39949322|-58.6518059|-69.6052475|-318.758728|51.8209114|-30.664978|62.6888123,d12_6dbd2e6358a534:30000:35000
D12_STRICT_0000416,task1,train,171,HNU11034,d12_6dbd2e6358a534,TASK1_027b8a9c345db2_W007,7,35000,40000,112.573738|42.7491646|-51.6408806|-76.6300278|84.3671341|-5.39949322|-58.6518059|-69.6052475|-318.758728|51.8209114|-30.664978|62.6888123,d12_6dbd2e6358a534:35000:40000
D12_STRICT_0000417,task1,train,172,HNU11034,d12_6dbd2e6358a534,TASK1_027b8a9c345db2_W008,8,40000,45000,112.573738|42.7491646|-51.6408806|-76.6300278|84.3671341|-5.39949322|-58.6518059|-69.6052475|-318.758728|51.8209114|-30.664978|62.6888123,d12_6dbd2e6358a534:40000:45000
D12_STRICT_0000418,task1,train,173,HNU11034,d12_6dbd2e6358a534,TASK1_027b8a9c345db2_W009,9,45000,50000,112.573738|42.7491646|-51.6408806|-76.6300278|84.3671341|-5.39949322|-58.6518059|-69.6052475|-318.758728|51.8209114|-30.664978|62.6888123,d12_6dbd2e6358a534:45000:50000
D12_STRICT_0000419,task1,train,174,HNU11034,d12_6dbd2e6358a534,TASK1_027b8a9c345db2_W010,10,50000,55000,112.573738|42.7491646|-51.6408806|-76.6300278|84.3671341|-5.39949322|-58.6518059|-69.6052475|-318.758728|51.8209114|-30.664978|62.6888123,d12_6dbd2e6358a534:50000:55000
D12_STRICT_0000420,task2,train,347,HNU11034,d12_6dbd2e6358a534,TASK2_18dbeff5a0cfdb_W011,11,55000,60000,,d12_6dbd2e6358a534:55000:60000
D12_STRICT_0000421,task1,train,758,HNU11019,d12_6f66e0bce170ec,TASK1_59a9138ded8989_W000,0,0,5000,-110.840317|62.857708|170.790009|41.7264977|-137.085007|124.941063|-502.015015|-374.345001|-633.74353|-168.744217|-1479.25867|-1576.71289,d12_6f66e0bce170ec:0:5000
D12_STRICT_0000422,task1,train,759,HNU11019,d12_6f66e0bce170ec,TASK1_59a9138ded8989_W001,1,5000,10000,-110.840317|62.857708|170.790009|41.7264977|-137.085007|124.941063|-502.015015|-374.345001|-633.74353|-168.744217|-1479.25867|-1576.71289,d12_6f66e0bce170ec:5000:10000
D12_STRICT_0000423,task1,train,760,HNU11019,d12_6f66e0bce170ec,TASK1_59a9138ded8989_W002,2,10000,15000,-110.840317|62.857708|170.790009|41.7264977|-137.085007|124.941063|-502.015015|-374.345001|-633.74353|-168.744217|-1479.25867|-1576.71289,d12_6f66e0bce170ec:10000:15000
D12_STRICT_0000424,task1,train,761,HNU11019,d12_6f66e0bce170ec,TASK1_59a9138ded8989_W003,3,15000,20000,-110.840317|62.857708|170.790009|41.7264977|-137.085007|124.941063|-502.015015|-374.345001|-633.74353|-168.744217|-1479.25867|-1576.71289,d12_6f66e0bce170ec:15000:20000
D12_STRICT_0000425,task1,train,762,HNU11019,d12_6f66e0bce170ec,TASK1_59a9138ded8989_W004,4,20000,25000,-110.840317|62.857708|170.790009|41.7264977|-137.085007|124.941063|-502.015015|-374.345001|-633.74353|-168.744217|-1479.25867|-1576.71289,d12_6f66e0bce170ec:20000:25000
D12_STRICT_0000426,task1,train,763,HNU11019,d12_6f66e0bce170ec,TASK1_59a9138ded8989_W005,5,25000,30000,-110.840317|62.857708|170.790009|41.7264977|-137.085007|124.941063|-502.015015|-374.345001|-633.74353|-168.744217|-1479.25867|-1576.71289,d12_6f66e0bce170ec:25000:30000
D12_STRICT_0000427,task1,train,764,HNU11019,d12_6f66e0bce170ec,TASK1_59a9138ded8989_W006,6,30000,35000,-110.840317|62.857708|170.790009|41.7264977|-137.085007|124.941063|-502.015015|-374.345001|-633.74353|-168.744217|-1479.25867|-1576.71289,d12_6f66e0bce170ec:30000:35000
D12_STRICT_0000428,task1,train,765,HNU11019,d12_6f66e0bce170ec,TASK1_59a9138ded8989_W007,7,35000,40000,-110.840317|62.857708|170.790009|41.7264977|-137.085007|124.941063|-502.015015|-374.345001|-633.74353|-168.744217|-1479.25867|-1576.71289,d12_6f66e0bce170ec:35000:40000
D12_STRICT_0000429,task1,train,766,HNU11019,d12_6f66e0bce170ec,TASK1_59a9138ded8989_W008,8,40000,45000,-110.840317|62.857708|170.790009|41.7264977|-137.085007|124.941063|-502.015015|-374.345001|-633.74353|-168.744217|-1479.25867|-1576.71289,d12_6f66e0bce170ec:40000:45000
D12_STRICT_0000430,task1,train,767,HNU11019,d12_6f66e0bce170ec,TASK1_59a9138ded8989_W009,9,45000,50000,-110.840317|62.857708|170.790009|41.7264977|-137.085007|124.941063|-502.015015|-374.345001|-633.74353|-168.744217|-1479.25867|-1576.71289,d12_6f66e0bce170ec:45000:50000
D12_STRICT_0000431,task1,train,768,HNU11019,d12_6f66e0bce170ec,TASK1_59a9138ded8989_W010,10,50000,55000,-110.840317|62.857708|170.790009|41.7264977|-137.085007|124.941063|-502.015015|-374.345001|-633.74353|-168.744217|-1479.25867|-1576.71289,d12_6f66e0bce170ec:50000:55000
D12_STRICT_0000432,task2,train,191,HNU11019,d12_6f66e0bce170ec,TASK2_a15389d13b7828_W011,11,55000,60000,,d12_6f66e0bce170ec:55000:60000
D12_STRICT_0000433,task1,train,747,HNU11040,d12_703999f5a3bc26,TASK1_774649a3625e46_W000,0,0,5000,38.1862793|219.917175|176.708771|-124.761261|-68.8238678|202.710815|-22.1292419|-22.0695381|-483.256287|173.554382|-64.168808|-1714.23962,d12_703999f5a3bc26:0:5000
D12_STRICT_0000434,task1,train,748,HNU11040,d12_703999f5a3bc26,TASK1_774649a3625e46_W001,1,5000,10000,38.1862793|219.917175|176.708771|-124.761261|-68.8238678|202.710815|-22.1292419|-22.0695381|-483.256287|173.554382|-64.168808|-1714.23962,d12_703999f5a3bc26:5000:10000
D12_STRICT_0000435,task1,train,749,HNU11040,d12_703999f5a3bc26,TASK1_774649a3625e46_W002,2,10000,15000,38.1862793|219.917175|176.708771|-124.761261|-68.8238678|202.710815|-22.1292419|-22.0695381|-483.256287|173.554382|-64.168808|-1714.23962,d12_703999f5a3bc26:10000:15000
D12_STRICT_0000436,task1,train,750,HNU11040,d12_703999f5a3bc26,TASK1_774649a3625e46_W003,3,15000,20000,38.1862793|219.917175|176.708771|-124.761261|-68.8238678|202.710815|-22.1292419|-22.0695381|-483.256287|173.554382|-64.168808|-1714.23962,d12_703999f5a3bc26:15000:20000
D12_STRICT_0000437,task1,train,751,HNU11040,d12_703999f5a3bc26,TASK1_774649a3625e46_W004,4,20000,25000,38.1862793|219.917175|176.708771|-124.761261|-68.8238678|202.710815|-22.1292419|-22.0695381|-483.256287|173.554382|-64.168808|-1714.23962,d12_703999f5a3bc26:20000:25000
D12_STRICT_0000438,task1,train,752,HNU11040,d12_703999f5a3bc26,TASK1_774649a3625e46_W005,5,25000,30000,38.1862793|219.917175|176.708771|-124.761261|-68.8238678|202.710815|-22.1292419|-22.0695381|-483.256287|173.554382|-64.168808|-1714.23962,d12_703999f5a3bc26:25000:30000
D12_STRICT_0000439,task1,train,753,HNU11040,d12_703999f5a3bc26,TASK1_774649a3625e46_W006,6,30000,35000,38.1862793|219.917175|176.708771|-124.761261|-68.8238678|202.710815|-22.1292419|-22.0695381|-483.256287|173.554382|-64.168808|-1714.23962,d12_703999f5a3bc26:30000:35000
D12_STRICT_0000440,task1,train,754,HNU11040,d12_703999f5a3bc26,TASK1_774649a3625e46_W007,7,35000,40000,38.1862793|219.917175|176.708771|-124.761261|-68.8238678|202.710815|-22.1292419|-22.0695381|-483.256287|173.554382|-64.168808|-1714.23962,d12_703999f5a3bc26:35000:40000
D12_STRICT_0000441,task1,train,755,HNU11040,d12_703999f5a3bc26,TASK1_774649a3625e46_W008,8,40000,45000,38.1862793|219.917175|176.708771|-124.761261|-68.8238678|202.710815|-22.1292419|-22.0695381|-483.256287|173.554382|-64.168808|-1714.23962,d12_703999f5a3bc26:40000:45000
D12_STRICT_0000442,task1,train,756,HNU11040,d12_703999f5a3bc26,TASK1_774649a3625e46_W009,9,45000,50000,38.1862793|219.917175|176.708771|-124.761261|-68.8238678|202.710815|-22.1292419|-22.0695381|-483.256287|173.554382|-64.168808|-1714.23962,d12_703999f5a3bc26:45000:50000
D12_STRICT_0000443,task1,train,757,HNU11040,d12_703999f5a3bc26,TASK1_774649a3625e46_W010,10,50000,55000,38.1862793|219.917175|176.708771|-124.761261|-68.8238678|202.710815|-22.1292419|-22.0695381|-483.256287|173.554382|-64.168808|-1714.23962,d12_703999f5a3bc26:50000:55000
D12_STRICT_0000444,task2,train,419,HNU11040,d12_703999f5a3bc26,TASK2_c2443e1d2710b1_W011,11,55000,60000,,d12_703999f5a3bc26:55000:60000
D12_STRICT_0000445,task1,train,98,HNU11038,d12_71c9ff8708e535,TASK1_7f9f506d91ecf6_W000,0,0,5000,-830.74469|-77.2883148|755.807983|444.169067|-792.200562|338.421265|53.1895676|136.683075|99.9771881|122.96328|83.3726196|175.829742,d12_71c9ff8708e535:0:5000
D12_STRICT_0000446,task1,train,99,HNU11038,d12_71c9ff8708e535,TASK1_7f9f506d91ecf6_W001,1,5000,10000,-830.74469|-77.2883148|755.807983|444.169067|-792.200562|338.421265|53.1895676|136.683075|99.9771881|122.96328|83.3726196|175.829742,d12_71c9ff8708e535:5000:10000
D12_STRICT_0000447,task1,train,100,HNU11038,d12_71c9ff8708e535,TASK1_7f9f506d91ecf6_W002,2,10000,15000,-830.74469|-77.2883148|755.807983|444.169067|-792.200562|338.421265|53.1895676|136.683075|99.9771881|122.96328|83.3726196|175.829742,d12_71c9ff8708e535:10000:15000
D12_STRICT_0000448,task1,train,101,HNU11038,d12_71c9ff8708e535,TASK1_7f9f506d91ecf6_W003,3,15000,20000,-830.74469|-77.2883148|755.807983|444.169067|-792.200562|338.421265|53.1895676|136.683075|99.9771881|122.96328|83.3726196|175.829742,d12_71c9ff8708e535:15000:20000
D12_STRICT_0000449,task1,train,102,HNU11038,d12_71c9ff8708e535,TASK1_7f9f506d91ecf6_W004,4,20000,25000,-830.74469|-77.2883148|755.807983|444.169067|-792.200562|338.421265|53.1895676|136.683075|99.9771881|122.96328|83.3726196|175.829742,d12_71c9ff8708e535:20000:25000
D12_STRICT_0000450,task1,train,103,HNU11038,d12_71c9ff8708e535,TASK1_7f9f506d91ecf6_W005,5,25000,30000,-830.74469|-77.2883148|755.807983|444.169067|-792.200562|338.421265|53.1895676|136.683075|99.9771881|122.96328|83.3726196|175.829742,d12_71c9ff8708e535:25000:30000
D12_STRICT_0000451,task1,train,104,HNU11038,d12_71c9ff8708e535,TASK1_7f9f506d91ecf6_W006,6,30000,35000,-830.74469|-77.2883148|755.807983|444.169067|-792.200562|338.421265|53.1895676|136.683075|99.9771881|122.96328|83.3726196|175.829742,d12_71c9ff8708e535:30000:35000
D12_STRICT_0000452,task1,train,105,HNU11038,d12_71c9ff8708e535,TASK1_7f9f506d91ecf6_W007,7,35000,40000,-830.74469|-77.2883148|755.807983|444.169067|-792.200562|338.421265|53.1895676|136.683075|99.9771881|122.96328|83.3726196|175.829742,d12_71c9ff8708e535:35000:40000
D12_STRICT_0000453,task1,train,106,HNU11038,d12_71c9ff8708e535,TASK1_7f9f506d91ecf6_W008,8,40000,45000,-830.74469|-77.2883148|755.807983|444.169067|-792.200562|338.421265|53.1895676|136.683075|99.9771881|122.96328|83.3726196|175.829742,d12_71c9ff8708e535:40000:45000
D12_STRICT_0000454,task1,train,107,HNU11038,d12_71c9ff8708e535,TASK1_7f9f506d91ecf6_W009,9,45000,50000,-830.74469|-77.2883148|755.807983|444.169067|-792.200562|338.421265|53.1895676|136.683075|99.9771881|122.96328|83.3726196|175.829742,d12_71c9ff8708e535:45000:50000
D12_STRICT_0000455,task1,train,108,HNU11038,d12_71c9ff8708e535,TASK1_7f9f506d91ecf6_W010,10,50000,55000,-830.74469|-77.2883148|755.807983|444.169067|-792.200562|338.421265|53.1895676|136.683075|99.9771881|122.96328|83.3726196|175.829742,d12_71c9ff8708e535:50000:55000
D12_STRICT_0000456,task2,train,395,HNU11038,d12_71c9ff8708e535,TASK2_67f838b9ba3a8e_W011,11,55000,60000,,d12_71c9ff8708e535:55000:60000
D12_STRICT_0000457,task1,train,219,HNU11022,d12_73b74af6caf256,TASK1_fc9b3e72838eea_W000,0,0,5000,-33.7024727|-29.1068172|-5.30841589|34.1603203|-17.7886734|-14.2156544|-650.928101|-95.1962814|-372.049316|-67.113678|-275.424866|-444.579468,d12_73b74af6caf256:0:5000
D12_STRICT_0000458,task1,train,220,HNU11022,d12_73b74af6caf256,TASK1_fc9b3e72838eea_W001,1,5000,10000,-33.7024727|-29.1068172|-5.30841589|34.1603203|-17.7886734|-14.2156544|-650.928101|-95.1962814|-372.049316|-67.113678|-275.424866|-444.579468,d12_73b74af6caf256:5000:10000
D12_STRICT_0000459,task1,train,221,HNU11022,d12_73b74af6caf256,TASK1_fc9b3e72838eea_W002,2,10000,15000,-33.7024727|-29.1068172|-5.30841589|34.1603203|-17.7886734|-14.2156544|-650.928101|-95.1962814|-372.049316|-67.113678|-275.424866|-444.579468,d12_73b74af6caf256:10000:15000
D12_STRICT_0000460,task1,train,222,HNU11022,d12_73b74af6caf256,TASK1_fc9b3e72838eea_W003,3,15000,20000,-33.7024727|-29.1068172|-5.30841589|34.1603203|-17.7886734|-14.2156544|-650.928101|-95.1962814|-372.049316|-67.113678|-275.424866|-444.579468,d12_73b74af6caf256:15000:20000
D12_STRICT_0000461,task1,train,223,HNU11022,d12_73b74af6caf256,TASK1_fc9b3e72838eea_W004,4,20000,25000,-33.7024727|-29.1068172|-5.30841589|34.1603203|-17.7886734|-14.2156544|-650.928101|-95.1962814|-372.049316|-67.113678|-275.424866|-444.579468,d12_73b74af6caf256:20000:25000
D12_STRICT_0000462,task1,train,224,HNU11022,d12_73b74af6caf256,TASK1_fc9b3e72838eea_W005,5,25000,30000,-33.7024727|-29.1068172|-5.30841589|34.1603203|-17.7886734|-14.2156544|-650.928101|-95.1962814|-372.049316|-67.113678|-275.424866|-444.579468,d12_73b74af6caf256:25000:30000
D12_STRICT_0000463,task1,train,225,HNU11022,d12_73b74af6caf256,TASK1_fc9b3e72838eea_W006,6,30000,35000,-33.7024727|-29.1068172|-5.30841589|34.1603203|-17.7886734|-14.2156544|-650.928101|-95.1962814|-372.049316|-67.113678|-275.424866|-444.579468,d12_73b74af6caf256:30000:35000
D12_STRICT_0000464,task1,train,226,HNU11022,d12_73b74af6caf256,TASK1_fc9b3e72838eea_W007,7,35000,40000,-33.7024727|-29.1068172|-5.30841589|34.1603203|-17.7886734|-14.2156544|-650.928101|-95.1962814|-372.049316|-67.113678|-275.424866|-444.579468,d12_73b74af6caf256:35000:40000
D12_STRICT_0000465,task1,train,227,HNU11022,d12_73b74af6caf256,TASK1_fc9b3e72838eea_W008,8,40000,45000,-33.7024727|-29.1068172|-5.30841589|34.1603203|-17.7886734|-14.2156544|-650.928101|-95.1962814|-372.049316|-67.113678|-275.424866|-444.579468,d12_73b74af6caf256:40000:45000
D12_STRICT_0000466,task1,train,228,HNU11022,d12_73b74af6caf256,TASK1_fc9b3e72838eea_W009,9,45000,50000,-33.7024727|-29.1068172|-5.30841589|34.1603203|-17.7886734|-14.2156544|-650.928101|-95.1962814|-372.049316|-67.113678|-275.424866|-444.579468,d12_73b74af6caf256:45000:50000
D12_STRICT_0000467,task1,train,229,HNU11022,d12_73b74af6caf256,TASK1_fc9b3e72838eea_W010,10,50000,55000,-33.7024727|-29.1068172|-5.30841589|34.1603203|-17.7886734|-14.2156544|-650.928101|-95.1962814|-372.049316|-67.113678|-275.424866|-444.579468,d12_73b74af6caf256:50000:55000
D12_STRICT_0000468,task2,train,299,HNU11022,d12_73b74af6caf256,TASK2_f93f67ba41209f_W011,11,55000,60000,,d12_73b74af6caf256:55000:60000
D12_STRICT_0000469,task1,train,582,HNU11023,d12_79923f75fb4746,TASK1_dfdbdc3df6a3d7_W000,0,0,5000,106.907768|74.8079453|-32.5075798|-88.728157|74.8133011|22.9608173|-494.818329|-114.289848|-1547.37207|85.3674469|-569.943298|-1000.34192,d12_79923f75fb4746:0:5000
D12_STRICT_0000470,task1,train,583,HNU11023,d12_79923f75fb4746,TASK1_dfdbdc3df6a3d7_W001,1,5000,10000,106.907768|74.8079453|-32.5075798|-88.728157|74.8133011|22.9608173|-494.818329|-114.289848|-1547.37207|85.3674469|-569.943298|-1000.34192,d12_79923f75fb4746:5000:10000
D12_STRICT_0000471,task1,train,584,HNU11023,d12_79923f75fb4746,TASK1_dfdbdc3df6a3d7_W002,2,10000,15000,106.907768|74.8079453|-32.5075798|-88.728157|74.8133011|22.9608173|-494.818329|-114.289848|-1547.37207|85.3674469|-569.943298|-1000.34192,d12_79923f75fb4746:10000:15000
D12_STRICT_0000472,task1,train,585,HNU11023,d12_79923f75fb4746,TASK1_dfdbdc3df6a3d7_W003,3,15000,20000,106.907768|74.8079453|-32.5075798|-88.728157|74.8133011|22.9608173|-494.818329|-114.289848|-1547.37207|85.3674469|-569.943298|-1000.34192,d12_79923f75fb4746:15000:20000
D12_STRICT_0000473,task1,train,586,HNU11023,d12_79923f75fb4746,TASK1_dfdbdc3df6a3d7_W004,4,20000,25000,106.907768|74.8079453|-32.5075798|-88.728157|74.8133011|22.9608173|-494.818329|-114.289848|-1547.37207|85.3674469|-569.943298|-1000.34192,d12_79923f75fb4746:20000:25000
D12_STRICT_0000474,task1,train,587,HNU11023,d12_79923f75fb4746,TASK1_dfdbdc3df6a3d7_W005,5,25000,30000,106.907768|74.8079453|-32.5075798|-88.728157|74.8133011|22.9608173|-494.818329|-114.289848|-1547.37207|85.3674469|-569.943298|-1000.34192,d12_79923f75fb4746:25000:30000
D12_STRICT_0000475,task1,train,588,HNU11023,d12_79923f75fb4746,TASK1_dfdbdc3df6a3d7_W006,6,30000,35000,106.907768|74.8079453|-32.5075798|-88.728157|74.8133011|22.9608173|-494.818329|-114.289848|-1547.37207|85.3674469|-569.943298|-1000.34192,d12_79923f75fb4746:30000:35000
D12_STRICT_0000476,task1,train,589,HNU11023,d12_79923f75fb4746,TASK1_dfdbdc3df6a3d7_W007,7,35000,40000,106.907768|74.8079453|-32.5075798|-88.728157|74.8133011|22.9608173|-494.818329|-114.289848|-1547.37207|85.3674469|-569.943298|-1000.34192,d12_79923f75fb4746:35000:40000
D12_STRICT_0000477,task1,train,590,HNU11023,d12_79923f75fb4746,TASK1_dfdbdc3df6a3d7_W008,8,40000,45000,106.907768|74.8079453|-32.5075798|-88.728157|74.8133011|22.9608173|-494.818329|-114.289848|-1547.37207|85.3674469|-569.943298|-1000.34192,d12_79923f75fb4746:40000:45000
D12_STRICT_0000478,task1,train,591,HNU11023,d12_79923f75fb4746,TASK1_dfdbdc3df6a3d7_W009,9,45000,50000,106.907768|74.8079453|-32.5075798|-88.728157|74.8133011|22.9608173|-494.818329|-114.289848|-1547.37207|85.3674469|-569.943298|-1000.34192,d12_79923f75fb4746:45000:50000
D12_STRICT_0000479,task1,train,592,HNU11023,d12_79923f75fb4746,TASK1_dfdbdc3df6a3d7_W010,10,50000,55000,106.907768|74.8079453|-32.5075798|-88.728157|74.8133011|22.9608173|-494.818329|-114.289848|-1547.37207|85.3674469|-569.943298|-1000.34192,d12_79923f75fb4746:50000:55000
D12_STRICT_0000480,task2,train,227,HNU11023,d12_79923f75fb4746,TASK2_30e5bad40403a0_W011,11,55000,60000,,d12_79923f75fb4746:55000:60000
D12_STRICT_0000481,task1,train,802,HNU11012,d12_79bb71da1f76e9,TASK1_967ae22da7a509_W000,0,0,5000,2.37135434|19.1342449|25.1722603|-5.15447092|-11.5101805|20.3072968|-235.319855|39.532299|-920.090149|-6.88094139|-389.06778|-601.183044,d12_79bb71da1f76e9:0:5000
D12_STRICT_0000482,task1,train,803,HNU11012,d12_79bb71da1f76e9,TASK1_967ae22da7a509_W001,1,5000,10000,2.37135434|19.1342449|25.1722603|-5.15447092|-11.5101805|20.3072968|-235.319855|39.532299|-920.090149|-6.88094139|-389.06778|-601.183044,d12_79bb71da1f76e9:5000:10000
D12_STRICT_0000483,task1,train,804,HNU11012,d12_79bb71da1f76e9,TASK1_967ae22da7a509_W002,2,10000,15000,2.37135434|19.1342449|25.1722603|-5.15447092|-11.5101805|20.3072968|-235.319855|39.532299|-920.090149|-6.88094139|-389.06778|-601.183044,d12_79bb71da1f76e9:10000:15000
D12_STRICT_0000484,task1,train,805,HNU11012,d12_79bb71da1f76e9,TASK1_967ae22da7a509_W003,3,15000,20000,2.37135434|19.1342449|25.1722603|-5.15447092|-11.5101805|20.3072968|-235.319855|39.532299|-920.090149|-6.88094139|-389.06778|-601.183044,d12_79bb71da1f76e9:15000:20000
D12_STRICT_0000485,task1,train,806,HNU11012,d12_79bb71da1f76e9,TASK1_967ae22da7a509_W004,4,20000,25000,2.37135434|19.1342449|25.1722603|-5.15447092|-11.5101805|20.3072968|-235.319855|39.532299|-920.090149|-6.88094139|-389.06778|-601.183044,d12_79bb71da1f76e9:20000:25000
D12_STRICT_0000486,task1,train,807,HNU11012,d12_79bb71da1f76e9,TASK1_967ae22da7a509_W005,5,25000,30000,2.37135434|19.1342449|25.1722603|-5.15447092|-11.5101805|20.3072968|-235.319855|39.532299|-920.090149|-6.88094139|-389.06778|-601.183044,d12_79bb71da1f76e9:25000:30000
D12_STRICT_0000487,task1,train,808,HNU11012,d12_79bb71da1f76e9,TASK1_967ae22da7a509_W006,6,30000,35000,2.37135434|19.1342449|25.1722603|-5.15447092|-11.5101805|20.3072968|-235.319855|39.532299|-920.090149|-6.88094139|-389.06778|-601.183044,d12_79bb71da1f76e9:30000:35000
D12_STRICT_0000488,task1,train,809,HNU11012,d12_79bb71da1f76e9,TASK1_967ae22da7a509_W007,7,35000,40000,2.37135434|19.1342449|25.1722603|-5.15447092|-11.5101805|20.3072968|-235.319855|39.532299|-920.090149|-6.88094139|-389.06778|-601.183044,d12_79bb71da1f76e9:35000:40000
D12_STRICT_0000489,task1,train,810,HNU11012,d12_79bb71da1f76e9,TASK1_967ae22da7a509_W008,8,40000,45000,2.37135434|19.1342449|25.1722603|-5.15447092|-11.5101805|20.3072968|-235.319855|39.532299|-920.090149|-6.88094139|-389.06778|-601.183044,d12_79bb71da1f76e9:40000:45000
D12_STRICT_0000490,task1,train,811,HNU11012,d12_79bb71da1f76e9,TASK1_967ae22da7a509_W009,9,45000,50000,2.37135434|19.1342449|25.1722603|-5.15447092|-11.5101805|20.3072968|-235.319855|39.532299|-920.090149|-6.88094139|-389.06778|-601.183044,d12_79bb71da1f76e9:45000:50000
D12_STRICT_0000491,task1,train,812,HNU11012,d12_79bb71da1f76e9,TASK1_967ae22da7a509_W010,10,50000,55000,2.37135434|19.1342449|25.1722603|-5.15447092|-11.5101805|20.3072968|-235.319855|39.532299|-920.090149|-6.88094139|-389.06778|-601.183044,d12_79bb71da1f76e9:50000:55000
D12_STRICT_0000492,task2,train,119,HNU11012,d12_79bb71da1f76e9,TASK2_caa8d7d2980866_W011,11,55000,60000,,d12_79bb71da1f76e9:55000:60000
D12_STRICT_0000493,task1,train,505,HNU11039,d12_7f1860e69f45b5,TASK1_b6a6cd24ed61b3_W000,0,0,5000,-218.735886|-122.328987|85.3391724|169.238968|-156.133331|-15.3757849|-312.429291|-11.3340168|-767.940735|-69.0449982|-845.923828|-1303.69104,d12_7f1860e69f45b5:0:5000
D12_STRICT_0000494,task1,train,506,HNU11039,d12_7f1860e69f45b5,TASK1_b6a6cd24ed61b3_W001,1,5000,10000,-218.735886|-122.328987|85.3391724|169.238968|-156.133331|-15.3757849|-312.429291|-11.3340168|-767.940735|-69.0449982|-845.923828|-1303.69104,d12_7f1860e69f45b5:5000:10000
D12_STRICT_0000495,task1,train,507,HNU11039,d12_7f1860e69f45b5,TASK1_b6a6cd24ed61b3_W002,2,10000,15000,-218.735886|-122.328987|85.3391724|169.238968|-156.133331|-15.3757849|-312.429291|-11.3340168|-767.940735|-69.0449982|-845.923828|-1303.69104,d12_7f1860e69f45b5:10000:15000
D12_STRICT_0000496,task1,train,508,HNU11039,d12_7f1860e69f45b5,TASK1_b6a6cd24ed61b3_W003,3,15000,20000,-218.735886|-122.328987|85.3391724|169.238968|-156.133331|-15.3757849|-312.429291|-11.3340168|-767.940735|-69.0449982|-845.923828|-1303.69104,d12_7f1860e69f45b5:15000:20000
D12_STRICT_0000497,task1,train,509,HNU11039,d12_7f1860e69f45b5,TASK1_b6a6cd24ed61b3_W004,4,20000,25000,-218.735886|-122.328987|85.3391724|169.238968|-156.133331|-15.3757849|-312.429291|-11.3340168|-767.940735|-69.0449982|-845.923828|-1303.69104,d12_7f1860e69f45b5:20000:25000
D12_STRICT_0000498,task1,train,510,HNU11039,d12_7f1860e69f45b5,TASK1_b6a6cd24ed61b3_W005,5,25000,30000,-218.735886|-122.328987|85.3391724|169.238968|-156.133331|-15.3757849|-312.429291|-11.3340168|-767.940735|-69.0449982|-845.923828|-1303.69104,d12_7f1860e69f45b5:25000:30000
D12_STRICT_0000499,task1,train,511,HNU11039,d12_7f1860e69f45b5,TASK1_b6a6cd24ed61b3_W006,6,30000,35000,-218.735886|-122.328987|85.3391724|169.238968|-156.133331|-15.3757849|-312.429291|-11.3340168|-767.940735|-69.0449982|-845.923828|-1303.69104,d12_7f1860e69f45b5:30000:35000
D12_STRICT_0000500,task1,train,512,HNU11039,d12_7f1860e69f45b5,TASK1_b6a6cd24ed61b3_W007,7,35000,40000,-218.735886|-122.328987|85.3391724|169.238968|-156.133331|-15.3757849|-312.429291|-11.3340168|-767.940735|-69.0449982|-845.923828|-1303.69104,d12_7f1860e69f45b5:35000:40000
D12_STRICT_0000501,task1,train,513,HNU11039,d12_7f1860e69f45b5,TASK1_b6a6cd24ed61b3_W008,8,40000,45000,-218.735886|-122.328987|85.3391724|169.238968|-156.133331|-15.3757849|-312.429291|-11.3340168|-767.940735|-69.0449982|-845.923828|-1303.69104,d12_7f1860e69f45b5:40000:45000
D12_STRICT_0000502,task1,train,514,HNU11039,d12_7f1860e69f45b5,TASK1_b6a6cd24ed61b3_W009,9,45000,50000,-218.735886|-122.328987|85.3391724|169.238968|-156.133331|-15.3757849|-312.429291|-11.3340168|-767.940735|-69.0449982|-845.923828|-1303.69104,d12_7f1860e69f45b5:45000:50000
D12_STRICT_0000503,task1,train,515,HNU11039,d12_7f1860e69f45b5,TASK1_b6a6cd24ed61b3_W010,10,50000,55000,-218.735886|-122.328987|85.3391724|169.238968|-156.133331|-15.3757849|-312.429291|-11.3340168|-767.940735|-69.0449982|-845.923828|-1303.69104,d12_7f1860e69f45b5:50000:55000
D12_STRICT_0000504,task2,train,407,HNU11039,d12_7f1860e69f45b5,TASK2_be19f938f7940d_W011,11,55000,60000,,d12_7f1860e69f45b5:55000:60000
D12_STRICT_0000505,task1,train,362,HNU11018,d12_83317d672b265e,TASK1_f9a2e447621238_W000,0,0,5000,197.389557|-73.6688538|-297.68988|-57.1943817|270.246735|-177.29715|-179.224243|-5.07553244|-117.908745|-92.4515991|-730.856201|-402.41095,d12_83317d672b265e:0:5000
D12_STRICT_0000506,task1,train,363,HNU11018,d12_83317d672b265e,TASK1_f9a2e447621238_W001,1,5000,10000,197.389557|-73.6688538|-297.68988|-57.1943817|270.246735|-177.29715|-179.224243|-5.07553244|-117.908745|-92.4515991|-730.856201|-402.41095,d12_83317d672b265e:5000:10000
D12_STRICT_0000507,task1,train,364,HNU11018,d12_83317d672b265e,TASK1_f9a2e447621238_W002,2,10000,15000,197.389557|-73.6688538|-297.68988|-57.1943817|270.246735|-177.29715|-179.224243|-5.07553244|-117.908745|-92.4515991|-730.856201|-402.41095,d12_83317d672b265e:10000:15000
D12_STRICT_0000508,task1,train,365,HNU11018,d12_83317d672b265e,TASK1_f9a2e447621238_W003,3,15000,20000,197.389557|-73.6688538|-297.68988|-57.1943817|270.246735|-177.29715|-179.224243|-5.07553244|-117.908745|-92.4515991|-730.856201|-402.41095,d12_83317d672b265e:15000:20000
D12_STRICT_0000509,task1,train,366,HNU11018,d12_83317d672b265e,TASK1_f9a2e447621238_W004,4,20000,25000,197.389557|-73.6688538|-297.68988|-57.1943817|270.246735|-177.29715|-179.224243|-5.07553244|-117.908745|-92.4515991|-730.856201|-402.41095,d12_83317d672b265e:20000:25000
D12_STRICT_0000510,task1,train,367,HNU11018,d12_83317d672b265e,TASK1_f9a2e447621238_W005,5,25000,30000,197.389557|-73.6688538|-297.68988|-57.1943817|270.246735|-177.29715|-179.224243|-5.07553244|-117.908745|-92.4515991|-730.856201|-402.41095,d12_83317d672b265e:25000:30000
D12_STRICT_0000511,task1,train,368,HNU11018,d12_83317d672b265e,TASK1_f9a2e447621238_W006,6,30000,35000,197.389557|-73.6688538|-297.68988|-57.1943817|270.246735|-177.29715|-179.224243|-5.07553244|-117.908745|-92.4515991|-730.856201|-402.41095,d12_83317d672b265e:30000:35000
D12_STRICT_0000512,task1,train,369,HNU11018,d12_83317d672b265e,TASK1_f9a2e447621238_W007,7,35000,40000,197.389557|-73.6688538|-297.68988|-57.1943817|270.246735|-177.29715|-179.224243|-5.07553244|-117.908745|-92.4515991|-730.856201|-402.41095,d12_83317d672b265e:35000:40000
D12_STRICT_0000513,task1,train,370,HNU11018,d12_83317d672b265e,TASK1_f9a2e447621238_W008,8,40000,45000,197.389557|-73.6688538|-297.68988|-57.1943817|270.246735|-177.29715|-179.224243|-5.07553244|-117.908745|-92.4515991|-730.856201|-402.41095,d12_83317d672b265e:40000:45000
D12_STRICT_0000514,task1,train,371,HNU11018,d12_83317d672b265e,TASK1_f9a2e447621238_W009,9,45000,50000,197.389557|-73.6688538|-297.68988|-57.1943817|270.246735|-177.29715|-179.224243|-5.07553244|-117.908745|-92.4515991|-730.856201|-402.41095,d12_83317d672b265e:45000:50000
D12_STRICT_0000515,task1,train,372,HNU11018,d12_83317d672b265e,TASK1_f9a2e447621238_W010,10,50000,55000,197.389557|-73.6688538|-297.68988|-57.1943817|270.246735|-177.29715|-179.224243|-5.07553244|-117.908745|-92.4515991|-730.856201|-402.41095,d12_83317d672b265e:50000:55000
D12_STRICT_0000516,task2,train,179,HNU11018,d12_83317d672b265e,TASK2_f5e6ed746df346_W011,11,55000,60000,,d12_83317d672b265e:55000:60000
D12_STRICT_0000517,task1,train,0,HNU11094,d12_85274e7c560787,TASK1_3aaeab270349f4_W000,0,0,5000,-564.605103|-85.5514908|469.450867|328.30896|-517.582886|200.304779|287.987915|204.601349|84.8423843|381.482574|77.8032837|87.8975449,d12_85274e7c560787:0:5000
D12_STRICT_0000518,task1,train,1,HNU11094,d12_85274e7c560787,TASK1_3aaeab270349f4_W001,1,5000,10000,-564.605103|-85.5514908|469.450867|328.30896|-517.582886|200.304779|287.987915|204.601349|84.8423843|381.482574|77.8032837|87.8975449,d12_85274e7c560787:5000:10000
D12_STRICT_0000519,task1,train,2,HNU11094,d12_85274e7c560787,TASK1_3aaeab270349f4_W002,2,10000,15000,-564.605103|-85.5514908|469.450867|328.30896|-517.582886|200.304779|287.987915|204.601349|84.8423843|381.482574|77.8032837|87.8975449,d12_85274e7c560787:10000:15000
D12_STRICT_0000520,task1,train,3,HNU11094,d12_85274e7c560787,TASK1_3aaeab270349f4_W003,3,15000,20000,-564.605103|-85.5514908|469.450867|328.30896|-517.582886|200.304779|287.987915|204.601349|84.8423843|381.482574|77.8032837|87.8975449,d12_85274e7c560787:15000:20000
D12_STRICT_0000521,task1,train,4,HNU11094,d12_85274e7c560787,TASK1_3aaeab270349f4_W004,4,20000,25000,-564.605103|-85.5514908|469.450867|328.30896|-517.582886|200.304779|287.987915|204.601349|84.8423843|381.482574|77.8032837|87.8975449,d12_85274e7c560787:20000:25000
D12_STRICT_0000522,task1,train,5,HNU11094,d12_85274e7c560787,TASK1_3aaeab270349f4_W005,5,25000,30000,-564.605103|-85.5514908|469.450867|328.30896|-517.582886|200.304779|287.987915|204.601349|84.8423843|381.482574|77.8032837|87.8975449,d12_85274e7c560787:25000:30000
D12_STRICT_0000523,task1,train,6,HNU11094,d12_85274e7c560787,TASK1_3aaeab270349f4_W006,6,30000,35000,-564.605103|-85.5514908|469.450867|328.30896|-517.582886|200.304779|287.987915|204.601349|84.8423843|381.482574|77.8032837|87.8975449,d12_85274e7c560787:30000:35000
D12_STRICT_0000524,task1,train,7,HNU11094,d12_85274e7c560787,TASK1_3aaeab270349f4_W007,7,35000,40000,-564.605103|-85.5514908|469.450867|328.30896|-517.582886|200.304779|287.987915|204.601349|84.8423843|381.482574|77.8032837|87.8975449,d12_85274e7c560787:35000:40000
D12_STRICT_0000525,task1,train,8,HNU11094,d12_85274e7c560787,TASK1_3aaeab270349f4_W008,8,40000,45000,-564.605103|-85.5514908|469.450867|328.30896|-517.582886|200.304779|287.987915|204.601349|84.8423843|381.482574|77.8032837|87.8975449,d12_85274e7c560787:40000:45000
D12_STRICT_0000526,task1,train,9,HNU11094,d12_85274e7c560787,TASK1_3aaeab270349f4_W009,9,45000,50000,-564.605103|-85.5514908|469.450867|328.30896|-517.582886|200.304779|287.987915|204.601349|84.8423843|381.482574|77.8032837|87.8975449,d12_85274e7c560787:45000:50000
D12_STRICT_0000527,task1,train,10,HNU11094,d12_85274e7c560787,TASK1_3aaeab270349f4_W010,10,50000,55000,-564.605103|-85.5514908|469.450867|328.30896|-517.582886|200.304779|287.987915|204.601349|84.8423843|381.482574|77.8032837|87.8975449,d12_85274e7c560787:50000:55000
D12_STRICT_0000528,task2,train,900,HNU11094,d12_85274e7c560787,TASK2_f779e72d826033_W011,11,55000,60000,,d12_85274e7c560787:55000:60000
D12_STRICT_0000529,task1,train,900,HNU11069,d12_85fed2117c26e0,TASK1_7c40c0202ee2f6_W000,0,0,5000,-60.8461571|-199.153503|-142.809418|131.507629|44.6104126|-169.668152|110.581871|146.372513|72.0137711|193.605026|-48.6490974|347.414337,d12_85fed2117c26e0:0:5000
D12_STRICT_0000530,task1,train,901,HNU11069,d12_85fed2117c26e0,TASK1_7c40c0202ee2f6_W001,1,5000,10000,-60.8461571|-199.153503|-142.809418|131.507629|44.6104126|-169.668152|110.581871|146.372513|72.0137711|193.605026|-48.6490974|347.414337,d12_85fed2117c26e0:5000:10000
D12_STRICT_0000531,task1,train,902,HNU11069,d12_85fed2117c26e0,TASK1_7c40c0202ee2f6_W002,2,10000,15000,-60.8461571|-199.153503|-142.809418|131.507629|44.6104126|-169.668152|110.581871|146.372513|72.0137711|193.605026|-48.6490974|347.414337,d12_85fed2117c26e0:10000:15000
D12_STRICT_0000532,task1,train,903,HNU11069,d12_85fed2117c26e0,TASK1_7c40c0202ee2f6_W003,3,15000,20000,-60.8461571|-199.153503|-142.809418|131.507629|44.6104126|-169.668152|110.581871|146.372513|72.0137711|193.605026|-48.6490974|347.414337,d12_85fed2117c26e0:15000:20000
D12_STRICT_0000533,task1,train,904,HNU11069,d12_85fed2117c26e0,TASK1_7c40c0202ee2f6_W004,4,20000,25000,-60.8461571|-199.153503|-142.809418|131.507629|44.6104126|-169.668152|110.581871|146.372513|72.0137711|193.605026|-48.6490974|347.414337,d12_85fed2117c26e0:20000:25000
D12_STRICT_0000534,task1,train,905,HNU11069,d12_85fed2117c26e0,TASK1_7c40c0202ee2f6_W005,5,25000,30000,-60.8461571|-199.153503|-142.809418|131.507629|44.6104126|-169.668152|110.581871|146.372513|72.0137711|193.605026|-48.6490974|347.414337,d12_85fed2117c26e0:25000:30000
D12_STRICT_0000535,task1,train,906,HNU11069,d12_85fed2117c26e0,TASK1_7c40c0202ee2f6_W006,6,30000,35000,-60.8461571|-199.153503|-142.809418|131.507629|44.6104126|-169.668152|110.581871|146.372513|72.0137711|193.605026|-48.6490974|347.414337,d12_85fed2117c26e0:30000:35000
D12_STRICT_0000536,task1,train,907,HNU11069,d12_85fed2117c26e0,TASK1_7c40c0202ee2f6_W007,7,35000,40000,-60.8461571|-199.153503|-142.809418|131.507629|44.6104126|-169.668152|110.581871|146.372513|72.0137711|193.605026|-48.6490974|347.414337,d12_85fed2117c26e0:35000:40000
D12_STRICT_0000537,task1,train,908,HNU11069,d12_85fed2117c26e0,TASK1_7c40c0202ee2f6_W008,8,40000,45000,-60.8461571|-199.153503|-142.809418|131.507629|44.6104126|-169.668152|110.581871|146.372513|72.0137711|193.605026|-48.6490974|347.414337,d12_85fed2117c26e0:40000:45000
D12_STRICT_0000538,task1,train,909,HNU11069,d12_85fed2117c26e0,TASK1_7c40c0202ee2f6_W009,9,45000,50000,-60.8461571|-199.153503|-142.809418|131.507629|44.6104126|-169.668152|110.581871|146.372513|72.0137711|193.605026|-48.6490974|347.414337,d12_85fed2117c26e0:45000:50000
D12_STRICT_0000539,task1,train,910,HNU11069,d12_85fed2117c26e0,TASK1_7c40c0202ee2f6_W010,10,50000,55000,-60.8461571|-199.153503|-142.809418|131.507629|44.6104126|-169.668152|110.581871|146.372513|72.0137711|193.605026|-48.6490974|347.414337,d12_85fed2117c26e0:50000:55000
D12_STRICT_0000540,task2,train,623,HNU11069,d12_85fed2117c26e0,TASK2_0aade9e4cf02a7_W011,11,55000,60000,,d12_85fed2117c26e0:55000:60000
D12_STRICT_0000541,task1,train,516,HNU11078,d12_8b162c7eb65881,TASK1_0e70c0ae3cf03c_W000,0,0,5000,-12.5933475|-124.158264|-108.590477|72.486496|53.9661026|-111.780518|188.758331|94.6362915|27.5681992|114.889473|-431.423218|-557.851929,d12_8b162c7eb65881:0:5000
D12_STRICT_0000542,task1,train,517,HNU11078,d12_8b162c7eb65881,TASK1_0e70c0ae3cf03c_W001,1,5000,10000,-12.5933475|-124.158264|-108.590477|72.486496|53.9661026|-111.780518|188.758331|94.6362915|27.5681992|114.889473|-431.423218|-557.851929,d12_8b162c7eb65881:5000:10000
D12_STRICT_0000543,task1,train,518,HNU11078,d12_8b162c7eb65881,TASK1_0e70c0ae3cf03c_W002,2,10000,15000,-12.5933475|-124.158264|-108.590477|72.486496|53.9661026|-111.780518|188.758331|94.6362915|27.5681992|114.889473|-431.423218|-557.851929,d12_8b162c7eb65881:10000:15000
D12_STRICT_0000544,task1,train,519,HNU11078,d12_8b162c7eb65881,TASK1_0e70c0ae3cf03c_W003,3,15000,20000,-12.5933475|-124.158264|-108.590477|72.486496|53.9661026|-111.780518|188.758331|94.6362915|27.5681992|114.889473|-431.423218|-557.851929,d12_8b162c7eb65881:15000:20000
D12_STRICT_0000545,task1,train,520,HNU11078,d12_8b162c7eb65881,TASK1_0e70c0ae3cf03c_W004,4,20000,25000,-12.5933475|-124.158264|-108.590477|72.486496|53.9661026|-111.780518|188.758331|94.6362915|27.5681992|114.889473|-431.423218|-557.851929,d12_8b162c7eb65881:20000:25000
D12_STRICT_0000546,task1,train,521,HNU11078,d12_8b162c7eb65881,TASK1_0e70c0ae3cf03c_W005,5,25000,30000,-12.5933475|-124.158264|-108.590477|72.486496|53.9661026|-111.780518|188.758331|94.6362915|27.5681992|114.889473|-431.423218|-557.851929,d12_8b162c7eb65881:25000:30000
D12_STRICT_0000547,task1,train,522,HNU11078,d12_8b162c7eb65881,TASK1_0e70c0ae3cf03c_W006,6,30000,35000,-12.5933475|-124.158264|-108.590477|72.486496|53.9661026|-111.780518|188.758331|94.6362915|27.5681992|114.889473|-431.423218|-557.851929,d12_8b162c7eb65881:30000:35000
D12_STRICT_0000548,task1,train,523,HNU11078,d12_8b162c7eb65881,TASK1_0e70c0ae3cf03c_W007,7,35000,40000,-12.5933475|-124.158264|-108.590477|72.486496|53.9661026|-111.780518|188.758331|94.6362915|27.5681992|114.889473|-431.423218|-557.851929,d12_8b162c7eb65881:35000:40000
D12_STRICT_0000549,task1,train,524,HNU11078,d12_8b162c7eb65881,TASK1_0e70c0ae3cf03c_W008,8,40000,45000,-12.5933475|-124.158264|-108.590477|72.486496|53.9661026|-111.780518|188.758331|94.6362915|27.5681992|114.889473|-431.423218|-557.851929,d12_8b162c7eb65881:40000:45000
D12_STRICT_0000550,task1,train,525,HNU11078,d12_8b162c7eb65881,TASK1_0e70c0ae3cf03c_W009,9,45000,50000,-12.5933475|-124.158264|-108.590477|72.486496|53.9661026|-111.780518|188.758331|94.6362915|27.5681992|114.889473|-431.423218|-557.851929,d12_8b162c7eb65881:45000:50000
D12_STRICT_0000551,task1,train,526,HNU11078,d12_8b162c7eb65881,TASK1_0e70c0ae3cf03c_W010,10,50000,55000,-12.5933475|-124.158264|-108.590477|72.486496|53.9661026|-111.780518|188.758331|94.6362915|27.5681992|114.889473|-431.423218|-557.851929,d12_8b162c7eb65881:50000:55000
D12_STRICT_0000552,task2,train,695,HNU11078,d12_8b162c7eb65881,TASK2_f884b2602d661f_W011,11,55000,60000,,d12_8b162c7eb65881:55000:60000
D12_STRICT_0000553,task1,train,813,HNU11066,d12_978f53a6bbc1a2,TASK1_9f744aa6735d88_W000,0,0,5000,-1.64587688|-20.2413406|-16.7461662|15.3170862|18.0398598|-13.7631893|-742.098389|36.8788147|-568.937073|-81.1093445|-449.460083|-509.579529,d12_978f53a6bbc1a2:0:5000
D12_STRICT_0000554,task1,train,814,HNU11066,d12_978f53a6bbc1a2,TASK1_9f744aa6735d88_W001,1,5000,10000,-1.64587688|-20.2413406|-16.7461662|15.3170862|18.0398598|-13.7631893|-742.098389|36.8788147|-568.937073|-81.1093445|-449.460083|-509.579529,d12_978f53a6bbc1a2:5000:10000
D12_STRICT_0000555,task1,train,815,HNU11066,d12_978f53a6bbc1a2,TASK1_9f744aa6735d88_W002,2,10000,15000,-1.64587688|-20.2413406|-16.7461662|15.3170862|18.0398598|-13.7631893|-742.098389|36.8788147|-568.937073|-81.1093445|-449.460083|-509.579529,d12_978f53a6bbc1a2:10000:15000
D12_STRICT_0000556,task1,train,816,HNU11066,d12_978f53a6bbc1a2,TASK1_9f744aa6735d88_W003,3,15000,20000,-1.64587688|-20.2413406|-16.7461662|15.3170862|18.0398598|-13.7631893|-742.098389|36.8788147|-568.937073|-81.1093445|-449.460083|-509.579529,d12_978f53a6bbc1a2:15000:20000
D12_STRICT_0000557,task1,train,817,HNU11066,d12_978f53a6bbc1a2,TASK1_9f744aa6735d88_W004,4,20000,25000,-1.64587688|-20.2413406|-16.7461662|15.3170862|18.0398598|-13.7631893|-742.098389|36.8788147|-568.937073|-81.1093445|-449.460083|-509.579529,d12_978f53a6bbc1a2:20000:25000
D12_STRICT_0000558,task1,train,818,HNU11066,d12_978f53a6bbc1a2,TASK1_9f744aa6735d88_W005,5,25000,30000,-1.64587688|-20.2413406|-16.7461662|15.3170862|18.0398598|-13.7631893|-742.098389|36.8788147|-568.937073|-81.1093445|-449.460083|-509.579529,d12_978f53a6bbc1a2:25000:30000
D12_STRICT_0000559,task1,train,819,HNU11066,d12_978f53a6bbc1a2,TASK1_9f744aa6735d88_W006,6,30000,35000,-1.64587688|-20.2413406|-16.7461662|15.3170862|18.0398598|-13.7631893|-742.098389|36.8788147|-568.937073|-81.1093445|-449.460083|-509.579529,d12_978f53a6bbc1a2:30000:35000
D12_STRICT_0000560,task1,train,820,HNU11066,d12_978f53a6bbc1a2,TASK1_9f744aa6735d88_W007,7,35000,40000,-1.64587688|-20.2413406|-16.7461662|15.3170862|18.0398598|-13.7631893|-742.098389|36.8788147|-568.937073|-81.1093445|-449.460083|-509.579529,d12_978f53a6bbc1a2:35000:40000
D12_STRICT_0000561,task1,train,821,HNU11066,d12_978f53a6bbc1a2,TASK1_9f744aa6735d88_W008,8,40000,45000,-1.64587688|-20.2413406|-16.7461662|15.3170862|18.0398598|-13.7631893|-742.098389|36.8788147|-568.937073|-81.1093445|-449.460083|-509.579529,d12_978f53a6bbc1a2:40000:45000
D12_STRICT_0000562,task1,train,822,HNU11066,d12_978f53a6bbc1a2,TASK1_9f744aa6735d88_W009,9,45000,50000,-1.64587688|-20.2413406|-16.7461662|15.3170862|18.0398598|-13.7631893|-742.098389|36.8788147|-568.937073|-81.1093445|-449.460083|-509.579529,d12_978f53a6bbc1a2:45000:50000
D12_STRICT_0000563,task1,train,823,HNU11066,d12_978f53a6bbc1a2,TASK1_9f744aa6735d88_W010,10,50000,55000,-1.64587688|-20.2413406|-16.7461662|15.3170862|18.0398598|-13.7631893|-742.098389|36.8788147|-568.937073|-81.1093445|-449.460083|-509.579529,d12_978f53a6bbc1a2:50000:55000
D12_STRICT_0000564,task2,train,611,HNU11066,d12_978f53a6bbc1a2,TASK2_3e9d3b0050d9dd_W011,11,55000,60000,,d12_978f53a6bbc1a2:55000:60000
D12_STRICT_0000565,task1,train,274,HNU11071,d12_97b1bbdd984592,TASK1_3c93648e82ad9c_W000,0,0,5000,-177.099091|40.5929146|224.594696|71.2265472|-187.949203|132.355545|-355.140198|155.898178|-652.528381|213.581345|-897.339661|-187.392731,d12_97b1bbdd984592:0:5000
D12_STRICT_0000566,task1,train,275,HNU11071,d12_97b1bbdd984592,TASK1_3c93648e82ad9c_W001,1,5000,10000,-177.099091|40.5929146|224.594696|71.2265472|-187.949203|132.355545|-355.140198|155.898178|-652.528381|213.581345|-897.339661|-187.392731,d12_97b1bbdd984592:5000:10000
D12_STRICT_0000567,task1,train,276,HNU11071,d12_97b1bbdd984592,TASK1_3c93648e82ad9c_W002,2,10000,15000,-177.099091|40.5929146|224.594696|71.2265472|-187.949203|132.355545|-355.140198|155.898178|-652.528381|213.581345|-897.339661|-187.392731,d12_97b1bbdd984592:10000:15000
D12_STRICT_0000568,task1,train,277,HNU11071,d12_97b1bbdd984592,TASK1_3c93648e82ad9c_W003,3,15000,20000,-177.099091|40.5929146|224.594696|71.2265472|-187.949203|132.355545|-355.140198|155.898178|-652.528381|213.581345|-897.339661|-187.392731,d12_97b1bbdd984592:15000:20000
D12_STRICT_0000569,task1,train,278,HNU11071,d12_97b1bbdd984592,TASK1_3c93648e82ad9c_W004,4,20000,25000,-177.099091|40.5929146|224.594696|71.2265472|-187.949203|132.355545|-355.140198|155.898178|-652.528381|213.581345|-897.339661|-187.392731,d12_97b1bbdd984592:20000:25000
D12_STRICT_0000570,task1,train,279,HNU11071,d12_97b1bbdd984592,TASK1_3c93648e82ad9c_W005,5,25000,30000,-177.099091|40.5929146|224.594696|71.2265472|-187.949203|132.355545|-355.140198|155.898178|-652.528381|213.581345|-897.339661|-187.392731,d12_97b1bbdd984592:25000:30000
D12_STRICT_0000571,task1,train,280,HNU11071,d12_97b1bbdd984592,TASK1_3c93648e82ad9c_W006,6,30000,35000,-177.099091|40.5929146|224.594696|71.2265472|-187.949203|132.355545|-355.140198|155.898178|-652.528381|213.581345|-897.339661|-187.392731,d12_97b1bbdd984592:30000:35000
D12_STRICT_0000572,task1,train,281,HNU11071,d12_97b1bbdd984592,TASK1_3c93648e82ad9c_W007,7,35000,40000,-177.099091|40.5929146|224.594696|71.2265472|-187.949203|132.355545|-355.140198|155.898178|-652.528381|213.581345|-897.339661|-187.392731,d12_97b1bbdd984592:35000:40000
D12_STRICT_0000573,task1,train,282,HNU11071,d12_97b1bbdd984592,TASK1_3c93648e82ad9c_W008,8,40000,45000,-177.099091|40.5929146|224.594696|71.2265472|-187.949203|132.355545|-355.140198|155.898178|-652.528381|213.581345|-897.339661|-187.392731,d12_97b1bbdd984592:40000:45000
D12_STRICT_0000574,task1,train,283,HNU11071,d12_97b1bbdd984592,TASK1_3c93648e82ad9c_W009,9,45000,50000,-177.099091|40.5929146|224.594696|71.2265472|-187.949203|132.355545|-355.140198|155.898178|-652.528381|213.581345|-897.339661|-187.392731,d12_97b1bbdd984592:45000:50000
D12_STRICT_0000575,task1,train,284,HNU11071,d12_97b1bbdd984592,TASK1_3c93648e82ad9c_W010,10,50000,55000,-177.099091|40.5929146|224.594696|71.2265472|-187.949203|132.355545|-355.140198|155.898178|-652.528381|213.581345|-897.339661|-187.392731,d12_97b1bbdd984592:50000:55000
D12_STRICT_0000576,task2,train,635,HNU11071,d12_97b1bbdd984592,TASK2_3ac67871e4d082_W011,11,55000,60000,,d12_97b1bbdd984592:55000:60000
D12_STRICT_0000577,task1,train,824,HNU11020,d12_9896b26fa933ef,TASK1_b99018f5bffebc_W000,0,0,5000,-210.968872|-1.91667557|200.749451|110.440407|-202.15271|108.966583|-668.596069|-444.777039|-1635.37292|-196.010437|-841.315674|-511.673065,d12_9896b26fa933ef:0:5000
D12_STRICT_0000578,task1,train,825,HNU11020,d12_9896b26fa933ef,TASK1_b99018f5bffebc_W001,1,5000,10000,-210.968872|-1.91667557|200.749451|110.440407|-202.15271|108.966583|-668.596069|-444.777039|-1635.37292|-196.010437|-841.315674|-511.673065,d12_9896b26fa933ef:5000:10000
D12_STRICT_0000579,task1,train,826,HNU11020,d12_9896b26fa933ef,TASK1_b99018f5bffebc_W002,2,10000,15000,-210.968872|-1.91667557|200.749451|110.440407|-202.15271|108.966583|-668.596069|-444.777039|-1635.37292|-196.010437|-841.315674|-511.673065,d12_9896b26fa933ef:10000:15000
D12_STRICT_0000580,task1,train,827,HNU11020,d12_9896b26fa933ef,TASK1_b99018f5bffebc_W003,3,15000,20000,-210.968872|-1.91667557|200.749451|110.440407|-202.15271|108.966583|-668.596069|-444.777039|-1635.37292|-196.010437|-841.315674|-511.673065,d12_9896b26fa933ef:15000:20000
D12_STRICT_0000581,task1,train,828,HNU11020,d12_9896b26fa933ef,TASK1_b99018f5bffebc_W004,4,20000,25000,-210.968872|-1.91667557|200.749451|110.440407|-202.15271|108.966583|-668.596069|-444.777039|-1635.37292|-196.010437|-841.315674|-511.673065,d12_9896b26fa933ef:20000:25000
D12_STRICT_0000582,task1,train,829,HNU11020,d12_9896b26fa933ef,TASK1_b99018f5bffebc_W005,5,25000,30000,-210.968872|-1.91667557|200.749451|110.440407|-202.15271|108.966583|-668.596069|-444.777039|-1635.37292|-196.010437|-841.315674|-511.673065,d12_9896b26fa933ef:25000:30000
D12_STRICT_0000583,task1,train,830,HNU11020,d12_9896b26fa933ef,TASK1_b99018f5bffebc_W006,6,30000,35000,-210.968872|-1.91667557|200.749451|110.440407|-202.15271|108.966583|-668.596069|-444.777039|-1635.37292|-196.010437|-841.315674|-511.673065,d12_9896b26fa933ef:30000:35000
D12_STRICT_0000584,task1,train,831,HNU11020,d12_9896b26fa933ef,TASK1_b99018f5bffebc_W007,7,35000,40000,-210.968872|-1.91667557|200.749451|110.440407|-202.15271|108.966583|-668.596069|-444.777039|-1635.37292|-196.010437|-841.315674|-511.673065,d12_9896b26fa933ef:35000:40000
D12_STRICT_0000585,task1,train,832,HNU11020,d12_9896b26fa933ef,TASK1_b99018f5bffebc_W008,8,40000,45000,-210.968872|-1.91667557|200.749451|110.440407|-202.15271|108.966583|-668.596069|-444.777039|-1635.37292|-196.010437|-841.315674|-511.673065,d12_9896b26fa933ef:40000:45000
D12_STRICT_0000586,task1,train,833,HNU11020,d12_9896b26fa933ef,TASK1_b99018f5bffebc_W009,9,45000,50000,-210.968872|-1.91667557|200.749451|110.440407|-202.15271|108.966583|-668.596069|-444.777039|-1635.37292|-196.010437|-841.315674|-511.673065,d12_9896b26fa933ef:45000:50000
D12_STRICT_0000587,task1,train,834,HNU11020,d12_9896b26fa933ef,TASK1_b99018f5bffebc_W010,10,50000,55000,-210.968872|-1.91667557|200.749451|110.440407|-202.15271|108.966583|-668.596069|-444.777039|-1635.37292|-196.010437|-841.315674|-511.673065,d12_9896b26fa933ef:50000:55000
D12_STRICT_0000588,task2,train,203,HNU11020,d12_9896b26fa933ef,TASK2_870b3386cf6368_W011,11,55000,60000,,d12_9896b26fa933ef:55000:60000
D12_STRICT_0000589,task1,train,483,HNU11030,d12_9b3cc7e2573092,TASK1_6f818fad2941f7_W000,0,0,5000,95.3021011|92.5208893|-10.865097|-100.399269|36.2415276|40.6596718|-1296.7511|-53.7446022|-1631.65015|167.173676|-1963.67236|-1768.53882,d12_9b3cc7e2573092:0:5000
D12_STRICT_0000590,task1,train,484,HNU11030,d12_9b3cc7e2573092,TASK1_6f818fad2941f7_W001,1,5000,10000,95.3021011|92.5208893|-10.865097|-100.399269|36.2415276|40.6596718|-1296.7511|-53.7446022|-1631.65015|167.173676|-1963.67236|-1768.53882,d12_9b3cc7e2573092:5000:10000
D12_STRICT_0000591,task1,train,485,HNU11030,d12_9b3cc7e2573092,TASK1_6f818fad2941f7_W002,2,10000,15000,95.3021011|92.5208893|-10.865097|-100.399269|36.2415276|40.6596718|-1296.7511|-53.7446022|-1631.65015|167.173676|-1963.67236|-1768.53882,d12_9b3cc7e2573092:10000:15000
D12_STRICT_0000592,task1,train,486,HNU11030,d12_9b3cc7e2573092,TASK1_6f818fad2941f7_W003,3,15000,20000,95.3021011|92.5208893|-10.865097|-100.399269|36.2415276|40.6596718|-1296.7511|-53.7446022|-1631.65015|167.173676|-1963.67236|-1768.53882,d12_9b3cc7e2573092:15000:20000
D12_STRICT_0000593,task1,train,487,HNU11030,d12_9b3cc7e2573092,TASK1_6f818fad2941f7_W004,4,20000,25000,95.3021011|92.5208893|-10.865097|-100.399269|36.2415276|40.6596718|-1296.7511|-53.7446022|-1631.65015|167.173676|-1963.67236|-1768.53882,d12_9b3cc7e2573092:20000:25000
D12_STRICT_0000594,task1,train,488,HNU11030,d12_9b3cc7e2573092,TASK1_6f818fad2941f7_W005,5,25000,30000,95.3021011|92.5208893|-10.865097|-100.399269|36.2415276|40.6596718|-1296.7511|-53.7446022|-1631.65015|167.173676|-1963.67236|-1768.53882,d12_9b3cc7e2573092:25000:30000
D12_STRICT_0000595,task1,train,489,HNU11030,d12_9b3cc7e2573092,TASK1_6f818fad2941f7_W006,6,30000,35000,95.3021011|92.5208893|-10.865097|-100.399269|36.2415276|40.6596718|-1296.7511|-53.7446022|-1631.65015|167.173676|-1963.67236|-1768.53882,d12_9b3cc7e2573092:30000:35000
D12_STRICT_0000596,task1,train,490,HNU11030,d12_9b3cc7e2573092,TASK1_6f818fad2941f7_W007,7,35000,40000,95.3021011|92.5208893|-10.865097|-100.399269|36.2415276|40.6596718|-1296.7511|-53.7446022|-1631.65015|167.173676|-1963.67236|-1768.53882,d12_9b3cc7e2573092:35000:40000
D12_STRICT_0000597,task1,train,491,HNU11030,d12_9b3cc7e2573092,TASK1_6f818fad2941f7_W008,8,40000,45000,95.3021011|92.5208893|-10.865097|-100.399269|36.2415276|40.6596718|-1296.7511|-53.7446022|-1631.65015|167.173676|-1963.67236|-1768.53882,d12_9b3cc7e2573092:40000:45000
D12_STRICT_0000598,task1,train,492,HNU11030,d12_9b3cc7e2573092,TASK1_6f818fad2941f7_W009,9,45000,50000,95.3021011|92.5208893|-10.865097|-100.399269|36.2415276|40.6596718|-1296.7511|-53.7446022|-1631.65015|167.173676|-1963.67236|-1768.53882,d12_9b3cc7e2573092:45000:50000
D12_STRICT_0000599,task1,train,493,HNU11030,d12_9b3cc7e2573092,TASK1_6f818fad2941f7_W010,10,50000,55000,95.3021011|92.5208893|-10.865097|-100.399269|36.2415276|40.6596718|-1296.7511|-53.7446022|-1631.65015|167.173676|-1963.67236|-1768.53882,d12_9b3cc7e2573092:50000:55000
D12_STRICT_0000600,task2,train,311,HNU11030,d12_9b3cc7e2573092,TASK2_9ebbcc38153eae_W011,11,55000,60000,,d12_9b3cc7e2573092:55000:60000
D12_STRICT_0000601,task1,train,670,HNU11086,d12_a27f81682d6d56,TASK1_63ebb4f7bffa01_W000,0,0,5000,248.583267|-91.3889618|-338.636932|-73.9969254|300.28064|-213.492065|-1013.1535|296.76947|-1540.31409|5.02204943|-1231.10498|-1792.28479,d12_a27f81682d6d56:0:5000
D12_STRICT_0000602,task1,train,671,HNU11086,d12_a27f81682d6d56,TASK1_63ebb4f7bffa01_W001,1,5000,10000,248.583267|-91.3889618|-338.636932|-73.9969254|300.28064|-213.492065|-1013.1535|296.76947|-1540.31409|5.02204943|-1231.10498|-1792.28479,d12_a27f81682d6d56:5000:10000
D12_STRICT_0000603,task1,train,672,HNU11086,d12_a27f81682d6d56,TASK1_63ebb4f7bffa01_W002,2,10000,15000,248.583267|-91.3889618|-338.636932|-73.9969254|300.28064|-213.492065|-1013.1535|296.76947|-1540.31409|5.02204943|-1231.10498|-1792.28479,d12_a27f81682d6d56:10000:15000
D12_STRICT_0000604,task1,train,673,HNU11086,d12_a27f81682d6d56,TASK1_63ebb4f7bffa01_W003,3,15000,20000,248.583267|-91.3889618|-338.636932|-73.9969254|300.28064|-213.492065|-1013.1535|296.76947|-1540.31409|5.02204943|-1231.10498|-1792.28479,d12_a27f81682d6d56:15000:20000
D12_STRICT_0000605,task1,train,674,HNU11086,d12_a27f81682d6d56,TASK1_63ebb4f7bffa01_W004,4,20000,25000,248.583267|-91.3889618|-338.636932|-73.9969254|300.28064|-213.492065|-1013.1535|296.76947|-1540.31409|5.02204943|-1231.10498|-1792.28479,d12_a27f81682d6d56:20000:25000
D12_STRICT_0000606,task1,train,675,HNU11086,d12_a27f81682d6d56,TASK1_63ebb4f7bffa01_W005,5,25000,30000,248.583267|-91.3889618|-338.636932|-73.9969254|300.28064|-213.492065|-1013.1535|296.76947|-1540.31409|5.02204943|-1231.10498|-1792.28479,d12_a27f81682d6d56:25000:30000
D12_STRICT_0000607,task1,train,676,HNU11086,d12_a27f81682d6d56,TASK1_63ebb4f7bffa01_W006,6,30000,35000,248.583267|-91.3889618|-338.636932|-73.9969254|300.28064|-213.492065|-1013.1535|296.76947|-1540.31409|5.02204943|-1231.10498|-1792.28479,d12_a27f81682d6d56:30000:35000
D12_STRICT_0000608,task1,train,677,HNU11086,d12_a27f81682d6d56,TASK1_63ebb4f7bffa01_W007,7,35000,40000,248.583267|-91.3889618|-338.636932|-73.9969254|300.28064|-213.492065|-1013.1535|296.76947|-1540.31409|5.02204943|-1231.10498|-1792.28479,d12_a27f81682d6d56:35000:40000
D12_STRICT_0000609,task1,train,678,HNU11086,d12_a27f81682d6d56,TASK1_63ebb4f7bffa01_W008,8,40000,45000,248.583267|-91.3889618|-338.636932|-73.9969254|300.28064|-213.492065|-1013.1535|296.76947|-1540.31409|5.02204943|-1231.10498|-1792.28479,d12_a27f81682d6d56:40000:45000
D12_STRICT_0000610,task1,train,679,HNU11086,d12_a27f81682d6d56,TASK1_63ebb4f7bffa01_W009,9,45000,50000,248.583267|-91.3889618|-338.636932|-73.9969254|300.28064|-213.492065|-1013.1535|296.76947|-1540.31409|5.02204943|-1231.10498|-1792.28479,d12_a27f81682d6d56:45000:50000
D12_STRICT_0000611,task1,train,680,HNU11086,d12_a27f81682d6d56,TASK1_63ebb4f7bffa01_W010,10,50000,55000,248.583267|-91.3889618|-338.636932|-73.9969254|300.28064|-213.492065|-1013.1535|296.76947|-1540.31409|5.02204943|-1231.10498|-1792.28479,d12_a27f81682d6d56:50000:55000
D12_STRICT_0000612,task2,train,792,HNU11086,d12_a27f81682d6d56,TASK2_5225d442ad493b_W011,11,55000,60000,,d12_a27f81682d6d56:55000:60000
D12_STRICT_0000613,task1,train,615,HNU11095,d12_a8861d947ae5c3,TASK1_57d2aa88c285b4_W000,0,0,5000,-194.690018|22.1773529|191.986267|71.171524|-194.982056|104.944977|-2.70655012|320.776672|-159.568802|580.246216|-230.655334|-121.422478,d12_a8861d947ae5c3:0:5000
D12_STRICT_0000614,task1,train,616,HNU11095,d12_a8861d947ae5c3,TASK1_57d2aa88c285b4_W001,1,5000,10000,-194.690018|22.1773529|191.986267|71.171524|-194.982056|104.944977|-2.70655012|320.776672|-159.568802|580.246216|-230.655334|-121.422478,d12_a8861d947ae5c3:5000:10000
D12_STRICT_0000615,task1,train,617,HNU11095,d12_a8861d947ae5c3,TASK1_57d2aa88c285b4_W002,2,10000,15000,-194.690018|22.1773529|191.986267|71.171524|-194.982056|104.944977|-2.70655012|320.776672|-159.568802|580.246216|-230.655334|-121.422478,d12_a8861d947ae5c3:10000:15000
D12_STRICT_0000616,task1,train,618,HNU11095,d12_a8861d947ae5c3,TASK1_57d2aa88c285b4_W003,3,15000,20000,-194.690018|22.1773529|191.986267|71.171524|-194.982056|104.944977|-2.70655012|320.776672|-159.568802|580.246216|-230.655334|-121.422478,d12_a8861d947ae5c3:15000:20000
D12_STRICT_0000617,task1,train,619,HNU11095,d12_a8861d947ae5c3,TASK1_57d2aa88c285b4_W004,4,20000,25000,-194.690018|22.1773529|191.986267|71.171524|-194.982056|104.944977|-2.70655012|320.776672|-159.568802|580.246216|-230.655334|-121.422478,d12_a8861d947ae5c3:20000:25000
D12_STRICT_0000618,task1,train,620,HNU11095,d12_a8861d947ae5c3,TASK1_57d2aa88c285b4_W005,5,25000,30000,-194.690018|22.1773529|191.986267|71.171524|-194.982056|104.944977|-2.70655012|320.776672|-159.568802|580.246216|-230.655334|-121.422478,d12_a8861d947ae5c3:25000:30000
D12_STRICT_0000619,task1,train,621,HNU11095,d12_a8861d947ae5c3,TASK1_57d2aa88c285b4_W006,6,30000,35000,-194.690018|22.1773529|191.986267|71.171524|-194.982056|104.944977|-2.70655012|320.776672|-159.568802|580.246216|-230.655334|-121.422478,d12_a8861d947ae5c3:30000:35000
D12_STRICT_0000620,task1,train,622,HNU11095,d12_a8861d947ae5c3,TASK1_57d2aa88c285b4_W007,7,35000,40000,-194.690018|22.1773529|191.986267|71.171524|-194.982056|104.944977|-2.70655012|320.776672|-159.568802|580.246216|-230.655334|-121.422478,d12_a8861d947ae5c3:35000:40000
D12_STRICT_0000621,task1,train,623,HNU11095,d12_a8861d947ae5c3,TASK1_57d2aa88c285b4_W008,8,40000,45000,-194.690018|22.1773529|191.986267|71.171524|-194.982056|104.944977|-2.70655012|320.776672|-159.568802|580.246216|-230.655334|-121.422478,d12_a8861d947ae5c3:40000:45000
D12_STRICT_0000622,task1,train,624,HNU11095,d12_a8861d947ae5c3,TASK1_57d2aa88c285b4_W009,9,45000,50000,-194.690018|22.1773529|191.986267|71.171524|-194.982056|104.944977|-2.70655012|320.776672|-159.568802|580.246216|-230.655334|-121.422478,d12_a8861d947ae5c3:45000:50000
D12_STRICT_0000623,task1,train,625,HNU11095,d12_a8861d947ae5c3,TASK1_57d2aa88c285b4_W010,10,50000,55000,-194.690018|22.1773529|191.986267|71.171524|-194.982056|104.944977|-2.70655012|320.776672|-159.568802|580.246216|-230.655334|-121.422478,d12_a8861d947ae5c3:50000:55000
D12_STRICT_0000624,task2,train,888,HNU11095,d12_a8861d947ae5c3,TASK2_231dc7cfe4c9e0_W011,11,55000,60000,,d12_a8861d947ae5c3:55000:60000
D12_STRICT_0000625,task1,train,560,HNU11079,d12_add801e8c2ef5f,TASK1_7db274363206d8_W000,0,0,5000,-107.470818|162.037506|247.369476|-31.9805565|-156.63504|201.654907|-665.104004|126.343544|-583.05957|-41.6648026|-276.800446|-682.702454,d12_add801e8c2ef5f:0:5000
D12_STRICT_0000626,task1,train,561,HNU11079,d12_add801e8c2ef5f,TASK1_7db274363206d8_W001,1,5000,10000,-107.470818|162.037506|247.369476|-31.9805565|-156.63504|201.654907|-665.104004|126.343544|-583.05957|-41.6648026|-276.800446|-682.702454,d12_add801e8c2ef5f:5000:10000
D12_STRICT_0000627,task1,train,562,HNU11079,d12_add801e8c2ef5f,TASK1_7db274363206d8_W002,2,10000,15000,-107.470818|162.037506|247.369476|-31.9805565|-156.63504|201.654907|-665.104004|126.343544|-583.05957|-41.6648026|-276.800446|-682.702454,d12_add801e8c2ef5f:10000:15000
D12_STRICT_0000628,task1,train,563,HNU11079,d12_add801e8c2ef5f,TASK1_7db274363206d8_W003,3,15000,20000,-107.470818|162.037506|247.369476|-31.9805565|-156.63504|201.654907|-665.104004|126.343544|-583.05957|-41.6648026|-276.800446|-682.702454,d12_add801e8c2ef5f:15000:20000
D12_STRICT_0000629,task1,train,564,HNU11079,d12_add801e8c2ef5f,TASK1_7db274363206d8_W004,4,20000,25000,-107.470818|162.037506|247.369476|-31.9805565|-156.63504|201.654907|-665.104004|126.343544|-583.05957|-41.6648026|-276.800446|-682.702454,d12_add801e8c2ef5f:20000:25000
D12_STRICT_0000630,task1,train,565,HNU11079,d12_add801e8c2ef5f,TASK1_7db274363206d8_W005,5,25000,30000,-107.470818|162.037506|247.369476|-31.9805565|-156.63504|201.654907|-665.104004|126.343544|-583.05957|-41.6648026|-276.800446|-682.702454,d12_add801e8c2ef5f:25000:30000
D12_STRICT_0000631,task1,train,566,HNU11079,d12_add801e8c2ef5f,TASK1_7db274363206d8_W006,6,30000,35000,-107.470818|162.037506|247.369476|-31.9805565|-156.63504|201.654907|-665.104004|126.343544|-583.05957|-41.6648026|-276.800446|-682.702454,d12_add801e8c2ef5f:30000:35000
D12_STRICT_0000632,task1,train,567,HNU11079,d12_add801e8c2ef5f,TASK1_7db274363206d8_W007,7,35000,40000,-107.470818|162.037506|247.369476|-31.9805565|-156.63504|201.654907|-665.104004|126.343544|-583.05957|-41.6648026|-276.800446|-682.702454,d12_add801e8c2ef5f:35000:40000
D12_STRICT_0000633,task1,train,568,HNU11079,d12_add801e8c2ef5f,TASK1_7db274363206d8_W008,8,40000,45000,-107.470818|162.037506|247.369476|-31.9805565|-156.63504|201.654907|-665.104004|126.343544|-583.05957|-41.6648026|-276.800446|-682.702454,d12_add801e8c2ef5f:40000:45000
D12_STRICT_0000634,task1,train,569,HNU11079,d12_add801e8c2ef5f,TASK1_7db274363206d8_W009,9,45000,50000,-107.470818|162.037506|247.369476|-31.9805565|-156.63504|201.654907|-665.104004|126.343544|-583.05957|-41.6648026|-276.800446|-682.702454,d12_add801e8c2ef5f:45000:50000
D12_STRICT_0000635,task1,train,570,HNU11079,d12_add801e8c2ef5f,TASK1_7db274363206d8_W010,10,50000,55000,-107.470818|162.037506|247.369476|-31.9805565|-156.63504|201.654907|-665.104004|126.343544|-583.05957|-41.6648026|-276.800446|-682.702454,d12_add801e8c2ef5f:50000:55000
D12_STRICT_0000636,task2,train,719,HNU11079,d12_add801e8c2ef5f,TASK2_53e2ae93acb3ee_W011,11,55000,60000,,d12_add801e8c2ef5f:55000:60000
D12_STRICT_0000637,task1,train,461,HNU11092,d12_af4ffaccfcd77f,TASK1_5c614b180adca0_W000,0,0,5000,-43.7124023|-6.47280359|29.0570335|31.2873173|-28.5291862|15.180685|-225.876892|125.049294|-500.987701|442.059937|-463.937683|-315.876343,d12_af4ffaccfcd77f:0:5000
D12_STRICT_0000638,task1,train,462,HNU11092,d12_af4ffaccfcd77f,TASK1_5c614b180adca0_W001,1,5000,10000,-43.7124023|-6.47280359|29.0570335|31.2873173|-28.5291862|15.180685|-225.876892|125.049294|-500.987701|442.059937|-463.937683|-315.876343,d12_af4ffaccfcd77f:5000:10000
D12_STRICT_0000639,task1,train,463,HNU11092,d12_af4ffaccfcd77f,TASK1_5c614b180adca0_W002,2,10000,15000,-43.7124023|-6.47280359|29.0570335|31.2873173|-28.5291862|15.180685|-225.876892|125.049294|-500.987701|442.059937|-463.937683|-315.876343,d12_af4ffaccfcd77f:10000:15000
D12_STRICT_0000640,task1,train,464,HNU11092,d12_af4ffaccfcd77f,TASK1_5c614b180adca0_W003,3,15000,20000,-43.7124023|-6.47280359|29.0570335|31.2873173|-28.5291862|15.180685|-225.876892|125.049294|-500.987701|442.059937|-463.937683|-315.876343,d12_af4ffaccfcd77f:15000:20000
D12_STRICT_0000641,task1,train,465,HNU11092,d12_af4ffaccfcd77f,TASK1_5c614b180adca0_W004,4,20000,25000,-43.7124023|-6.47280359|29.0570335|31.2873173|-28.5291862|15.180685|-225.876892|125.049294|-500.987701|442.059937|-463.937683|-315.876343,d12_af4ffaccfcd77f:20000:25000
D12_STRICT_0000642,task1,train,466,HNU11092,d12_af4ffaccfcd77f,TASK1_5c614b180adca0_W005,5,25000,30000,-43.7124023|-6.47280359|29.0570335|31.2873173|-28.5291862|15.180685|-225.876892|125.049294|-500.987701|442.059937|-463.937683|-315.876343,d12_af4ffaccfcd77f:25000:30000
D12_STRICT_0000643,task1,train,467,HNU11092,d12_af4ffaccfcd77f,TASK1_5c614b180adca0_W006,6,30000,35000,-43.7124023|-6.47280359|29.0570335|31.2873173|-28.5291862|15.180685|-225.876892|125.049294|-500.987701|442.059937|-463.937683|-315.876343,d12_af4ffaccfcd77f:30000:35000
D12_STRICT_0000644,task1,train,468,HNU11092,d12_af4ffaccfcd77f,TASK1_5c614b180adca0_W007,7,35000,40000,-43.7124023|-6.47280359|29.0570335|31.2873173|-28.5291862|15.180685|-225.876892|125.049294|-500.987701|442.059937|-463.937683|-315.876343,d12_af4ffaccfcd77f:35000:40000
D12_STRICT_0000645,task1,train,469,HNU11092,d12_af4ffaccfcd77f,TASK1_5c614b180adca0_W008,8,40000,45000,-43.7124023|-6.47280359|29.0570335|31.2873173|-28.5291862|15.180685|-225.876892|125.049294|-500.987701|442.059937|-463.937683|-315.876343,d12_af4ffaccfcd77f:40000:45000
D12_STRICT_0000646,task1,train,470,HNU11092,d12_af4ffaccfcd77f,TASK1_5c614b180adca0_W009,9,45000,50000,-43.7124023|-6.47280359|29.0570335|31.2873173|-28.5291862|15.180685|-225.876892|125.049294|-500.987701|442.059937|-463.937683|-315.876343,d12_af4ffaccfcd77f:45000:50000
D12_STRICT_0000647,task1,train,471,HNU11092,d12_af4ffaccfcd77f,TASK1_5c614b180adca0_W010,10,50000,55000,-43.7124023|-6.47280359|29.0570335|31.2873173|-28.5291862|15.180685|-225.876892|125.049294|-500.987701|442.059937|-463.937683|-315.876343,d12_af4ffaccfcd77f:50000:55000
D12_STRICT_0000648,task2,train,864,HNU11092,d12_af4ffaccfcd77f,TASK2_840a9dc7aa835b_W011,11,55000,60000,,d12_af4ffaccfcd77f:55000:60000
D12_STRICT_0000649,task1,train,571,HNU11053,d12_b10757ed8a53eb,TASK1_b9c442741ef40e_W000,0,0,5000,27.5119858|-32.3016739|-27.262825|6.87122345|18.7955399|-33.6830444|-1581.91333|-80.3853607|-1666.33276|4.74262619|-1600.29895|-1642.67578,d12_b10757ed8a53eb:0:5000
D12_STRICT_0000650,task1,train,572,HNU11053,d12_b10757ed8a53eb,TASK1_b9c442741ef40e_W001,1,5000,10000,27.5119858|-32.3016739|-27.262825|6.87122345|18.7955399|-33.6830444|-1581.91333|-80.3853607|-1666.33276|4.74262619|-1600.29895|-1642.67578,d12_b10757ed8a53eb:5000:10000
D12_STRICT_0000651,task1,train,573,HNU11053,d12_b10757ed8a53eb,TASK1_b9c442741ef40e_W002,2,10000,15000,27.5119858|-32.3016739|-27.262825|6.87122345|18.7955399|-33.6830444|-1581.91333|-80.3853607|-1666.33276|4.74262619|-1600.29895|-1642.67578,d12_b10757ed8a53eb:10000:15000
D12_STRICT_0000652,task1,train,574,HNU11053,d12_b10757ed8a53eb,TASK1_b9c442741ef40e_W003,3,15000,20000,27.5119858|-32.3016739|-27.262825|6.87122345|18.7955399|-33.6830444|-1581.91333|-80.3853607|-1666.33276|4.74262619|-1600.29895|-1642.67578,d12_b10757ed8a53eb:15000:20000
D12_STRICT_0000653,task1,train,575,HNU11053,d12_b10757ed8a53eb,TASK1_b9c442741ef40e_W004,4,20000,25000,27.5119858|-32.3016739|-27.262825|6.87122345|18.7955399|-33.6830444|-1581.91333|-80.3853607|-1666.33276|4.74262619|-1600.29895|-1642.67578,d12_b10757ed8a53eb:20000:25000
D12_STRICT_0000654,task1,train,576,HNU11053,d12_b10757ed8a53eb,TASK1_b9c442741ef40e_W005,5,25000,30000,27.5119858|-32.3016739|-27.262825|6.87122345|18.7955399|-33.6830444|-1581.91333|-80.3853607|-1666.33276|4.74262619|-1600.29895|-1642.67578,d12_b10757ed8a53eb:25000:30000
D12_STRICT_0000655,task1,train,577,HNU11053,d12_b10757ed8a53eb,TASK1_b9c442741ef40e_W006,6,30000,35000,27.5119858|-32.3016739|-27.262825|6.87122345|18.7955399|-33.6830444|-1581.91333|-80.3853607|-1666.33276|4.74262619|-1600.29895|-1642.67578,d12_b10757ed8a53eb:30000:35000
D12_STRICT_0000656,task1,train,578,HNU11053,d12_b10757ed8a53eb,TASK1_b9c442741ef40e_W007,7,35000,40000,27.5119858|-32.3016739|-27.262825|6.87122345|18.7955399|-33.6830444|-1581.91333|-80.3853607|-1666.33276|4.74262619|-1600.29895|-1642.67578,d12_b10757ed8a53eb:35000:40000
D12_STRICT_0000657,task1,train,579,HNU11053,d12_b10757ed8a53eb,TASK1_b9c442741ef40e_W008,8,40000,45000,27.5119858|-32.3016739|-27.262825|6.87122345|18.7955399|-33.6830444|-1581.91333|-80.3853607|-1666.33276|4.74262619|-1600.29895|-1642.67578,d12_b10757ed8a53eb:40000:45000
D12_STRICT_0000658,task1,train,580,HNU11053,d12_b10757ed8a53eb,TASK1_b9c442741ef40e_W009,9,45000,50000,27.5119858|-32.3016739|-27.262825|6.87122345|18.7955399|-33.6830444|-1581.91333|-80.3853607|-1666.33276|4.74262619|-1600.29895|-1642.67578,d12_b10757ed8a53eb:45000:50000
D12_STRICT_0000659,task1,train,581,HNU11053,d12_b10757ed8a53eb,TASK1_b9c442741ef40e_W010,10,50000,55000,27.5119858|-32.3016739|-27.262825|6.87122345|18.7955399|-33.6830444|-1581.91333|-80.3853607|-1666.33276|4.74262619|-1600.29895|-1642.67578,d12_b10757ed8a53eb:50000:55000
D12_STRICT_0000660,task2,train,527,HNU11053,d12_b10757ed8a53eb,TASK2_6dbe162dc773c4_W011,11,55000,60000,,d12_b10757ed8a53eb:55000:60000
D12_STRICT_0000661,task1,train,659,HNU11075,d12_b10d007b238f24,TASK1_c6326bc53790c3_W000,0,0,5000,17.9421883|-59.4783287|-91.5454712|20.7654572|66.3204346|-70.5134659|-354.261139|31.4127464|-20.7419147|94.3671036|-107.792641|-443.267822,d12_b10d007b238f24:0:5000
D12_STRICT_0000662,task1,train,660,HNU11075,d12_b10d007b238f24,TASK1_c6326bc53790c3_W001,1,5000,10000,17.9421883|-59.4783287|-91.5454712|20.7654572|66.3204346|-70.5134659|-354.261139|31.4127464|-20.7419147|94.3671036|-107.792641|-443.267822,d12_b10d007b238f24:5000:10000
D12_STRICT_0000663,task1,train,661,HNU11075,d12_b10d007b238f24,TASK1_c6326bc53790c3_W002,2,10000,15000,17.9421883|-59.4783287|-91.5454712|20.7654572|66.3204346|-70.5134659|-354.261139|31.4127464|-20.7419147|94.3671036|-107.792641|-443.267822,d12_b10d007b238f24:10000:15000
D12_STRICT_0000664,task1,train,662,HNU11075,d12_b10d007b238f24,TASK1_c6326bc53790c3_W003,3,15000,20000,17.9421883|-59.4783287|-91.5454712|20.7654572|66.3204346|-70.5134659|-354.261139|31.4127464|-20.7419147|94.3671036|-107.792641|-443.267822,d12_b10d007b238f24:15000:20000
D12_STRICT_0000665,task1,train,663,HNU11075,d12_b10d007b238f24,TASK1_c6326bc53790c3_W004,4,20000,25000,17.9421883|-59.4783287|-91.5454712|20.7654572|66.3204346|-70.5134659|-354.261139|31.4127464|-20.7419147|94.3671036|-107.792641|-443.267822,d12_b10d007b238f24:20000:25000
D12_STRICT_0000666,task1,train,664,HNU11075,d12_b10d007b238f24,TASK1_c6326bc53790c3_W005,5,25000,30000,17.9421883|-59.4783287|-91.5454712|20.7654572|66.3204346|-70.5134659|-354.261139|31.4127464|-20.7419147|94.3671036|-107.792641|-443.267822,d12_b10d007b238f24:25000:30000
D12_STRICT_0000667,task1,train,665,HNU11075,d12_b10d007b238f24,TASK1_c6326bc53790c3_W006,6,30000,35000,17.9421883|-59.4783287|-91.5454712|20.7654572|66.3204346|-70.5134659|-354.261139|31.4127464|-20.7419147|94.3671036|-107.792641|-443.267822,d12_b10d007b238f24:30000:35000
D12_STRICT_0000668,task1,train,666,HNU11075,d12_b10d007b238f24,TASK1_c6326bc53790c3_W007,7,35000,40000,17.9421883|-59.4783287|-91.5454712|20.7654572|66.3204346|-70.5134659|-354.261139|31.4127464|-20.7419147|94.3671036|-107.792641|-443.267822,d12_b10d007b238f24:35000:40000
D12_STRICT_0000669,task1,train,667,HNU11075,d12_b10d007b238f24,TASK1_c6326bc53790c3_W008,8,40000,45000,17.9421883|-59.4783287|-91.5454712|20.7654572|66.3204346|-70.5134659|-354.261139|31.4127464|-20.7419147|94.3671036|-107.792641|-443.267822,d12_b10d007b238f24:40000:45000
D12_STRICT_0000670,task1,train,668,HNU11075,d12_b10d007b238f24,TASK1_c6326bc53790c3_W009,9,45000,50000,17.9421883|-59.4783287|-91.5454712|20.7654572|66.3204346|-70.5134659|-354.261139|31.4127464|-20.7419147|94.3671036|-107.792641|-443.267822,d12_b10d007b238f24:45000:50000
D12_STRICT_0000671,task1,train,669,HNU11075,d12_b10d007b238f24,TASK1_c6326bc53790c3_W010,10,50000,55000,17.9421883|-59.4783287|-91.5454712|20.7654572|66.3204346|-70.5134659|-354.261139|31.4127464|-20.7419147|94.3671036|-107.792641|-443.267822,d12_b10d007b238f24:50000:55000
D12_STRICT_0000672,task2,train,659,HNU11075,d12_b10d007b238f24,TASK2_2d6c56c8f56395_W011,11,55000,60000,,d12_b10d007b238f24:55000:60000
D12_STRICT_0000673,task1,train,65,HNU11089,d12_b61a7dac96eb72,TASK1_b134de3ef65cfc_W000,0,0,5000,167.021378|61.3416824|-110.948402|-114.517235|137.983047|-20.5314045|-1202.60901|67.536438|-1358.74536|99.2466736|-682.379639|-717.588806,d12_b61a7dac96eb72:0:5000
D12_STRICT_0000674,task1,train,66,HNU11089,d12_b61a7dac96eb72,TASK1_b134de3ef65cfc_W001,1,5000,10000,167.021378|61.3416824|-110.948402|-114.517235|137.983047|-20.5314045|-1202.60901|67.536438|-1358.74536|99.2466736|-682.379639|-717.588806,d12_b61a7dac96eb72:5000:10000
D12_STRICT_0000675,task1,train,67,HNU11089,d12_b61a7dac96eb72,TASK1_b134de3ef65cfc_W002,2,10000,15000,167.021378|61.3416824|-110.948402|-114.517235|137.983047|-20.5314045|-1202.60901|67.536438|-1358.74536|99.2466736|-682.379639|-717.588806,d12_b61a7dac96eb72:10000:15000
D12_STRICT_0000676,task1,train,68,HNU11089,d12_b61a7dac96eb72,TASK1_b134de3ef65cfc_W003,3,15000,20000,167.021378|61.3416824|-110.948402|-114.517235|137.983047|-20.5314045|-1202.60901|67.536438|-1358.74536|99.2466736|-682.379639|-717.588806,d12_b61a7dac96eb72:15000:20000
D12_STRICT_0000677,task1,train,69,HNU11089,d12_b61a7dac96eb72,TASK1_b134de3ef65cfc_W004,4,20000,25000,167.021378|61.3416824|-110.948402|-114.517235|137.983047|-20.5314045|-1202.60901|67.536438|-1358.74536|99.2466736|-682.379639|-717.588806,d12_b61a7dac96eb72:20000:25000
D12_STRICT_0000678,task1,train,70,HNU11089,d12_b61a7dac96eb72,TASK1_b134de3ef65cfc_W005,5,25000,30000,167.021378|61.3416824|-110.948402|-114.517235|137.983047|-20.5314045|-1202.60901|67.536438|-1358.74536|99.2466736|-682.379639|-717.588806,d12_b61a7dac96eb72:25000:30000
D12_STRICT_0000679,task1,train,71,HNU11089,d12_b61a7dac96eb72,TASK1_b134de3ef65cfc_W006,6,30000,35000,167.021378|61.3416824|-110.948402|-114.517235|137.983047|-20.5314045|-1202.60901|67.536438|-1358.74536|99.2466736|-682.379639|-717.588806,d12_b61a7dac96eb72:30000:35000
D12_STRICT_0000680,task1,train,72,HNU11089,d12_b61a7dac96eb72,TASK1_b134de3ef65cfc_W007,7,35000,40000,167.021378|61.3416824|-110.948402|-114.517235|137.983047|-20.5314045|-1202.60901|67.536438|-1358.74536|99.2466736|-682.379639|-717.588806,d12_b61a7dac96eb72:35000:40000
D12_STRICT_0000681,task1,train,73,HNU11089,d12_b61a7dac96eb72,TASK1_b134de3ef65cfc_W008,8,40000,45000,167.021378|61.3416824|-110.948402|-114.517235|137.983047|-20.5314045|-1202.60901|67.536438|-1358.74536|99.2466736|-682.379639|-717.588806,d12_b61a7dac96eb72:40000:45000
D12_STRICT_0000682,task1,train,74,HNU11089,d12_b61a7dac96eb72,TASK1_b134de3ef65cfc_W009,9,45000,50000,167.021378|61.3416824|-110.948402|-114.517235|137.983047|-20.5314045|-1202.60901|67.536438|-1358.74536|99.2466736|-682.379639|-717.588806,d12_b61a7dac96eb72:45000:50000
D12_STRICT_0000683,task1,train,75,HNU11089,d12_b61a7dac96eb72,TASK1_b134de3ef65cfc_W010,10,50000,55000,167.021378|61.3416824|-110.948402|-114.517235|137.983047|-20.5314045|-1202.60901|67.536438|-1358.74536|99.2466736|-682.379639|-717.588806,d12_b61a7dac96eb72:50000:55000
D12_STRICT_0000684,task2,train,828,HNU11089,d12_b61a7dac96eb72,TASK2_e01d67850a4aae_W011,11,55000,60000,,d12_b61a7dac96eb72:55000:60000
D12_STRICT_0000685,task1,train,889,HNU11010,d12_be78fc5187f046,TASK1_296c5e1d205cd6_W000,0,0,5000,-162.994247|185.034286|333.095306|-12.4377995|-256.182861|261.705933|-288.288635|-44.8592682|-308.165527|-42.4852142|-458.363098|-557.55072,d12_be78fc5187f046:0:5000
D12_STRICT_0000686,task1,train,890,HNU11010,d12_be78fc5187f046,TASK1_296c5e1d205cd6_W001,1,5000,10000,-162.994247|185.034286|333.095306|-12.4377995|-256.182861|261.705933|-288.288635|-44.8592682|-308.165527|-42.4852142|-458.363098|-557.55072,d12_be78fc5187f046:5000:10000
D12_STRICT_0000687,task1,train,891,HNU11010,d12_be78fc5187f046,TASK1_296c5e1d205cd6_W002,2,10000,15000,-162.994247|185.034286|333.095306|-12.4377995|-256.182861|261.705933|-288.288635|-44.8592682|-308.165527|-42.4852142|-458.363098|-557.55072,d12_be78fc5187f046:10000:15000
D12_STRICT_0000688,task1,train,892,HNU11010,d12_be78fc5187f046,TASK1_296c5e1d205cd6_W003,3,15000,20000,-162.994247|185.034286|333.095306|-12.4377995|-256.182861|261.705933|-288.288635|-44.8592682|-308.165527|-42.4852142|-458.363098|-557.55072,d12_be78fc5187f046:15000:20000
D12_STRICT_0000689,task1,train,893,HNU11010,d12_be78fc5187f046,TASK1_296c5e1d205cd6_W004,4,20000,25000,-162.994247|185.034286|333.095306|-12.4377995|-256.182861|261.705933|-288.288635|-44.8592682|-308.165527|-42.4852142|-458.363098|-557.55072,d12_be78fc5187f046:20000:25000
D12_STRICT_0000690,task1,train,894,HNU11010,d12_be78fc5187f046,TASK1_296c5e1d205cd6_W005,5,25000,30000,-162.994247|185.034286|333.095306|-12.4377995|-256.182861|261.705933|-288.288635|-44.8592682|-308.165527|-42.4852142|-458.363098|-557.55072,d12_be78fc5187f046:25000:30000
D12_STRICT_0000691,task1,train,895,HNU11010,d12_be78fc5187f046,TASK1_296c5e1d205cd6_W006,6,30000,35000,-162.994247|185.034286|333.095306|-12.4377995|-256.182861|261.705933|-288.288635|-44.8592682|-308.165527|-42.4852142|-458.363098|-557.55072,d12_be78fc5187f046:30000:35000
D12_STRICT_0000692,task1,train,896,HNU11010,d12_be78fc5187f046,TASK1_296c5e1d205cd6_W007,7,35000,40000,-162.994247|185.034286|333.095306|-12.4377995|-256.182861|261.705933|-288.288635|-44.8592682|-308.165527|-42.4852142|-458.363098|-557.55072,d12_be78fc5187f046:35000:40000
D12_STRICT_0000693,task1,train,897,HNU11010,d12_be78fc5187f046,TASK1_296c5e1d205cd6_W008,8,40000,45000,-162.994247|185.034286|333.095306|-12.4377995|-256.182861|261.705933|-288.288635|-44.8592682|-308.165527|-42.4852142|-458.363098|-557.55072,d12_be78fc5187f046:40000:45000
D12_STRICT_0000694,task1,train,898,HNU11010,d12_be78fc5187f046,TASK1_296c5e1d205cd6_W009,9,45000,50000,-162.994247|185.034286|333.095306|-12.4377995|-256.182861|261.705933|-288.288635|-44.8592682|-308.165527|-42.4852142|-458.363098|-557.55072,d12_be78fc5187f046:45000:50000
D12_STRICT_0000695,task1,train,899,HNU11010,d12_be78fc5187f046,TASK1_296c5e1d205cd6_W010,10,50000,55000,-162.994247|185.034286|333.095306|-12.4377995|-256.182861|261.705933|-288.288635|-44.8592682|-308.165527|-42.4852142|-458.363098|-557.55072,d12_be78fc5187f046:50000:55000
D12_STRICT_0000696,task2,train,95,HNU11010,d12_be78fc5187f046,TASK2_6791fc0ff3ccca_W011,11,55000,60000,,d12_be78fc5187f046:55000:60000
D12_STRICT_0000697,task1,train,384,HNU11077,d12_beca710ccb8308,TASK1_50c9d5ae95870b_W000,0,0,5000,-5.76826239|-41.6737404|-34.112484|32.6228409|19.145853|-32.6772194|-115.062202|-115.286308|13.5424528|-224.445923|-347.222778|-411.541138,d12_beca710ccb8308:0:5000
D12_STRICT_0000698,task1,train,385,HNU11077,d12_beca710ccb8308,TASK1_50c9d5ae95870b_W001,1,5000,10000,-5.76826239|-41.6737404|-34.112484|32.6228409|19.145853|-32.6772194|-115.062202|-115.286308|13.5424528|-224.445923|-347.222778|-411.541138,d12_beca710ccb8308:5000:10000
D12_STRICT_0000699,task1,train,386,HNU11077,d12_beca710ccb8308,TASK1_50c9d5ae95870b_W002,2,10000,15000,-5.76826239|-41.6737404|-34.112484|32.6228409|19.145853|-32.6772194|-115.062202|-115.286308|13.5424528|-224.445923|-347.222778|-411.541138,d12_beca710ccb8308:10000:15000
D12_STRICT_0000700,task1,train,387,HNU11077,d12_beca710ccb8308,TASK1_50c9d5ae95870b_W003,3,15000,20000,-5.76826239|-41.6737404|-34.112484|32.6228409|19.145853|-32.6772194|-115.062202|-115.286308|13.5424528|-224.445923|-347.222778|-411.541138,d12_beca710ccb8308:15000:20000
D12_STRICT_0000701,task1,train,388,HNU11077,d12_beca710ccb8308,TASK1_50c9d5ae95870b_W004,4,20000,25000,-5.76826239|-41.6737404|-34.112484|32.6228409|19.145853|-32.6772194|-115.062202|-115.286308|13.5424528|-224.445923|-347.222778|-411.541138,d12_beca710ccb8308:20000:25000
D12_STRICT_0000702,task1,train,389,HNU11077,d12_beca710ccb8308,TASK1_50c9d5ae95870b_W005,5,25000,30000,-5.76826239|-41.6737404|-34.112484|32.6228409|19.145853|-32.6772194|-115.062202|-115.286308|13.5424528|-224.445923|-347.222778|-411.541138,d12_beca710ccb8308:25000:30000
D12_STRICT_0000703,task1,train,390,HNU11077,d12_beca710ccb8308,TASK1_50c9d5ae95870b_W006,6,30000,35000,-5.76826239|-41.6737404|-34.112484|32.6228409|19.145853|-32.6772194|-115.062202|-115.286308|13.5424528|-224.445923|-347.222778|-411.541138,d12_beca710ccb8308:30000:35000
D12_STRICT_0000704,task1,train,391,HNU11077,d12_beca710ccb8308,TASK1_50c9d5ae95870b_W007,7,35000,40000,-5.76826239|-41.6737404|-34.112484|32.6228409|19.145853|-32.6772194|-115.062202|-115.286308|13.5424528|-224.445923|-347.222778|-411.541138,d12_beca710ccb8308:35000:40000
D12_STRICT_0000705,task1,train,392,HNU11077,d12_beca710ccb8308,TASK1_50c9d5ae95870b_W008,8,40000,45000,-5.76826239|-41.6737404|-34.112484|32.6228409|19.145853|-32.6772194|-115.062202|-115.286308|13.5424528|-224.445923|-347.222778|-411.541138,d12_beca710ccb8308:40000:45000
D12_STRICT_0000706,task1,train,393,HNU11077,d12_beca710ccb8308,TASK1_50c9d5ae95870b_W009,9,45000,50000,-5.76826239|-41.6737404|-34.112484|32.6228409|19.145853|-32.6772194|-115.062202|-115.286308|13.5424528|-224.445923|-347.222778|-411.541138,d12_beca710ccb8308:45000:50000
D12_STRICT_0000707,task1,train,394,HNU11077,d12_beca710ccb8308,TASK1_50c9d5ae95870b_W010,10,50000,55000,-5.76826239|-41.6737404|-34.112484|32.6228409|19.145853|-32.6772194|-115.062202|-115.286308|13.5424528|-224.445923|-347.222778|-411.541138,d12_beca710ccb8308:50000:55000
D12_STRICT_0000708,task2,train,707,HNU11077,d12_beca710ccb8308,TASK2_f8c971e16929a3_W011,11,55000,60000,,d12_beca710ccb8308:55000:60000
D12_STRICT_0000709,task1,train,318,HNU11044,d12_c71f3cfe4e6257,TASK1_1272bb4acbc0ab_W000,0,0,5000,49.6424408|155.780212|103.78405|-103.585861|-23.7116394|131.140503|-139.013321|-53.025631|-201.404327|-11.7862988|-226.226288|-89.3573303,d12_c71f3cfe4e6257:0:5000
D12_STRICT_0000710,task1,train,319,HNU11044,d12_c71f3cfe4e6257,TASK1_1272bb4acbc0ab_W001,1,5000,10000,49.6424408|155.780212|103.78405|-103.585861|-23.7116394|131.140503|-139.013321|-53.025631|-201.404327|-11.7862988|-226.226288|-89.3573303,d12_c71f3cfe4e6257:5000:10000
D12_STRICT_0000711,task1,train,320,HNU11044,d12_c71f3cfe4e6257,TASK1_1272bb4acbc0ab_W002,2,10000,15000,49.6424408|155.780212|103.78405|-103.585861|-23.7116394|131.140503|-139.013321|-53.025631|-201.404327|-11.7862988|-226.226288|-89.3573303,d12_c71f3cfe4e6257:10000:15000
D12_STRICT_0000712,task1,train,321,HNU11044,d12_c71f3cfe4e6257,TASK1_1272bb4acbc0ab_W003,3,15000,20000,49.6424408|155.780212|103.78405|-103.585861|-23.7116394|131.140503|-139.013321|-53.025631|-201.404327|-11.7862988|-226.226288|-89.3573303,d12_c71f3cfe4e6257:15000:20000
D12_STRICT_0000713,task1,train,322,HNU11044,d12_c71f3cfe4e6257,TASK1_1272bb4acbc0ab_W004,4,20000,25000,49.6424408|155.780212|103.78405|-103.585861|-23.7116394|131.140503|-139.013321|-53.025631|-201.404327|-11.7862988|-226.226288|-89.3573303,d12_c71f3cfe4e6257:20000:25000
D12_STRICT_0000714,task1,train,323,HNU11044,d12_c71f3cfe4e6257,TASK1_1272bb4acbc0ab_W005,5,25000,30000,49.6424408|155.780212|103.78405|-103.585861|-23.7116394|131.140503|-139.013321|-53.025631|-201.404327|-11.7862988|-226.226288|-89.3573303,d12_c71f3cfe4e6257:25000:30000
D12_STRICT_0000715,task1,train,324,HNU11044,d12_c71f3cfe4e6257,TASK1_1272bb4acbc0ab_W006,6,30000,35000,49.6424408|155.780212|103.78405|-103.585861|-23.7116394|131.140503|-139.013321|-53.025631|-201.404327|-11.7862988|-226.226288|-89.3573303,d12_c71f3cfe4e6257:30000:35000
D12_STRICT_0000716,task1,train,325,HNU11044,d12_c71f3cfe4e6257,TASK1_1272bb4acbc0ab_W007,7,35000,40000,49.6424408|155.780212|103.78405|-103.585861|-23.7116394|131.140503|-139.013321|-53.025631|-201.404327|-11.7862988|-226.226288|-89.3573303,d12_c71f3cfe4e6257:35000:40000
D12_STRICT_0000717,task1,train,326,HNU11044,d12_c71f3cfe4e6257,TASK1_1272bb4acbc0ab_W008,8,40000,45000,49.6424408|155.780212|103.78405|-103.585861|-23.7116394|131.140503|-139.013321|-53.025631|-201.404327|-11.7862988|-226.226288|-89.3573303,d12_c71f3cfe4e6257:40000:45000
D12_STRICT_0000718,task1,train,327,HNU11044,d12_c71f3cfe4e6257,TASK1_1272bb4acbc0ab_W009,9,45000,50000,49.6424408|155.780212|103.78405|-103.585861|-23.7116394|131.140503|-139.013321|-53.025631|-201.404327|-11.7862988|-226.226288|-89.3573303,d12_c71f3cfe4e6257:45000:50000
D12_STRICT_0000719,task1,train,328,HNU11044,d12_c71f3cfe4e6257,TASK1_1272bb4acbc0ab_W010,10,50000,55000,49.6424408|155.780212|103.78405|-103.585861|-23.7116394|131.140503|-139.013321|-53.025631|-201.404327|-11.7862988|-226.226288|-89.3573303,d12_c71f3cfe4e6257:50000:55000
D12_STRICT_0000720,task2,train,467,HNU11044,d12_c71f3cfe4e6257,TASK2_60ae58414e59e0_W011,11,55000,60000,,d12_c71f3cfe4e6257:55000:60000
D12_STRICT_0000721,task1,train,263,HNU11043,d12_ca2cde8608704b,TASK1_123f386a37d3ed_W000,0,0,5000,-244.769501|-131.727097|133.620514|188.916458|-184.849091|4.14910173|-656.935486|-657.487244|-1065.97791|-275.398651|-517.406372|-320.86087,d12_ca2cde8608704b:0:5000
D12_STRICT_0000722,task1,train,264,HNU11043,d12_ca2cde8608704b,TASK1_123f386a37d3ed_W001,1,5000,10000,-244.769501|-131.727097|133.620514|188.916458|-184.849091|4.14910173|-656.935486|-657.487244|-1065.97791|-275.398651|-517.406372|-320.86087,d12_ca2cde8608704b:5000:10000
D12_STRICT_0000723,task1,train,265,HNU11043,d12_ca2cde8608704b,TASK1_123f386a37d3ed_W002,2,10000,15000,-244.769501|-131.727097|133.620514|188.916458|-184.849091|4.14910173|-656.935486|-657.487244|-1065.97791|-275.398651|-517.406372|-320.86087,d12_ca2cde8608704b:10000:15000
D12_STRICT_0000724,task1,train,266,HNU11043,d12_ca2cde8608704b,TASK1_123f386a37d3ed_W003,3,15000,20000,-244.769501|-131.727097|133.620514|188.916458|-184.849091|4.14910173|-656.935486|-657.487244|-1065.97791|-275.398651|-517.406372|-320.86087,d12_ca2cde8608704b:15000:20000
D12_STRICT_0000725,task1,train,267,HNU11043,d12_ca2cde8608704b,TASK1_123f386a37d3ed_W004,4,20000,25000,-244.769501|-131.727097|133.620514|188.916458|-184.849091|4.14910173|-656.935486|-657.487244|-1065.97791|-275.398651|-517.406372|-320.86087,d12_ca2cde8608704b:20000:25000
D12_STRICT_0000726,task1,train,268,HNU11043,d12_ca2cde8608704b,TASK1_123f386a37d3ed_W005,5,25000,30000,-244.769501|-131.727097|133.620514|188.916458|-184.849091|4.14910173|-656.935486|-657.487244|-1065.97791|-275.398651|-517.406372|-320.86087,d12_ca2cde8608704b:25000:30000
D12_STRICT_0000727,task1,train,269,HNU11043,d12_ca2cde8608704b,TASK1_123f386a37d3ed_W006,6,30000,35000,-244.769501|-131.727097|133.620514|188.916458|-184.849091|4.14910173|-656.935486|-657.487244|-1065.97791|-275.398651|-517.406372|-320.86087,d12_ca2cde8608704b:30000:35000
D12_STRICT_0000728,task1,train,270,HNU11043,d12_ca2cde8608704b,TASK1_123f386a37d3ed_W007,7,35000,40000,-244.769501|-131.727097|133.620514|188.916458|-184.849091|4.14910173|-656.935486|-657.487244|-1065.97791|-275.398651|-517.406372|-320.86087,d12_ca2cde8608704b:35000:40000
D12_STRICT_0000729,task1,train,271,HNU11043,d12_ca2cde8608704b,TASK1_123f386a37d3ed_W008,8,40000,45000,-244.769501|-131.727097|133.620514|188.916458|-184.849091|4.14910173|-656.935486|-657.487244|-1065.97791|-275.398651|-517.406372|-320.86087,d12_ca2cde8608704b:40000:45000
D12_STRICT_0000730,task1,train,272,HNU11043,d12_ca2cde8608704b,TASK1_123f386a37d3ed_W009,9,45000,50000,-244.769501|-131.727097|133.620514|188.916458|-184.849091|4.14910173|-656.935486|-657.487244|-1065.97791|-275.398651|-517.406372|-320.86087,d12_ca2cde8608704b:45000:50000
D12_STRICT_0000731,task1,train,273,HNU11043,d12_ca2cde8608704b,TASK1_123f386a37d3ed_W010,10,50000,55000,-244.769501|-131.727097|133.620514|188.916458|-184.849091|4.14910173|-656.935486|-657.487244|-1065.97791|-275.398651|-517.406372|-320.86087,d12_ca2cde8608704b:50000:55000
D12_STRICT_0000732,task2,train,455,HNU11043,d12_ca2cde8608704b,TASK2_9a2da7d2aeefaa_W011,11,55000,60000,,d12_ca2cde8608704b:55000:60000
D12_STRICT_0000733,task1,train,43,HNU11085,d12_cc0c3b0df3aec2,TASK1_1722fdec7e1133_W000,0,0,5000,75.9079361|-38.5969162|-126.324478|-22.5166531|105.901405|-82.8408813|33.2208023|28.2555943|-2893.32837|72.2112198|134.69429|38.2769051,d12_cc0c3b0df3aec2:0:5000
D12_STRICT_0000734,task1,train,44,HNU11085,d12_cc0c3b0df3aec2,TASK1_1722fdec7e1133_W001,1,5000,10000,75.9079361|-38.5969162|-126.324478|-22.5166531|105.901405|-82.8408813|33.2208023|28.2555943|-2893.32837|72.2112198|134.69429|38.2769051,d12_cc0c3b0df3aec2:5000:10000
D12_STRICT_0000735,task1,train,45,HNU11085,d12_cc0c3b0df3aec2,TASK1_1722fdec7e1133_W002,2,10000,15000,75.9079361|-38.5969162|-126.324478|-22.5166531|105.901405|-82.8408813|33.2208023|28.2555943|-2893.32837|72.2112198|134.69429|38.2769051,d12_cc0c3b0df3aec2:10000:15000
D12_STRICT_0000736,task1,train,46,HNU11085,d12_cc0c3b0df3aec2,TASK1_1722fdec7e1133_W003,3,15000,20000,75.9079361|-38.5969162|-126.324478|-22.5166531|105.901405|-82.8408813|33.2208023|28.2555943|-2893.32837|72.2112198|134.69429|38.2769051,d12_cc0c3b0df3aec2:15000:20000
D12_STRICT_0000737,task1,train,47,HNU11085,d12_cc0c3b0df3aec2,TASK1_1722fdec7e1133_W004,4,20000,25000,75.9079361|-38.5969162|-126.324478|-22.5166531|105.901405|-82.8408813|33.2208023|28.2555943|-2893.32837|72.2112198|134.69429|38.2769051,d12_cc0c3b0df3aec2:20000:25000
D12_STRICT_0000738,task1,train,48,HNU11085,d12_cc0c3b0df3aec2,TASK1_1722fdec7e1133_W005,5,25000,30000,75.9079361|-38.5969162|-126.324478|-22.5166531|105.901405|-82.8408813|33.2208023|28.2555943|-2893.32837|72.2112198|134.69429|38.2769051,d12_cc0c3b0df3aec2:25000:30000
D12_STRICT_0000739,task1,train,49,HNU11085,d12_cc0c3b0df3aec2,TASK1_1722fdec7e1133_W006,6,30000,35000,75.9079361|-38.5969162|-126.324478|-22.5166531|105.901405|-82.8408813|33.2208023|28.2555943|-2893.32837|72.2112198|134.69429|38.2769051,d12_cc0c3b0df3aec2:30000:35000
D12_STRICT_0000740,task1,train,50,HNU11085,d12_cc0c3b0df3aec2,TASK1_1722fdec7e1133_W007,7,35000,40000,75.9079361|-38.5969162|-126.324478|-22.5166531|105.901405|-82.8408813|33.2208023|28.2555943|-2893.32837|72.2112198|134.69429|38.2769051,d12_cc0c3b0df3aec2:35000:40000
D12_STRICT_0000741,task1,train,51,HNU11085,d12_cc0c3b0df3aec2,TASK1_1722fdec7e1133_W008,8,40000,45000,75.9079361|-38.5969162|-126.324478|-22.5166531|105.901405|-82.8408813|33.2208023|28.2555943|-2893.32837|72.2112198|134.69429|38.2769051,d12_cc0c3b0df3aec2:40000:45000
D12_STRICT_0000742,task1,train,52,HNU11085,d12_cc0c3b0df3aec2,TASK1_1722fdec7e1133_W009,9,45000,50000,75.9079361|-38.5969162|-126.324478|-22.5166531|105.901405|-82.8408813|33.2208023|28.2555943|-2893.32837|72.2112198|134.69429|38.2769051,d12_cc0c3b0df3aec2:45000:50000
D12_STRICT_0000743,task1,train,53,HNU11085,d12_cc0c3b0df3aec2,TASK1_1722fdec7e1133_W010,10,50000,55000,75.9079361|-38.5969162|-126.324478|-22.5166531|105.901405|-82.8408813|33.2208023|28.2555943|-2893.32837|72.2112198|134.69429|38.2769051,d12_cc0c3b0df3aec2:50000:55000
D12_STRICT_0000744,task2,train,780,HNU11085,d12_cc0c3b0df3aec2,TASK2_8ce39a12985c45_W011,11,55000,60000,,d12_cc0c3b0df3aec2:55000:60000
D12_STRICT_0000745,task1,train,472,HNU11097,d12_ccd7eeac0e672a,TASK1_7301253a180d8c_W000,0,0,5000,-413.767365|-958.510132|-507.685852|707.525513|77.8718414|-734.605652|86.4925537|400.160736|-119.406868|166.573334|319.295197|-632.014038,d12_ccd7eeac0e672a:0:5000
D12_STRICT_0000746,task1,train,473,HNU11097,d12_ccd7eeac0e672a,TASK1_7301253a180d8c_W001,1,5000,10000,-413.767365|-958.510132|-507.685852|707.525513|77.8718414|-734.605652|86.4925537|400.160736|-119.406868|166.573334|319.295197|-632.014038,d12_ccd7eeac0e672a:5000:10000
D12_STRICT_0000747,task1,train,474,HNU11097,d12_ccd7eeac0e672a,TASK1_7301253a180d8c_W002,2,10000,15000,-413.767365|-958.510132|-507.685852|707.525513|77.8718414|-734.605652|86.4925537|400.160736|-119.406868|166.573334|319.295197|-632.014038,d12_ccd7eeac0e672a:10000:15000
D12_STRICT_0000748,task1,train,475,HNU11097,d12_ccd7eeac0e672a,TASK1_7301253a180d8c_W003,3,15000,20000,-413.767365|-958.510132|-507.685852|707.525513|77.8718414|-734.605652|86.4925537|400.160736|-119.406868|166.573334|319.295197|-632.014038,d12_ccd7eeac0e672a:15000:20000
D12_STRICT_0000749,task1,train,476,HNU11097,d12_ccd7eeac0e672a,TASK1_7301253a180d8c_W004,4,20000,25000,-413.767365|-958.510132|-507.685852|707.525513|77.8718414|-734.605652|86.4925537|400.160736|-119.406868|166.573334|319.295197|-632.014038,d12_ccd7eeac0e672a:20000:25000
D12_STRICT_0000750,task1,train,477,HNU11097,d12_ccd7eeac0e672a,TASK1_7301253a180d8c_W005,5,25000,30000,-413.767365|-958.510132|-507.685852|707.525513|77.8718414|-734.605652|86.4925537|400.160736|-119.406868|166.573334|319.295197|-632.014038,d12_ccd7eeac0e672a:25000:30000
D12_STRICT_0000751,task1,train,478,HNU11097,d12_ccd7eeac0e672a,TASK1_7301253a180d8c_W006,6,30000,35000,-413.767365|-958.510132|-507.685852|707.525513|77.8718414|-734.605652|86.4925537|400.160736|-119.406868|166.573334|319.295197|-632.014038,d12_ccd7eeac0e672a:30000:35000
D12_STRICT_0000752,task1,train,479,HNU11097,d12_ccd7eeac0e672a,TASK1_7301253a180d8c_W007,7,35000,40000,-413.767365|-958.510132|-507.685852|707.525513|77.8718414|-734.605652|86.4925537|400.160736|-119.406868|166.573334|319.295197|-632.014038,d12_ccd7eeac0e672a:35000:40000
D12_STRICT_0000753,task1,train,480,HNU11097,d12_ccd7eeac0e672a,TASK1_7301253a180d8c_W008,8,40000,45000,-413.767365|-958.510132|-507.685852|707.525513|77.8718414|-734.605652|86.4925537|400.160736|-119.406868|166.573334|319.295197|-632.014038,d12_ccd7eeac0e672a:40000:45000
D12_STRICT_0000754,task1,train,481,HNU11097,d12_ccd7eeac0e672a,TASK1_7301253a180d8c_W009,9,45000,50000,-413.767365|-958.510132|-507.685852|707.525513|77.8718414|-734.605652|86.4925537|400.160736|-119.406868|166.573334|319.295197|-632.014038,d12_ccd7eeac0e672a:45000:50000
D12_STRICT_0000755,task1,train,482,HNU11097,d12_ccd7eeac0e672a,TASK1_7301253a180d8c_W010,10,50000,55000,-413.767365|-958.510132|-507.685852|707.525513|77.8718414|-734.605652|86.4925537|400.160736|-119.406868|166.573334|319.295197|-632.014038,d12_ccd7eeac0e672a:50000:55000
D12_STRICT_0000756,task2,train,924,HNU11097,d12_ccd7eeac0e672a,TASK2_aa2466abea17a8_W011,11,55000,60000,,d12_ccd7eeac0e672a:55000:60000
D12_STRICT_0000757,task1,train,109,HNU11096,d12_cffb230e0e9aa3,TASK1_7646ce5c4788f4_W000,0,0,5000,-115.394028|-303.984222|-234.553482|208.129211|65.0045242|-271.610901|62.6537971|56.0198593|-305.388092|-179.246155|42.0746117|99.0621643,d12_cffb230e0e9aa3:0:5000
D12_STRICT_0000758,task1,train,110,HNU11096,d12_cffb230e0e9aa3,TASK1_7646ce5c4788f4_W001,1,5000,10000,-115.394028|-303.984222|-234.553482|208.129211|65.0045242|-271.610901|62.6537971|56.0198593|-305.388092|-179.246155|42.0746117|99.0621643,d12_cffb230e0e9aa3:5000:10000
D12_STRICT_0000759,task1,train,111,HNU11096,d12_cffb230e0e9aa3,TASK1_7646ce5c4788f4_W002,2,10000,15000,-115.394028|-303.984222|-234.553482|208.129211|65.0045242|-271.610901|62.6537971|56.0198593|-305.388092|-179.246155|42.0746117|99.0621643,d12_cffb230e0e9aa3:10000:15000
D12_STRICT_0000760,task1,train,112,HNU11096,d12_cffb230e0e9aa3,TASK1_7646ce5c4788f4_W003,3,15000,20000,-115.394028|-303.984222|-234.553482|208.129211|65.0045242|-271.610901|62.6537971|56.0198593|-305.388092|-179.246155|42.0746117|99.0621643,d12_cffb230e0e9aa3:15000:20000
D12_STRICT_0000761,task1,train,113,HNU11096,d12_cffb230e0e9aa3,TASK1_7646ce5c4788f4_W004,4,20000,25000,-115.394028|-303.984222|-234.553482|208.129211|65.0045242|-271.610901|62.6537971|56.0198593|-305.388092|-179.246155|42.0746117|99.0621643,d12_cffb230e0e9aa3:20000:25000
D12_STRICT_0000762,task1,train,114,HNU11096,d12_cffb230e0e9aa3,TASK1_7646ce5c4788f4_W005,5,25000,30000,-115.394028|-303.984222|-234.553482|208.129211|65.0045242|-271.610901|62.6537971|56.0198593|-305.388092|-179.246155|42.0746117|99.0621643,d12_cffb230e0e9aa3:25000:30000
D12_STRICT_0000763,task1,train,115,HNU11096,d12_cffb230e0e9aa3,TASK1_7646ce5c4788f4_W006,6,30000,35000,-115.394028|-303.984222|-234.553482|208.129211|65.0045242|-271.610901|62.6537971|56.0198593|-305.388092|-179.246155|42.0746117|99.0621643,d12_cffb230e0e9aa3:30000:35000
D12_STRICT_0000764,task1,train,116,HNU11096,d12_cffb230e0e9aa3,TASK1_7646ce5c4788f4_W007,7,35000,40000,-115.394028|-303.984222|-234.553482|208.129211|65.0045242|-271.610901|62.6537971|56.0198593|-305.388092|-179.246155|42.0746117|99.0621643,d12_cffb230e0e9aa3:35000:40000
D12_STRICT_0000765,task1,train,117,HNU11096,d12_cffb230e0e9aa3,TASK1_7646ce5c4788f4_W008,8,40000,45000,-115.394028|-303.984222|-234.553482|208.129211|65.0045242|-271.610901|62.6537971|56.0198593|-305.388092|-179.246155|42.0746117|99.0621643,d12_cffb230e0e9aa3:40000:45000
D12_STRICT_0000766,task1,train,118,HNU11096,d12_cffb230e0e9aa3,TASK1_7646ce5c4788f4_W009,9,45000,50000,-115.394028|-303.984222|-234.553482|208.129211|65.0045242|-271.610901|62.6537971|56.0198593|-305.388092|-179.246155|42.0746117|99.0621643,d12_cffb230e0e9aa3:45000:50000
D12_STRICT_0000767,task1,train,119,HNU11096,d12_cffb230e0e9aa3,TASK1_7646ce5c4788f4_W010,10,50000,55000,-115.394028|-303.984222|-234.553482|208.129211|65.0045242|-271.610901|62.6537971|56.0198593|-305.388092|-179.246155|42.0746117|99.0621643,d12_cffb230e0e9aa3:50000:55000
D12_STRICT_0000768,task2,train,912,HNU11096,d12_cffb230e0e9aa3,TASK2_3c883893d1eacd_W011,11,55000,60000,,d12_cffb230e0e9aa3:55000:60000
D12_STRICT_0000769,task1,train,120,HNU11006,d12_d12708ecccbfab,TASK1_6ef4565bce67ff_W000,0,0,5000,-327.334442|-32.3162804|300.312286|186.132919|-309.025726|142.653183|-452.465057|-61.4185715|-1165.67908|-14.9238005|-54.432518|-1133.25793,d12_d12708ecccbfab:0:5000
D12_STRICT_0000770,task1,train,121,HNU11006,d12_d12708ecccbfab,TASK1_6ef4565bce67ff_W001,1,5000,10000,-327.334442|-32.3162804|300.312286|186.132919|-309.025726|142.653183|-452.465057|-61.4185715|-1165.67908|-14.9238005|-54.432518|-1133.25793,d12_d12708ecccbfab:5000:10000
D12_STRICT_0000771,task1,train,122,HNU11006,d12_d12708ecccbfab,TASK1_6ef4565bce67ff_W002,2,10000,15000,-327.334442|-32.3162804|300.312286|186.132919|-309.025726|142.653183|-452.465057|-61.4185715|-1165.67908|-14.9238005|-54.432518|-1133.25793,d12_d12708ecccbfab:10000:15000
D12_STRICT_0000772,task1,train,123,HNU11006,d12_d12708ecccbfab,TASK1_6ef4565bce67ff_W003,3,15000,20000,-327.334442|-32.3162804|300.312286|186.132919|-309.025726|142.653183|-452.465057|-61.4185715|-1165.67908|-14.9238005|-54.432518|-1133.25793,d12_d12708ecccbfab:15000:20000
D12_STRICT_0000773,task1,train,124,HNU11006,d12_d12708ecccbfab,TASK1_6ef4565bce67ff_W004,4,20000,25000,-327.334442|-32.3162804|300.312286|186.132919|-309.025726|142.653183|-452.465057|-61.4185715|-1165.67908|-14.9238005|-54.432518|-1133.25793,d12_d12708ecccbfab:20000:25000
D12_STRICT_0000774,task1,train,125,HNU11006,d12_d12708ecccbfab,TASK1_6ef4565bce67ff_W005,5,25000,30000,-327.334442|-32.3162804|300.312286|186.132919|-309.025726|142.653183|-452.465057|-61.4185715|-1165.67908|-14.9238005|-54.432518|-1133.25793,d12_d12708ecccbfab:25000:30000
D12_STRICT_0000775,task1,train,126,HNU11006,d12_d12708ecccbfab,TASK1_6ef4565bce67ff_W006,6,30000,35000,-327.334442|-32.3162804|300.312286|186.132919|-309.025726|142.653183|-452.465057|-61.4185715|-1165.67908|-14.9238005|-54.432518|-1133.25793,d12_d12708ecccbfab:30000:35000
D12_STRICT_0000776,task1,train,127,HNU11006,d12_d12708ecccbfab,TASK1_6ef4565bce67ff_W007,7,35000,40000,-327.334442|-32.3162804|300.312286|186.132919|-309.025726|142.653183|-452.465057|-61.4185715|-1165.67908|-14.9238005|-54.432518|-1133.25793,d12_d12708ecccbfab:35000:40000
D12_STRICT_0000777,task1,train,128,HNU11006,d12_d12708ecccbfab,TASK1_6ef4565bce67ff_W008,8,40000,45000,-327.334442|-32.3162804|300.312286|186.132919|-309.025726|142.653183|-452.465057|-61.4185715|-1165.67908|-14.9238005|-54.432518|-1133.25793,d12_d12708ecccbfab:40000:45000
D12_STRICT_0000778,task1,train,129,HNU11006,d12_d12708ecccbfab,TASK1_6ef4565bce67ff_W009,9,45000,50000,-327.334442|-32.3162804|300.312286|186.132919|-309.025726|142.653183|-452.465057|-61.4185715|-1165.67908|-14.9238005|-54.432518|-1133.25793,d12_d12708ecccbfab:45000:50000
D12_STRICT_0000779,task1,train,130,HNU11006,d12_d12708ecccbfab,TASK1_6ef4565bce67ff_W010,10,50000,55000,-327.334442|-32.3162804|300.312286|186.132919|-309.025726|142.653183|-452.465057|-61.4185715|-1165.67908|-14.9238005|-54.432518|-1133.25793,d12_d12708ecccbfab:50000:55000
D12_STRICT_0000780,task2,train,59,HNU11006,d12_d12708ecccbfab,TASK2_d4589622530daa_W011,11,55000,60000,,d12_d12708ecccbfab:55000:60000
D12_STRICT_0000781,task1,train,351,HNU11037,d12_d219e0485a541a,TASK1_a7de472b856636_W000,0,0,5000,-529.63501|55.6686096|633.209351|269.613586|-570.407471|354.382019|-215.602356|102.112038|-426.18515|144.122467|-167.294434|66.6501617,d12_d219e0485a541a:0:5000
D12_STRICT_0000782,task1,train,352,HNU11037,d12_d219e0485a541a,TASK1_a7de472b856636_W001,1,5000,10000,-529.63501|55.6686096|633.209351|269.613586|-570.407471|354.382019|-215.602356|102.112038|-426.18515|144.122467|-167.294434|66.6501617,d12_d219e0485a541a:5000:10000
D12_STRICT_0000783,task1,train,353,HNU11037,d12_d219e0485a541a,TASK1_a7de472b856636_W002,2,10000,15000,-529.63501|55.6686096|633.209351|269.613586|-570.407471|354.382019|-215.602356|102.112038|-426.18515|144.122467|-167.294434|66.6501617,d12_d219e0485a541a:10000:15000
D12_STRICT_0000784,task1,train,354,HNU11037,d12_d219e0485a541a,TASK1_a7de472b856636_W003,3,15000,20000,-529.63501|55.6686096|633.209351|269.613586|-570.407471|354.382019|-215.602356|102.112038|-426.18515|144.122467|-167.294434|66.6501617,d12_d219e0485a541a:15000:20000
D12_STRICT_0000785,task1,train,355,HNU11037,d12_d219e0485a541a,TASK1_a7de472b856636_W004,4,20000,25000,-529.63501|55.6686096|633.209351|269.613586|-570.407471|354.382019|-215.602356|102.112038|-426.18515|144.122467|-167.294434|66.6501617,d12_d219e0485a541a:20000:25000
D12_STRICT_0000786,task1,train,356,HNU11037,d12_d219e0485a541a,TASK1_a7de472b856636_W005,5,25000,30000,-529.63501|55.6686096|633.209351|269.613586|-570.407471|354.382019|-215.602356|102.112038|-426.18515|144.122467|-167.294434|66.6501617,d12_d219e0485a541a:25000:30000
D12_STRICT_0000787,task1,train,357,HNU11037,d12_d219e0485a541a,TASK1_a7de472b856636_W006,6,30000,35000,-529.63501|55.6686096|633.209351|269.613586|-570.407471|354.382019|-215.602356|102.112038|-426.18515|144.122467|-167.294434|66.6501617,d12_d219e0485a541a:30000:35000
D12_STRICT_0000788,task1,train,358,HNU11037,d12_d219e0485a541a,TASK1_a7de472b856636_W007,7,35000,40000,-529.63501|55.6686096|633.209351|269.613586|-570.407471|354.382019|-215.602356|102.112038|-426.18515|144.122467|-167.294434|66.6501617,d12_d219e0485a541a:35000:40000
D12_STRICT_0000789,task1,train,359,HNU11037,d12_d219e0485a541a,TASK1_a7de472b856636_W008,8,40000,45000,-529.63501|55.6686096|633.209351|269.613586|-570.407471|354.382019|-215.602356|102.112038|-426.18515|144.122467|-167.294434|66.6501617,d12_d219e0485a541a:40000:45000
D12_STRICT_0000790,task1,train,360,HNU11037,d12_d219e0485a541a,TASK1_a7de472b856636_W009,9,45000,50000,-529.63501|55.6686096|633.209351|269.613586|-570.407471|354.382019|-215.602356|102.112038|-426.18515|144.122467|-167.294434|66.6501617,d12_d219e0485a541a:45000:50000
D12_STRICT_0000791,task1,train,361,HNU11037,d12_d219e0485a541a,TASK1_a7de472b856636_W010,10,50000,55000,-529.63501|55.6686096|633.209351|269.613586|-570.407471|354.382019|-215.602356|102.112038|-426.18515|144.122467|-167.294434|66.6501617,d12_d219e0485a541a:50000:55000
D12_STRICT_0000792,task2,train,383,HNU11037,d12_d219e0485a541a,TASK2_149018e9d1266a_W011,11,55000,60000,,d12_d219e0485a541a:55000:60000
D12_STRICT_0000793,task1,train,285,HNU11073,d12_d392187f2e2bdb,TASK1_a741242190ab66_W000,0,0,5000,-38.2035408|32.0141716|70.1344376|3.61996412|-47.719101|53.6761093|-358.134583|99.8395081|-618.727478|436.110138|-129.025101|-336.811218,d12_d392187f2e2bdb:0:5000
D12_STRICT_0000794,task1,train,286,HNU11073,d12_d392187f2e2bdb,TASK1_a741242190ab66_W001,1,5000,10000,-38.2035408|32.0141716|70.1344376|3.61996412|-47.719101|53.6761093|-358.134583|99.8395081|-618.727478|436.110138|-129.025101|-336.811218,d12_d392187f2e2bdb:5000:10000
D12_STRICT_0000795,task1,train,287,HNU11073,d12_d392187f2e2bdb,TASK1_a741242190ab66_W002,2,10000,15000,-38.2035408|32.0141716|70.1344376|3.61996412|-47.719101|53.6761093|-358.134583|99.8395081|-618.727478|436.110138|-129.025101|-336.811218,d12_d392187f2e2bdb:10000:15000
D12_STRICT_0000796,task1,train,288,HNU11073,d12_d392187f2e2bdb,TASK1_a741242190ab66_W003,3,15000,20000,-38.2035408|32.0141716|70.1344376|3.61996412|-47.719101|53.6761093|-358.134583|99.8395081|-618.727478|436.110138|-129.025101|-336.811218,d12_d392187f2e2bdb:15000:20000
D12_STRICT_0000797,task1,train,289,HNU11073,d12_d392187f2e2bdb,TASK1_a741242190ab66_W004,4,20000,25000,-38.2035408|32.0141716|70.1344376|3.61996412|-47.719101|53.6761093|-358.134583|99.8395081|-618.727478|436.110138|-129.025101|-336.811218,d12_d392187f2e2bdb:20000:25000
D12_STRICT_0000798,task1,train,290,HNU11073,d12_d392187f2e2bdb,TASK1_a741242190ab66_W005,5,25000,30000,-38.2035408|32.0141716|70.1344376|3.61996412|-47.719101|53.6761093|-358.134583|99.8395081|-618.727478|436.110138|-129.025101|-336.811218,d12_d392187f2e2bdb:25000:30000
D12_STRICT_0000799,task1,train,291,HNU11073,d12_d392187f2e2bdb,TASK1_a741242190ab66_W006,6,30000,35000,-38.2035408|32.0141716|70.1344376|3.61996412|-47.719101|53.6761093|-358.134583|99.8395081|-618.727478|436.110138|-129.025101|-336.811218,d12_d392187f2e2bdb:30000:35000
D12_STRICT_0000800,task1,train,292,HNU11073,d12_d392187f2e2bdb,TASK1_a741242190ab66_W007,7,35000,40000,-38.2035408|32.0141716|70.1344376|3.61996412|-47.719101|53.6761093|-358.134583|99.8395081|-618.727478|436.110138|-129.025101|-336.811218,d12_d392187f2e2bdb:35000:40000
D12_STRICT_0000801,task1,train,293,HNU11073,d12_d392187f2e2bdb,TASK1_a741242190ab66_W008,8,40000,45000,-38.2035408|32.0141716|70.1344376|3.61996412|-47.719101|53.6761093|-358.134583|99.8395081|-618.727478|436.110138|-129.025101|-336.811218,d12_d392187f2e2bdb:40000:45000
D12_STRICT_0000802,task1,train,294,HNU11073,d12_d392187f2e2bdb,TASK1_a741242190ab66_W009,9,45000,50000,-38.2035408|32.0141716|70.1344376|3.61996412|-47.719101|53.6761093|-358.134583|99.8395081|-618.727478|436.110138|-129.025101|-336.811218,d12_d392187f2e2bdb:45000:50000
D12_STRICT_0000803,task1,train,295,HNU11073,d12_d392187f2e2bdb,TASK1_a741242190ab66_W010,10,50000,55000,-38.2035408|32.0141716|70.1344376|3.61996412|-47.719101|53.6761093|-358.134583|99.8395081|-618.727478|436.110138|-129.025101|-336.811218,d12_d392187f2e2bdb:50000:55000
D12_STRICT_0000804,task2,train,671,HNU11073,d12_d392187f2e2bdb,TASK2_bd813045465798_W011,11,55000,60000,,d12_d392187f2e2bdb:55000:60000
D12_STRICT_0000805,task1,train,329,HNU11032,d12_d462736bb9ae39,TASK1_3867ed83570a87_W000,0,0,5000,-252.336243|-237.960434|39.4432335|266.722107|-143.303284|-97.1460495|36.4347763|36.3960686|-79.4942093|297.192963|190.858215|-27.3711414,d12_d462736bb9ae39:0:5000
D12_STRICT_0000806,task1,train,330,HNU11032,d12_d462736bb9ae39,TASK1_3867ed83570a87_W001,1,5000,10000,-252.336243|-237.960434|39.4432335|266.722107|-143.303284|-97.1460495|36.4347763|36.3960686|-79.4942093|297.192963|190.858215|-27.3711414,d12_d462736bb9ae39:5000:10000
D12_STRICT_0000807,task1,train,331,HNU11032,d12_d462736bb9ae39,TASK1_3867ed83570a87_W002,2,10000,15000,-252.336243|-237.960434|39.4432335|266.722107|-143.303284|-97.1460495|36.4347763|36.3960686|-79.4942093|297.192963|190.858215|-27.3711414,d12_d462736bb9ae39:10000:15000
D12_STRICT_0000808,task1,train,332,HNU11032,d12_d462736bb9ae39,TASK1_3867ed83570a87_W003,3,15000,20000,-252.336243|-237.960434|39.4432335|266.722107|-143.303284|-97.1460495|36.4347763|36.3960686|-79.4942093|297.192963|190.858215|-27.3711414,d12_d462736bb9ae39:15000:20000
D12_STRICT_0000809,task1,train,333,HNU11032,d12_d462736bb9ae39,TASK1_3867ed83570a87_W004,4,20000,25000,-252.336243|-237.960434|39.4432335|266.722107|-143.303284|-97.1460495|36.4347763|36.3960686|-79.4942093|297.192963|190.858215|-27.3711414,d12_d462736bb9ae39:20000:25000
D12_STRICT_0000810,task1,train,334,HNU11032,d12_d462736bb9ae39,TASK1_3867ed83570a87_W005,5,25000,30000,-252.336243|-237.960434|39.4432335|266.722107|-143.303284|-97.1460495|36.4347763|36.3960686|-79.4942093|297.192963|190.858215|-27.3711414,d12_d462736bb9ae39:25000:30000
D12_STRICT_0000811,task1,train,335,HNU11032,d12_d462736bb9ae39,TASK1_3867ed83570a87_W006,6,30000,35000,-252.336243|-237.960434|39.4432335|266.722107|-143.303284|-97.1460495|36.4347763|36.3960686|-79.4942093|297.192963|190.858215|-27.3711414,d12_d462736bb9ae39:30000:35000
D12_STRICT_0000812,task1,train,336,HNU11032,d12_d462736bb9ae39,TASK1_3867ed83570a87_W007,7,35000,40000,-252.336243|-237.960434|39.4432335|266.722107|-143.303284|-97.1460495|36.4347763|36.3960686|-79.4942093|297.192963|190.858215|-27.3711414,d12_d462736bb9ae39:35000:40000
D12_STRICT_0000813,task1,train,337,HNU11032,d12_d462736bb9ae39,TASK1_3867ed83570a87_W008,8,40000,45000,-252.336243|-237.960434|39.4432335|266.722107|-143.303284|-97.1460495|36.4347763|36.3960686|-79.4942093|297.192963|190.858215|-27.3711414,d12_d462736bb9ae39:40000:45000
D12_STRICT_0000814,task1,train,338,HNU11032,d12_d462736bb9ae39,TASK1_3867ed83570a87_W009,9,45000,50000,-252.336243|-237.960434|39.4432335|266.722107|-143.303284|-97.1460495|36.4347763|36.3960686|-79.4942093|297.192963|190.858215|-27.3711414,d12_d462736bb9ae39:45000:50000
D12_STRICT_0000815,task1,train,339,HNU11032,d12_d462736bb9ae39,TASK1_3867ed83570a87_W010,10,50000,55000,-252.336243|-237.960434|39.4432335|266.722107|-143.303284|-97.1460495|36.4347763|36.3960686|-79.4942093|297.192963|190.858215|-27.3711414,d12_d462736bb9ae39:50000:55000
D12_STRICT_0000816,task2,train,323,HNU11032,d12_d462736bb9ae39,TASK2_2393b3005ace71_W011,11,55000,60000,,d12_d462736bb9ae39:55000:60000
D12_STRICT_0000817,task1,train,868,HNU11083,d12_d5b7f6a47c40b0,TASK1_14bba77ea9e78f_W000,0,0,5000,2.45694351|68.0655899|68.1062546|-28.1370544|-25.9560947|72.1366806|-682.812988|-17.4616985|-1412.62305|315.842987|-436.809875|-334.864258,d12_d5b7f6a47c40b0:0:5000
D12_STRICT_0000818,task1,train,869,HNU11083,d12_d5b7f6a47c40b0,TASK1_14bba77ea9e78f_W001,1,5000,10000,2.45694351|68.0655899|68.1062546|-28.1370544|-25.9560947|72.1366806|-682.812988|-17.4616985|-1412.62305|315.842987|-436.809875|-334.864258,d12_d5b7f6a47c40b0:5000:10000
D12_STRICT_0000819,task1,train,870,HNU11083,d12_d5b7f6a47c40b0,TASK1_14bba77ea9e78f_W002,2,10000,15000,2.45694351|68.0655899|68.1062546|-28.1370544|-25.9560947|72.1366806|-682.812988|-17.4616985|-1412.62305|315.842987|-436.809875|-334.864258,d12_d5b7f6a47c40b0:10000:15000
D12_STRICT_0000820,task1,train,871,HNU11083,d12_d5b7f6a47c40b0,TASK1_14bba77ea9e78f_W003,3,15000,20000,2.45694351|68.0655899|68.1062546|-28.1370544|-25.9560947|72.1366806|-682.812988|-17.4616985|-1412.62305|315.842987|-436.809875|-334.864258,d12_d5b7f6a47c40b0:15000:20000
D12_STRICT_0000821,task1,train,872,HNU11083,d12_d5b7f6a47c40b0,TASK1_14bba77ea9e78f_W004,4,20000,25000,2.45694351|68.0655899|68.1062546|-28.1370544|-25.9560947|72.1366806|-682.812988|-17.4616985|-1412.62305|315.842987|-436.809875|-334.864258,d12_d5b7f6a47c40b0:20000:25000
D12_STRICT_0000822,task1,train,873,HNU11083,d12_d5b7f6a47c40b0,TASK1_14bba77ea9e78f_W005,5,25000,30000,2.45694351|68.0655899|68.1062546|-28.1370544|-25.9560947|72.1366806|-682.812988|-17.4616985|-1412.62305|315.842987|-436.809875|-334.864258,d12_d5b7f6a47c40b0:25000:30000
D12_STRICT_0000823,task1,train,874,HNU11083,d12_d5b7f6a47c40b0,TASK1_14bba77ea9e78f_W006,6,30000,35000,2.45694351|68.0655899|68.1062546|-28.1370544|-25.9560947|72.1366806|-682.812988|-17.4616985|-1412.62305|315.842987|-436.809875|-334.864258,d12_d5b7f6a47c40b0:30000:35000
D12_STRICT_0000824,task1,train,875,HNU11083,d12_d5b7f6a47c40b0,TASK1_14bba77ea9e78f_W007,7,35000,40000,2.45694351|68.0655899|68.1062546|-28.1370544|-25.9560947|72.1366806|-682.812988|-17.4616985|-1412.62305|315.842987|-436.809875|-334.864258,d12_d5b7f6a47c40b0:35000:40000
D12_STRICT_0000825,task1,train,876,HNU11083,d12_d5b7f6a47c40b0,TASK1_14bba77ea9e78f_W008,8,40000,45000,2.45694351|68.0655899|68.1062546|-28.1370544|-25.9560947|72.1366806|-682.812988|-17.4616985|-1412.62305|315.842987|-436.809875|-334.864258,d12_d5b7f6a47c40b0:40000:45000
D12_STRICT_0000826,task1,train,877,HNU11083,d12_d5b7f6a47c40b0,TASK1_14bba77ea9e78f_W009,9,45000,50000,2.45694351|68.0655899|68.1062546|-28.1370544|-25.9560947|72.1366806|-682.812988|-17.4616985|-1412.62305|315.842987|-436.809875|-334.864258,d12_d5b7f6a47c40b0:45000:50000
D12_STRICT_0000827,task1,train,878,HNU11083,d12_d5b7f6a47c40b0,TASK1_14bba77ea9e78f_W010,10,50000,55000,2.45694351|68.0655899|68.1062546|-28.1370544|-25.9560947|72.1366806|-682.812988|-17.4616985|-1412.62305|315.842987|-436.809875|-334.864258,d12_d5b7f6a47c40b0:50000:55000
D12_STRICT_0000828,task2,train,768,HNU11083,d12_d5b7f6a47c40b0,TASK2_7ffda196158d2c_W011,11,55000,60000,,d12_d5b7f6a47c40b0:55000:60000
D12_STRICT_0000829,task1,train,395,HNU11081,d12_da584107d6226d,TASK1_a7e34b4950813c_W000,0,0,5000,145.249481|18.4992294|-124.702927|-77.9819031|137.882782|-49.4207382|-896.911255|317.605682|-54.5456161|-133.27121|-523.859741|-431.247131,d12_da584107d6226d:0:5000
D12_STRICT_0000830,task1,train,396,HNU11081,d12_da584107d6226d,TASK1_a7e34b4950813c_W001,1,5000,10000,145.249481|18.4992294|-124.702927|-77.9819031|137.882782|-49.4207382|-896.911255|317.605682|-54.5456161|-133.27121|-523.859741|-431.247131,d12_da584107d6226d:5000:10000
D12_STRICT_0000831,task1,train,397,HNU11081,d12_da584107d6226d,TASK1_a7e34b4950813c_W002,2,10000,15000,145.249481|18.4992294|-124.702927|-77.9819031|137.882782|-49.4207382|-896.911255|317.605682|-54.5456161|-133.27121|-523.859741|-431.247131,d12_da584107d6226d:10000:15000
D12_STRICT_0000832,task1,train,398,HNU11081,d12_da584107d6226d,TASK1_a7e34b4950813c_W003,3,15000,20000,145.249481|18.4992294|-124.702927|-77.9819031|137.882782|-49.4207382|-896.911255|317.605682|-54.5456161|-133.27121|-523.859741|-431.247131,d12_da584107d6226d:15000:20000
D12_STRICT_0000833,task1,train,399,HNU11081,d12_da584107d6226d,TASK1_a7e34b4950813c_W004,4,20000,25000,145.249481|18.4992294|-124.702927|-77.9819031|137.882782|-49.4207382|-896.911255|317.605682|-54.5456161|-133.27121|-523.859741|-431.247131,d12_da584107d6226d:20000:25000
D12_STRICT_0000834,task1,train,400,HNU11081,d12_da584107d6226d,TASK1_a7e34b4950813c_W005,5,25000,30000,145.249481|18.4992294|-124.702927|-77.9819031|137.882782|-49.4207382|-896.911255|317.605682|-54.5456161|-133.27121|-523.859741|-431.247131,d12_da584107d6226d:25000:30000
D12_STRICT_0000835,task1,train,401,HNU11081,d12_da584107d6226d,TASK1_a7e34b4950813c_W006,6,30000,35000,145.249481|18.4992294|-124.702927|-77.9819031|137.882782|-49.4207382|-896.911255|317.605682|-54.5456161|-133.27121|-523.859741|-431.247131,d12_da584107d6226d:30000:35000
D12_STRICT_0000836,task1,train,402,HNU11081,d12_da584107d6226d,TASK1_a7e34b4950813c_W007,7,35000,40000,145.249481|18.4992294|-124.702927|-77.9819031|137.882782|-49.4207382|-896.911255|317.605682|-54.5456161|-133.27121|-523.859741|-431.247131,d12_da584107d6226d:35000:40000
D12_STRICT_0000837,task1,train,403,HNU11081,d12_da584107d6226d,TASK1_a7e34b4950813c_W008,8,40000,45000,145.249481|18.4992294|-124.702927|-77.9819031|137.882782|-49.4207382|-896.911255|317.605682|-54.5456161|-133.27121|-523.859741|-431.247131,d12_da584107d6226d:40000:45000
D12_STRICT_0000838,task1,train,404,HNU11081,d12_da584107d6226d,TASK1_a7e34b4950813c_W009,9,45000,50000,145.249481|18.4992294|-124.702927|-77.9819031|137.882782|-49.4207382|-896.911255|317.605682|-54.5456161|-133.27121|-523.859741|-431.247131,d12_da584107d6226d:45000:50000
D12_STRICT_0000839,task1,train,405,HNU11081,d12_da584107d6226d,TASK1_a7e34b4950813c_W010,10,50000,55000,145.249481|18.4992294|-124.702927|-77.9819031|137.882782|-49.4207382|-896.911255|317.605682|-54.5456161|-133.27121|-523.859741|-431.247131,d12_da584107d6226d:50000:55000
D12_STRICT_0000840,task2,train,743,HNU11081,d12_da584107d6226d,TASK2_54b418822e1962_W011,11,55000,60000,,d12_da584107d6226d:55000:60000
D12_STRICT_0000841,task2,train,1093,HNU11081,d12_da584107d6226d,TASK2_eabc7436e6ca89_W012,12,60000,65000,,d12_da584107d6226d:60000:65000
D12_STRICT_0000842,task1,train,549,HNU11027,d12_e2f88f8aae3a9b,TASK1_f2af56f4ea3247_W000,0,0,5000,-240.978333|347.65686|586.406433|-48.0539169|-391.628448|479.155884|-129.46257|-261.84494|-469.067749|27.123682|217.746658|135.261002,d12_e2f88f8aae3a9b:0:5000
D12_STRICT_0000843,task1,train,550,HNU11027,d12_e2f88f8aae3a9b,TASK1_f2af56f4ea3247_W001,1,5000,10000,-240.978333|347.65686|586.406433|-48.0539169|-391.628448|479.155884|-129.46257|-261.84494|-469.067749|27.123682|217.746658|135.261002,d12_e2f88f8aae3a9b:5000:10000
D12_STRICT_0000844,task1,train,551,HNU11027,d12_e2f88f8aae3a9b,TASK1_f2af56f4ea3247_W002,2,10000,15000,-240.978333|347.65686|586.406433|-48.0539169|-391.628448|479.155884|-129.46257|-261.84494|-469.067749|27.123682|217.746658|135.261002,d12_e2f88f8aae3a9b:10000:15000
D12_STRICT_0000845,task1,train,552,HNU11027,d12_e2f88f8aae3a9b,TASK1_f2af56f4ea3247_W003,3,15000,20000,-240.978333|347.65686|586.406433|-48.0539169|-391.628448|479.155884|-129.46257|-261.84494|-469.067749|27.123682|217.746658|135.261002,d12_e2f88f8aae3a9b:15000:20000
D12_STRICT_0000846,task1,train,553,HNU11027,d12_e2f88f8aae3a9b,TASK1_f2af56f4ea3247_W004,4,20000,25000,-240.978333|347.65686|586.406433|-48.0539169|-391.628448|479.155884|-129.46257|-261.84494|-469.067749|27.123682|217.746658|135.261002,d12_e2f88f8aae3a9b:20000:25000
D12_STRICT_0000847,task1,train,554,HNU11027,d12_e2f88f8aae3a9b,TASK1_f2af56f4ea3247_W005,5,25000,30000,-240.978333|347.65686|586.406433|-48.0539169|-391.628448|479.155884|-129.46257|-261.84494|-469.067749|27.123682|217.746658|135.261002,d12_e2f88f8aae3a9b:25000:30000
D12_STRICT_0000848,task1,train,555,HNU11027,d12_e2f88f8aae3a9b,TASK1_f2af56f4ea3247_W006,6,30000,35000,-240.978333|347.65686|586.406433|-48.0539169|-391.628448|479.155884|-129.46257|-261.84494|-469.067749|27.123682|217.746658|135.261002,d12_e2f88f8aae3a9b:30000:35000
D12_STRICT_0000849,task1,train,556,HNU11027,d12_e2f88f8aae3a9b,TASK1_f2af56f4ea3247_W007,7,35000,40000,-240.978333|347.65686|586.406433|-48.0539169|-391.628448|479.155884|-129.46257|-261.84494|-469.067749|27.123682|217.746658|135.261002,d12_e2f88f8aae3a9b:35000:40000
D12_STRICT_0000850,task1,train,557,HNU11027,d12_e2f88f8aae3a9b,TASK1_f2af56f4ea3247_W008,8,40000,45000,-240.978333|347.65686|586.406433|-48.0539169|-391.628448|479.155884|-129.46257|-261.84494|-469.067749|27.123682|217.746658|135.261002,d12_e2f88f8aae3a9b:40000:45000
D12_STRICT_0000851,task1,train,558,HNU11027,d12_e2f88f8aae3a9b,TASK1_f2af56f4ea3247_W009,9,45000,50000,-240.978333|347.65686|586.406433|-48.0539169|-391.628448|479.155884|-129.46257|-261.84494|-469.067749|27.123682|217.746658|135.261002,d12_e2f88f8aae3a9b:45000:50000
D12_STRICT_0000852,task1,train,559,HNU11027,d12_e2f88f8aae3a9b,TASK1_f2af56f4ea3247_W010,10,50000,55000,-240.978333|347.65686|586.406433|-48.0539169|-391.628448|479.155884|-129.46257|-261.84494|-469.067749|27.123682|217.746658|135.261002,d12_e2f88f8aae3a9b:50000:55000
D12_STRICT_0000853,task2,train,263,HNU11027,d12_e2f88f8aae3a9b,TASK2_feea0de69ad665_W011,11,55000,60000,,d12_e2f88f8aae3a9b:55000:60000
D12_STRICT_0000854,task1,train,33,HNU11100,d12_e56509d8b6860d,TASK1_27b60563633ec9_W000,0,0,5000,58.1779099|165.580673|100.026489|-112.777405|-15.130517|133.776489|-1942.46545|-127.531502|-1210.80908|-1727.02124|-327.926941|-1118.36523,d12_e56509d8b6860d:0:5000
D12_STRICT_0000855,task1,train,34,HNU11100,d12_e56509d8b6860d,TASK1_27b60563633ec9_W001,1,5000,10000,58.1779099|165.580673|100.026489|-112.777405|-15.130517|133.776489|-1942.46545|-127.531502|-1210.80908|-1727.02124|-327.926941|-1118.36523,d12_e56509d8b6860d:5000:10000
D12_STRICT_0000856,task1,train,35,HNU11100,d12_e56509d8b6860d,TASK1_27b60563633ec9_W002,2,10000,15000,58.1779099|165.580673|100.026489|-112.777405|-15.130517|133.776489|-1942.46545|-127.531502|-1210.80908|-1727.02124|-327.926941|-1118.36523,d12_e56509d8b6860d:10000:15000
D12_STRICT_0000857,task1,train,36,HNU11100,d12_e56509d8b6860d,TASK1_27b60563633ec9_W003,3,15000,20000,58.1779099|165.580673|100.026489|-112.777405|-15.130517|133.776489|-1942.46545|-127.531502|-1210.80908|-1727.02124|-327.926941|-1118.36523,d12_e56509d8b6860d:15000:20000
D12_STRICT_0000858,task1,train,37,HNU11100,d12_e56509d8b6860d,TASK1_27b60563633ec9_W004,4,20000,25000,58.1779099|165.580673|100.026489|-112.777405|-15.130517|133.776489|-1942.46545|-127.531502|-1210.80908|-1727.02124|-327.926941|-1118.36523,d12_e56509d8b6860d:20000:25000
D12_STRICT_0000859,task1,train,38,HNU11100,d12_e56509d8b6860d,TASK1_27b60563633ec9_W005,5,25000,30000,58.1779099|165.580673|100.026489|-112.777405|-15.130517|133.776489|-1942.46545|-127.531502|-1210.80908|-1727.02124|-327.926941|-1118.36523,d12_e56509d8b6860d:25000:30000
D12_STRICT_0000860,task1,train,39,HNU11100,d12_e56509d8b6860d,TASK1_27b60563633ec9_W006,6,30000,35000,58.1779099|165.580673|100.026489|-112.777405|-15.130517|133.776489|-1942.46545|-127.531502|-1210.80908|-1727.02124|-327.926941|-1118.36523,d12_e56509d8b6860d:30000:35000
D12_STRICT_0000861,task1,train,40,HNU11100,d12_e56509d8b6860d,TASK1_27b60563633ec9_W007,7,35000,40000,58.1779099|165.580673|100.026489|-112.777405|-15.130517|133.776489|-1942.46545|-127.531502|-1210.80908|-1727.02124|-327.926941|-1118.36523,d12_e56509d8b6860d:35000:40000
D12_STRICT_0000862,task1,train,41,HNU11100,d12_e56509d8b6860d,TASK1_27b60563633ec9_W008,8,40000,45000,58.1779099|165.580673|100.026489|-112.777405|-15.130517|133.776489|-1942.46545|-127.531502|-1210.80908|-1727.02124|-327.926941|-1118.36523,d12_e56509d8b6860d:40000:45000
D12_STRICT_0000863,task1,train,42,HNU11100,d12_e56509d8b6860d,TASK1_27b60563633ec9_W009,9,45000,50000,58.1779099|165.580673|100.026489|-112.777405|-15.130517|133.776489|-1942.46545|-127.531502|-1210.80908|-1727.02124|-327.926941|-1118.36523,d12_e56509d8b6860d:45000:50000
D12_STRICT_0000864,task1,train,207,HNU11100,d12_e56509d8b6860d,TASK1_856aaf67fb62fc_W010,10,50000,55000,58.1779099|165.580673|100.026489|-112.777405|-15.130517|133.776489|-1942.46545|-127.531502|-1210.80908|-1727.02124|-327.926941|-1118.36523,d12_e56509d8b6860d:50000:55000
D12_STRICT_0000865,task2,train,948,HNU11100,d12_e56509d8b6860d,TASK2_931c00b0160500_W011,11,55000,60000,,d12_e56509d8b6860d:55000:60000
D12_STRICT_0000866,task1,train,131,HNU11028,d12_e923c094e4d2bf,TASK1_593d4b5980b349_W000,0,0,5000,-488.761078|-413.39328|89.1820679|447.810455|-286.124603|-166.258469|12.8038206|113.521225|-59.4371338|-107.463348|-256.049622|-299.752991,d12_e923c094e4d2bf:0:5000
D12_STRICT_0000867,task1,train,132,HNU11028,d12_e923c094e4d2bf,TASK1_593d4b5980b349_W001,1,5000,10000,-488.761078|-413.39328|89.1820679|447.810455|-286.124603|-166.258469|12.8038206|113.521225|-59.4371338|-107.463348|-256.049622|-299.752991,d12_e923c094e4d2bf:5000:10000
D12_STRICT_0000868,task1,train,133,HNU11028,d12_e923c094e4d2bf,TASK1_593d4b5980b349_W002,2,10000,15000,-488.761078|-413.39328|89.1820679|447.810455|-286.124603|-166.258469|12.8038206|113.521225|-59.4371338|-107.463348|-256.049622|-299.752991,d12_e923c094e4d2bf:10000:15000
D12_STRICT_0000869,task1,train,134,HNU11028,d12_e923c094e4d2bf,TASK1_593d4b5980b349_W003,3,15000,20000,-488.761078|-413.39328|89.1820679|447.810455|-286.124603|-166.258469|12.8038206|113.521225|-59.4371338|-107.463348|-256.049622|-299.752991,d12_e923c094e4d2bf:15000:20000
D12_STRICT_0000870,task1,train,135,HNU11028,d12_e923c094e4d2bf,TASK1_593d4b5980b349_W004,4,20000,25000,-488.761078|-413.39328|89.1820679|447.810455|-286.124603|-166.258469|12.8038206|113.521225|-59.4371338|-107.463348|-256.049622|-299.752991,d12_e923c094e4d2bf:20000:25000
D12_STRICT_0000871,task1,train,136,HNU11028,d12_e923c094e4d2bf,TASK1_593d4b5980b349_W005,5,25000,30000,-488.761078|-413.39328|89.1820679|447.810455|-286.124603|-166.258469|12.8038206|113.521225|-59.4371338|-107.463348|-256.049622|-299.752991,d12_e923c094e4d2bf:25000:30000
D12_STRICT_0000872,task1,train,137,HNU11028,d12_e923c094e4d2bf,TASK1_593d4b5980b349_W006,6,30000,35000,-488.761078|-413.39328|89.1820679|447.810455|-286.124603|-166.258469|12.8038206|113.521225|-59.4371338|-107.463348|-256.049622|-299.752991,d12_e923c094e4d2bf:30000:35000
D12_STRICT_0000873,task1,train,138,HNU11028,d12_e923c094e4d2bf,TASK1_593d4b5980b349_W007,7,35000,40000,-488.761078|-413.39328|89.1820679|447.810455|-286.124603|-166.258469|12.8038206|113.521225|-59.4371338|-107.463348|-256.049622|-299.752991,d12_e923c094e4d2bf:35000:40000
D12_STRICT_0000874,task1,train,139,HNU11028,d12_e923c094e4d2bf,TASK1_593d4b5980b349_W008,8,40000,45000,-488.761078|-413.39328|89.1820679|447.810455|-286.124603|-166.258469|12.8038206|113.521225|-59.4371338|-107.463348|-256.049622|-299.752991,d12_e923c094e4d2bf:40000:45000
D12_STRICT_0000875,task1,train,140,HNU11028,d12_e923c094e4d2bf,TASK1_593d4b5980b349_W009,9,45000,50000,-488.761078|-413.39328|89.1820679|447.810455|-286.124603|-166.258469|12.8038206|113.521225|-59.4371338|-107.463348|-256.049622|-299.752991,d12_e923c094e4d2bf:45000:50000
D12_STRICT_0000876,task1,train,141,HNU11028,d12_e923c094e4d2bf,TASK1_593d4b5980b349_W010,10,50000,55000,-488.761078|-413.39328|89.1820679|447.810455|-286.124603|-166.258469|12.8038206|113.521225|-59.4371338|-107.463348|-256.049622|-299.752991,d12_e923c094e4d2bf:50000:55000
D12_STRICT_0000877,task2,train,275,HNU11028,d12_e923c094e4d2bf,TASK2_885705e2ff3734_W011,11,55000,60000,,d12_e923c094e4d2bf:55000:60000
D12_STRICT_0000878,task1,train,791,HNU11009,d12_e9f132a7b5350f,TASK1_b72647b70eb3ac_W000,0,0,5000,110.756104|47.8690186|-55.9647141|-95.826355|72.8755035|-8.07974434|-310.911926|211.637177|-918.884216|5.93604612|-640.838867|-160.71347,d12_e9f132a7b5350f:0:5000
D12_STRICT_0000879,task1,train,792,HNU11009,d12_e9f132a7b5350f,TASK1_b72647b70eb3ac_W001,1,5000,10000,110.756104|47.8690186|-55.9647141|-95.826355|72.8755035|-8.07974434|-310.911926|211.637177|-918.884216|5.93604612|-640.838867|-160.71347,d12_e9f132a7b5350f:5000:10000
D12_STRICT_0000880,task1,train,793,HNU11009,d12_e9f132a7b5350f,TASK1_b72647b70eb3ac_W002,2,10000,15000,110.756104|47.8690186|-55.9647141|-95.826355|72.8755035|-8.07974434|-310.911926|211.637177|-918.884216|5.93604612|-640.838867|-160.71347,d12_e9f132a7b5350f:10000:15000
D12_STRICT_0000881,task1,train,794,HNU11009,d12_e9f132a7b5350f,TASK1_b72647b70eb3ac_W003,3,15000,20000,110.756104|47.8690186|-55.9647141|-95.826355|72.8755035|-8.07974434|-310.911926|211.637177|-918.884216|5.93604612|-640.838867|-160.71347,d12_e9f132a7b5350f:15000:20000
D12_STRICT_0000882,task1,train,795,HNU11009,d12_e9f132a7b5350f,TASK1_b72647b70eb3ac_W004,4,20000,25000,110.756104|47.8690186|-55.9647141|-95.826355|72.8755035|-8.07974434|-310.911926|211.637177|-918.884216|5.93604612|-640.838867|-160.71347,d12_e9f132a7b5350f:20000:25000
D12_STRICT_0000883,task1,train,796,HNU11009,d12_e9f132a7b5350f,TASK1_b72647b70eb3ac_W005,5,25000,30000,110.756104|47.8690186|-55.9647141|-95.826355|72.8755035|-8.07974434|-310.911926|211.637177|-918.884216|5.93604612|-640.838867|-160.71347,d12_e9f132a7b5350f:25000:30000
D12_STRICT_0000884,task1,train,797,HNU11009,d12_e9f132a7b5350f,TASK1_b72647b70eb3ac_W006,6,30000,35000,110.756104|47.8690186|-55.9647141|-95.826355|72.8755035|-8.07974434|-310.911926|211.637177|-918.884216|5.93604612|-640.838867|-160.71347,d12_e9f132a7b5350f:30000:35000
D12_STRICT_0000885,task1,train,798,HNU11009,d12_e9f132a7b5350f,TASK1_b72647b70eb3ac_W007,7,35000,40000,110.756104|47.8690186|-55.9647141|-95.826355|72.8755035|-8.07974434|-310.911926|211.637177|-918.884216|5.93604612|-640.838867|-160.71347,d12_e9f132a7b5350f:35000:40000
D12_STRICT_0000886,task1,train,799,HNU11009,d12_e9f132a7b5350f,TASK1_b72647b70eb3ac_W008,8,40000,45000,110.756104|47.8690186|-55.9647141|-95.826355|72.8755035|-8.07974434|-310.911926|211.637177|-918.884216|5.93604612|-640.838867|-160.71347,d12_e9f132a7b5350f:40000:45000
D12_STRICT_0000887,task1,train,800,HNU11009,d12_e9f132a7b5350f,TASK1_b72647b70eb3ac_W009,9,45000,50000,110.756104|47.8690186|-55.9647141|-95.826355|72.8755035|-8.07974434|-310.911926|211.637177|-918.884216|5.93604612|-640.838867|-160.71347,d12_e9f132a7b5350f:45000:50000
D12_STRICT_0000888,task1,train,801,HNU11009,d12_e9f132a7b5350f,TASK1_b72647b70eb3ac_W010,10,50000,55000,110.756104|47.8690186|-55.9647141|-95.826355|72.8755035|-8.07974434|-310.911926|211.637177|-918.884216|5.93604612|-640.838867|-160.71347,d12_e9f132a7b5350f:50000:55000
D12_STRICT_0000889,task2,train,83,HNU11009,d12_e9f132a7b5350f,TASK2_88c61cc849d7c4_W011,11,55000,60000,,d12_e9f132a7b5350f:55000:60000
D12_STRICT_0000890,task1,train,714,HNU11042,d12_ee67333557b702,TASK1_9fa6810e07f198_W000,0,0,5000,123.422203|-147.860443|-282.84491|10.3801441|213.277603|-214.654114|-715.444214|-716.190002|-485.825378|-219.540619|38.7593689|192.191742,d12_ee67333557b702:0:5000
D12_STRICT_0000891,task1,train,715,HNU11042,d12_ee67333557b702,TASK1_9fa6810e07f198_W001,1,5000,10000,123.422203|-147.860443|-282.84491|10.3801441|213.277603|-214.654114|-715.444214|-716.190002|-485.825378|-219.540619|38.7593689|192.191742,d12_ee67333557b702:5000:10000
D12_STRICT_0000892,task1,train,716,HNU11042,d12_ee67333557b702,TASK1_9fa6810e07f198_W002,2,10000,15000,123.422203|-147.860443|-282.84491|10.3801441|213.277603|-214.654114|-715.444214|-716.190002|-485.825378|-219.540619|38.7593689|192.191742,d12_ee67333557b702:10000:15000
D12_STRICT_0000893,task1,train,717,HNU11042,d12_ee67333557b702,TASK1_9fa6810e07f198_W003,3,15000,20000,123.422203|-147.860443|-282.84491|10.3801441|213.277603|-214.654114|-715.444214|-716.190002|-485.825378|-219.540619|38.7593689|192.191742,d12_ee67333557b702:15000:20000
D12_STRICT_0000894,task1,train,718,HNU11042,d12_ee67333557b702,TASK1_9fa6810e07f198_W004,4,20000,25000,123.422203|-147.860443|-282.84491|10.3801441|213.277603|-214.654114|-715.444214|-716.190002|-485.825378|-219.540619|38.7593689|192.191742,d12_ee67333557b702:20000:25000
D12_STRICT_0000895,task1,train,719,HNU11042,d12_ee67333557b702,TASK1_9fa6810e07f198_W005,5,25000,30000,123.422203|-147.860443|-282.84491|10.3801441|213.277603|-214.654114|-715.444214|-716.190002|-485.825378|-219.540619|38.7593689|192.191742,d12_ee67333557b702:25000:30000
D12_STRICT_0000896,task1,train,720,HNU11042,d12_ee67333557b702,TASK1_9fa6810e07f198_W006,6,30000,35000,123.422203|-147.860443|-282.84491|10.3801441|213.277603|-214.654114|-715.444214|-716.190002|-485.825378|-219.540619|38.7593689|192.191742,d12_ee67333557b702:30000:35000
D12_STRICT_0000897,task1,train,721,HNU11042,d12_ee67333557b702,TASK1_9fa6810e07f198_W007,7,35000,40000,123.422203|-147.860443|-282.84491|10.3801441|213.277603|-214.654114|-715.444214|-716.190002|-485.825378|-219.540619|38.7593689|192.191742,d12_ee67333557b702:35000:40000
D12_STRICT_0000898,task1,train,722,HNU11042,d12_ee67333557b702,TASK1_9fa6810e07f198_W008,8,40000,45000,123.422203|-147.860443|-282.84491|10.3801441|213.277603|-214.654114|-715.444214|-716.190002|-485.825378|-219.540619|38.7593689|192.191742,d12_ee67333557b702:40000:45000
D12_STRICT_0000899,task1,train,723,HNU11042,d12_ee67333557b702,TASK1_9fa6810e07f198_W009,9,45000,50000,123.422203|-147.860443|-282.84491|10.3801441|213.277603|-214.654114|-715.444214|-716.190002|-485.825378|-219.540619|38.7593689|192.191742,d12_ee67333557b702:45000:50000
D12_STRICT_0000900,task1,train,724,HNU11042,d12_ee67333557b702,TASK1_9fa6810e07f198_W010,10,50000,55000,123.422203|-147.860443|-282.84491|10.3801441|213.277603|-214.654114|-715.444214|-716.190002|-485.825378|-219.540619|38.7593689|192.191742,d12_ee67333557b702:50000:55000
D12_STRICT_0000901,task2,train,443,HNU11042,d12_ee67333557b702,TASK2_90d6a02d87ae84_W011,11,55000,60000,,d12_ee67333557b702:55000:60000
D12_STRICT_0000902,task1,train,857,HNU11017,d12_f6f28a6878e0ba,TASK1_a268cf9c4bc51f_W000,0,0,5000,-84.2980881|-108.727074|-28.0380116|96.386467|-26.9882107|-65.9981613|-253.981857|-131.226456|-786.301697|-163.494827|-211.20578|-348.285858,d12_f6f28a6878e0ba:0:5000
D12_STRICT_0000903,task1,train,858,HNU11017,d12_f6f28a6878e0ba,TASK1_a268cf9c4bc51f_W001,1,5000,10000,-84.2980881|-108.727074|-28.0380116|96.386467|-26.9882107|-65.9981613|-253.981857|-131.226456|-786.301697|-163.494827|-211.20578|-348.285858,d12_f6f28a6878e0ba:5000:10000
D12_STRICT_0000904,task1,train,859,HNU11017,d12_f6f28a6878e0ba,TASK1_a268cf9c4bc51f_W002,2,10000,15000,-84.2980881|-108.727074|-28.0380116|96.386467|-26.9882107|-65.9981613|-253.981857|-131.226456|-786.301697|-163.494827|-211.20578|-348.285858,d12_f6f28a6878e0ba:10000:15000
D12_STRICT_0000905,task1,train,860,HNU11017,d12_f6f28a6878e0ba,TASK1_a268cf9c4bc51f_W003,3,15000,20000,-84.2980881|-108.727074|-28.0380116|96.386467|-26.9882107|-65.9981613|-253.981857|-131.226456|-786.301697|-163.494827|-211.20578|-348.285858,d12_f6f28a6878e0ba:15000:20000
D12_STRICT_0000906,task1,train,861,HNU11017,d12_f6f28a6878e0ba,TASK1_a268cf9c4bc51f_W004,4,20000,25000,-84.2980881|-108.727074|-28.0380116|96.386467|-26.9882107|-65.9981613|-253.981857|-131.226456|-786.301697|-163.494827|-211.20578|-348.285858,d12_f6f28a6878e0ba:20000:25000
D12_STRICT_0000907,task1,train,862,HNU11017,d12_f6f28a6878e0ba,TASK1_a268cf9c4bc51f_W005,5,25000,30000,-84.2980881|-108.727074|-28.0380116|96.386467|-26.9882107|-65.9981613|-253.981857|-131.226456|-786.301697|-163.494827|-211.20578|-348.285858,d12_f6f28a6878e0ba:25000:30000
D12_STRICT_0000908,task1,train,863,HNU11017,d12_f6f28a6878e0ba,TASK1_a268cf9c4bc51f_W006,6,30000,35000,-84.2980881|-108.727074|-28.0380116|96.386467|-26.9882107|-65.9981613|-253.981857|-131.226456|-786.301697|-163.494827|-211.20578|-348.285858,d12_f6f28a6878e0ba:30000:35000
D12_STRICT_0000909,task1,train,864,HNU11017,d12_f6f28a6878e0ba,TASK1_a268cf9c4bc51f_W007,7,35000,40000,-84.2980881|-108.727074|-28.0380116|96.386467|-26.9882107|-65.9981613|-253.981857|-131.226456|-786.301697|-163.494827|-211.20578|-348.285858,d12_f6f28a6878e0ba:35000:40000
D12_STRICT_0000910,task1,train,865,HNU11017,d12_f6f28a6878e0ba,TASK1_a268cf9c4bc51f_W008,8,40000,45000,-84.2980881|-108.727074|-28.0380116|96.386467|-26.9882107|-65.9981613|-253.981857|-131.226456|-786.301697|-163.494827|-211.20578|-348.285858,d12_f6f28a6878e0ba:40000:45000
D12_STRICT_0000911,task1,train,866,HNU11017,d12_f6f28a6878e0ba,TASK1_a268cf9c4bc51f_W009,9,45000,50000,-84.2980881|-108.727074|-28.0380116|96.386467|-26.9882107|-65.9981613|-253.981857|-131.226456|-786.301697|-163.494827|-211.20578|-348.285858,d12_f6f28a6878e0ba:45000:50000
D12_STRICT_0000912,task1,train,867,HNU11017,d12_f6f28a6878e0ba,TASK1_a268cf9c4bc51f_W010,10,50000,55000,-84.2980881|-108.727074|-28.0380116|96.386467|-26.9882107|-65.9981613|-253.981857|-131.226456|-786.301697|-163.494827|-211.20578|-348.285858,d12_f6f28a6878e0ba:50000:55000
D12_STRICT_0000913,task2,train,167,HNU11017,d12_f6f28a6878e0ba,TASK2_71a1738697bf57_W011,11,55000,60000,,d12_f6f28a6878e0ba:55000:60000
D12_STRICT_0000914,task1,train,648,HNU11047,d12_f6f77ba435974f,TASK1_8f305c63f45435_W000,0,0,5000,2.72117758|-145.282288|-165.762695|70.6984711|93.8632507|-154.429703|109.631531|117.648689|-100.836288|34.6171494|-98.384552|-17.0789394,d12_f6f77ba435974f:0:5000
D12_STRICT_0000915,task1,train,649,HNU11047,d12_f6f77ba435974f,TASK1_8f305c63f45435_W001,1,5000,10000,2.72117758|-145.282288|-165.762695|70.6984711|93.8632507|-154.429703|109.631531|117.648689|-100.836288|34.6171494|-98.384552|-17.0789394,d12_f6f77ba435974f:5000:10000
D12_STRICT_0000916,task1,train,650,HNU11047,d12_f6f77ba435974f,TASK1_8f305c63f45435_W002,2,10000,15000,2.72117758|-145.282288|-165.762695|70.6984711|93.8632507|-154.429703|109.631531|117.648689|-100.836288|34.6171494|-98.384552|-17.0789394,d12_f6f77ba435974f:10000:15000
D12_STRICT_0000917,task1,train,651,HNU11047,d12_f6f77ba435974f,TASK1_8f305c63f45435_W003,3,15000,20000,2.72117758|-145.282288|-165.762695|70.6984711|93.8632507|-154.429703|109.631531|117.648689|-100.836288|34.6171494|-98.384552|-17.0789394,d12_f6f77ba435974f:15000:20000
D12_STRICT_0000918,task1,train,652,HNU11047,d12_f6f77ba435974f,TASK1_8f305c63f45435_W004,4,20000,25000,2.72117758|-145.282288|-165.762695|70.6984711|93.8632507|-154.429703|109.631531|117.648689|-100.836288|34.6171494|-98.384552|-17.0789394,d12_f6f77ba435974f:20000:25000
D12_STRICT_0000919,task1,train,653,HNU11047,d12_f6f77ba435974f,TASK1_8f305c63f45435_W005,5,25000,30000,2.72117758|-145.282288|-165.762695|70.6984711|93.8632507|-154.429703|109.631531|117.648689|-100.836288|34.6171494|-98.384552|-17.0789394,d12_f6f77ba435974f:25000:30000
D12_STRICT_0000920,task1,train,654,HNU11047,d12_f6f77ba435974f,TASK1_8f305c63f45435_W006,6,30000,35000,2.72117758|-145.282288|-165.762695|70.6984711|93.8632507|-154.429703|109.631531|117.648689|-100.836288|34.6171494|-98.384552|-17.0789394,d12_f6f77ba435974f:30000:35000
D12_STRICT_0000921,task1,train,655,HNU11047,d12_f6f77ba435974f,TASK1_8f305c63f45435_W007,7,35000,40000,2.72117758|-145.282288|-165.762695|70.6984711|93.8632507|-154.429703|109.631531|117.648689|-100.836288|34.6171494|-98.384552|-17.0789394,d12_f6f77ba435974f:35000:40000
D12_STRICT_0000922,task1,train,656,HNU11047,d12_f6f77ba435974f,TASK1_8f305c63f45435_W008,8,40000,45000,2.72117758|-145.282288|-165.762695|70.6984711|93.8632507|-154.429703|109.631531|117.648689|-100.836288|34.6171494|-98.384552|-17.0789394,d12_f6f77ba435974f:40000:45000
D12_STRICT_0000923,task1,train,657,HNU11047,d12_f6f77ba435974f,TASK1_8f305c63f45435_W009,9,45000,50000,2.72117758|-145.282288|-165.762695|70.6984711|93.8632507|-154.429703|109.631531|117.648689|-100.836288|34.6171494|-98.384552|-17.0789394,d12_f6f77ba435974f:45000:50000
D12_STRICT_0000924,task1,train,658,HNU11047,d12_f6f77ba435974f,TASK1_8f305c63f45435_W010,10,50000,55000,2.72117758|-145.282288|-165.762695|70.6984711|93.8632507|-154.429703|109.631531|117.648689|-100.836288|34.6171494|-98.384552|-17.0789394,d12_f6f77ba435974f:50000:55000
D12_STRICT_0000925,task2,train,491,HNU11047,d12_f6f77ba435974f,TASK2_4c52a10f6af91f_W011,11,55000,60000,,d12_f6f77ba435974f:55000:60000
D12_STRICT_0000926,task1,train,307,HNU11013,d12_ff969feb0f32a3,TASK1_f8ca19eed08824_W000,0,0,5000,89.172142|24.6937771|-54.1651611|-55.4516792|78.6954956|-11.9619331|-1223.96277|-315.442352|-999.264587|-478.149902|-439.622986|-311.449341,d12_ff969feb0f32a3:0:5000
D12_STRICT_0000927,task1,train,308,HNU11013,d12_ff969feb0f32a3,TASK1_f8ca19eed08824_W001,1,5000,10000,89.172142|24.6937771|-54.1651611|-55.4516792|78.6954956|-11.9619331|-1223.96277|-315.442352|-999.264587|-478.149902|-439.622986|-311.449341,d12_ff969feb0f32a3:5000:10000
D12_STRICT_0000928,task1,train,309,HNU11013,d12_ff969feb0f32a3,TASK1_f8ca19eed08824_W002,2,10000,15000,89.172142|24.6937771|-54.1651611|-55.4516792|78.6954956|-11.9619331|-1223.96277|-315.442352|-999.264587|-478.149902|-439.622986|-311.449341,d12_ff969feb0f32a3:10000:15000
D12_STRICT_0000929,task1,train,310,HNU11013,d12_ff969feb0f32a3,TASK1_f8ca19eed08824_W003,3,15000,20000,89.172142|24.6937771|-54.1651611|-55.4516792|78.6954956|-11.9619331|-1223.96277|-315.442352|-999.264587|-478.149902|-439.622986|-311.449341,d12_ff969feb0f32a3:15000:20000
D12_STRICT_0000930,task1,train,311,HNU11013,d12_ff969feb0f32a3,TASK1_f8ca19eed08824_W004,4,20000,25000,89.172142|24.6937771|-54.1651611|-55.4516792|78.6954956|-11.9619331|-1223.96277|-315.442352|-999.264587|-478.149902|-439.622986|-311.449341,d12_ff969feb0f32a3:20000:25000
D12_STRICT_0000931,task1,train,312,HNU11013,d12_ff969feb0f32a3,TASK1_f8ca19eed08824_W005,5,25000,30000,89.172142|24.6937771|-54.1651611|-55.4516792|78.6954956|-11.9619331|-1223.96277|-315.442352|-999.264587|-478.149902|-439.622986|-311.449341,d12_ff969feb0f32a3:25000:30000
D12_STRICT_0000932,task1,train,313,HNU11013,d12_ff969feb0f32a3,TASK1_f8ca19eed08824_W006,6,30000,35000,89.172142|24.6937771|-54.1651611|-55.4516792|78.6954956|-11.9619331|-1223.96277|-315.442352|-999.264587|-478.149902|-439.622986|-311.449341,d12_ff969feb0f32a3:30000:35000
D12_STRICT_0000933,task1,train,314,HNU11013,d12_ff969feb0f32a3,TASK1_f8ca19eed08824_W007,7,35000,40000,89.172142|24.6937771|-54.1651611|-55.4516792|78.6954956|-11.9619331|-1223.96277|-315.442352|-999.264587|-478.149902|-439.622986|-311.449341,d12_ff969feb0f32a3:35000:40000
D12_STRICT_0000934,task1,train,315,HNU11013,d12_ff969feb0f32a3,TASK1_f8ca19eed08824_W008,8,40000,45000,89.172142|24.6937771|-54.1651611|-55.4516792|78.6954956|-11.9619331|-1223.96277|-315.442352|-999.264587|-478.149902|-439.622986|-311.449341,d12_ff969feb0f32a3:40000:45000
D12_STRICT_0000935,task1,train,316,HNU11013,d12_ff969feb0f32a3,TASK1_f8ca19eed08824_W009,9,45000,50000,89.172142|24.6937771|-54.1651611|-55.4516792|78.6954956|-11.9619331|-1223.96277|-315.442352|-999.264587|-478.149902|-439.622986|-311.449341,d12_ff969feb0f32a3:45000:50000
D12_STRICT_0000936,task1,train,317,HNU11013,d12_ff969feb0f32a3,TASK1_f8ca19eed08824_W010,10,50000,55000,89.172142|24.6937771|-54.1651611|-55.4516792|78.6954956|-11.9619331|-1223.96277|-315.442352|-999.264587|-478.149902|-439.622986|-311.449341,d12_ff969feb0f32a3:50000:55000
D12_STRICT_0000937,task2,train,131,HNU11013,d12_ff969feb0f32a3,TASK2_2c63371975eb93_W011,11,55000,60000,,d12_ff969feb0f32a3:55000:60000
