record_id,subject_id,externalid,groupid,device_type,signal_type,source_file,source_path,record_time_raw,record_time,native_fs,unit,duration_sec,lead_or_channel_info,parse_status,quality_status,quality_reason,pair_status,paired_d12_record_id,pair_reason,uniqueid,healthid,recordschema,sample_count,qc_status,qc_reason,qc_checks,split
ECG_aecb7fb299913f,HNU11094,HNU11094,3cb51e382d1545e0ae856b9714509e61,watch,ecg,ecg-1785135948596-5b01e054f4b649f782d966c8d892119c.zip,Data/ECG/ecg-1785135948596-5b01e054f4b649f782d966c8d892119c.zip,2026/7/27 15:03,2026-07-27 15:03:00,10,μV,116.839,single lead,ok,usable,,paired_exact_subject_id,d12_85274e7c560787,exact HNU matches one d12 record,ff70069d26624219ab05e5e6eadf8bab,e9ccb37ba6514cd08242f26c737843e1,1,58200,usable,,"parse,timestamp,gap,duration,constant,NaN/Inf",train
ECG_02c7df0e9e016a,HNU11035,HNU11035,745d1ee36cea4f7e88b3d131bff3aa78,watch,ecg,ecg-1784777162856-2e8732a8c88846c1825e76304cd81059.zip,Data/ECG/ecg-1784777162856-2e8732a8c88846c1825e76304cd81059.zip,2026/7/23 11:24,2026-07-23 11:24:00,10,μV,117.916,single lead,ok,usable,,paired_exact_subject_id,d12_493a7d4ad9f543,exact HNU matches one d12 record,fd5661342a99408ebb789e9b1925cdc0,d4cf9873428c45c385b0575241c093e2,1,59000,usable,,"parse,timestamp,gap,duration,constant,NaN/Inf",train
ECG_bdaecfc0481d49,HNU11046,HNU11046,6825216a7fe04172829809b645b2941d,watch,ecg,ecg-1784793859715-7b2339d3256a423fafe8229c3d9008a0.zip,Data/ECG/ecg-1784793859715-7b2339d3256a423fafe8229c3d9008a0.zip,2026/7/23 16:02,2026-07-23 16:02:00,10,μV,117.808,single lead,ok,usable,,paired_exact_subject_id,d12_d1b1e27eb482c7,exact HNU matches one d12 record,fb59c004bed24682844bc7db29117e7b,d4cf9873428c45c385b0575241c093e2,1,58950,usable,,"parse,timestamp,gap,duration,constant,NaN/Inf",validation
ECG_dbadbb543f1885,HNU11050,HNU11050,74dd2630e49545ec864ec11fd248e3b5,watch,ecg,ecg-1784795979613-bb8db017c87649aca3cfa355cda8e1f3.zip,Data/ECG/ecg-1784795979613-bb8db017c87649aca3cfa355cda8e1f3.zip,2026/7/23 16:37,2026-07-23 16:37:00,10,μV,116.198,single lead,ok,usable,,paired_exact_subject_id,d12_f8cef52f655b7d,exact HNU matches one d12 record,fad8406f4ff14e3bae07e0243f12dd66,d4cf9873428c45c385b0575241c093e2,1,58150,usable,,"parse,timestamp,gap,duration,constant,NaN/Inf",train
ECG_73402baba1c57e,HNU11100,HNU11100,b0cb4183a6f34f0c94c8b37b7336a5cd,watch,ecg,ecg-1785221910068-0194b7a40c284dafa8466112ed0c32e9.zip,Data/ECG/ecg-1785221910068-0194b7a40c284dafa8466112ed0c32e9.zip,2026/7/28 14:56,2026-07-28 14:56:00,10,μV,103.308,single lead,ok,usable,,paired_exact_subject_id,d12_e56509d8b6860d,exact HNU matches one d12 record,f8f02f6ef6354f5aa08dca9e1023c7d7,e9ccb37ba6514cd08242f26c737843e1,1,51700,usable,,"parse,timestamp,gap,duration,constant,NaN/Inf",train
ECG_6a22d5e3bd1dd4,HNU11049,HNU11049,b90ec108ce064d75a5ebd8a55bf47e62,watch,ecg,ecg-1784794740888-bcab607c8c4b43148aac588e18e94290.zip,Data/ECG/ecg-1784794740888-bcab607c8c4b43148aac588e18e94290.zip,2026/7/23 16:17,2026-07-23 16:17:00,10,μV,117.808,single lead,ok,usable,,paired_exact_subject_id,d12_2de2cfb0eea222,exact HNU matches one d12 record,f6bce3ae97f84d01875582d2954a53f4,d4cf9873428c45c385b0575241c093e2,1,58950,usable,,"parse,timestamp,gap,duration,constant,NaN/Inf",validation
ECG_63ba9a9a72d726,HNU11085,HNU11085,5830fe449e734d7295cdf61d6699a386,watch,ecg,ecg-1785051796773-a837983d2c9b4ce6bb35d700fef9a0a9.zip,Data/ECG/ecg-1785051796773-a837983d2c9b4ce6bb35d700fef9a0a9.zip,2026/7/26 15:41,2026-07-26 15:41:00,10,μV,117.69,single lead,ok,usable,,paired_exact_subject_id,d12_cc0c3b0df3aec2,exact HNU matches one d12 record,f3fc52daf63b4ba0bc12e2f36eae42c5,e9ccb37ba6514cd08242f26c737843e1,1,58900,usable,,"parse,timestamp,gap,duration,constant,NaN/Inf",train
ECG_f7ce29e7414c4c,HNU11058,HNU11058,fe10166ca6a44ee4a0e6e70dc290cd48,watch,ecg,ecg-1784861078023-b30374989bc248c6a2385d1e7157ca44.zip,Data/ECG/ecg-1784861078023-b30374989bc248c6a2385d1e7157ca44.zip,2026/7/24 10:42,2026-07-24 10:42:00,10,μV,117.925,single lead,ok,usable,,paired_exact_subject_id,d12_4320ee1a2247cf,exact HNU matches one d12 record,f3ce97186962409ba0bba8d7c971c3e2,d4cf9873428c45c385b0575241c093e2,1,58950,usable,,"parse,timestamp,gap,duration,constant,NaN/Inf",train
ECG_518be2f6467a4a,HNU11089,HNU11089,7b8ccfc051204cf3b5f89e795bb2f1ff,watch,ecg,ecg-1785055269865-fc6cd3ce0452466a8faf985734a084b0.zip,Data/ECG/ecg-1785055269865-fc6cd3ce0452466a8faf985734a084b0.zip,2026/7/26 16:39,2026-07-26 16:39:00,10,μV,117.891,single lead,ok,usable,,paired_exact_subject_id,d12_b61a7dac96eb72,exact HNU matches one d12 record,f1da0472331c43679c808b99c35a2d4b,e9ccb37ba6514cd08242f26c737843e1,1,59000,usable,,"parse,timestamp,gap,duration,constant,NaN/Inf",train
ECG_2bca77900ae6ad,HNU11076,HNU11076,b2d99eb00d014cd380a64809a598ffce,watch,ecg,ecg-1784972597335-a555d856b75748e1bc1f156e1242d1d1.zip,Data/ECG/ecg-1784972597335-a555d856b75748e1bc1f156e1242d1d1.zip,2026/7/25 17:43,2026-07-25 17:43:00,10,μV,5.901,single lead,ok,review,duration <30 sec,paired_exact_subject_id,d12_1812635abce179,exact HNU matches one d12 record,efb4c4a69e9943008fecac44121b4b9b,e9ccb37ba6514cd08242f26c737843e1,1,3000,review,duration <30 sec,"parse,timestamp,gap,duration,constant,NaN/Inf",validation
ECG_eaec7de3aaa221,HNU11003,HNU11003,9e0c18cedec744e59f49e75afb6d5452,watch,ecg,ecg-1784710338885-e47facff02a24cd38e79a43bc7be6d03.zip,Data/ECG/ecg-1784710338885-e47facff02a24cd38e79a43bc7be6d03.zip,2026/7/22 16:50,2026-07-22 16:50:00,10,μV,117.519,single lead,ok,usable,,paired_exact_subject_id,d12_2a478d28d88149,exact HNU matches one d12 record,ed4ca90da75e4e98b8a286434fc98fee,d4cf9873428c45c385b0575241c093e2,1,58800,usable,,"parse,timestamp,gap,duration,constant,NaN/Inf",train
ECG_ebf5332c58bc0d,HNU11072,HNU11072,05b8d754ba3641b08a6161f48e936a98,watch,ecg,ecg-1784966894459-b711a4d3c1c14a79b6b0988bd2911b70.zip,Data/ECG/ecg-1784966894459-b711a4d3c1c14a79b6b0988bd2911b70.zip,2026/7/25 16:06,2026-07-25 16:06:00,10,μV,115.923,single lead,ok,usable,,paired_exact_subject_id,d12_197ccfbd7661de,exact HNU matches one d12 record,ebdef99a013445108206dcdb693b2be7,e9ccb37ba6514cd08242f26c737843e1,1,58000,usable,,"parse,timestamp,gap,duration,constant,NaN/Inf",train
ECG_d80c77a1b2e712,HNU11038,HNU11038,414e3df747394d7b82b42b7cdf8cefb6,watch,ecg,ecg-1784790485857-98afd16f27864f488382c6c06ec1d02f.zip,Data/ECG/ecg-1784790485857-98afd16f27864f488382c6c06ec1d02f.zip,2026/7/23 15:06,2026-07-23 15:06:00,10,μV,117.901,single lead,ok,usable,,paired_exact_subject_id,d12_71c9ff8708e535,exact HNU matches one d12 record,e3fc2bad46be419db6652ff98c7ccaa0,d4cf9873428c45c385b0575241c093e2,1,59000,usable,,"parse,timestamp,gap,duration,constant,NaN/Inf",train
ECG_a0ca454b21c1ad,HNU11096,HNU11096,ef37efbae4d841aaa605c8305245fc98,watch,ecg,ecg-1785136524268-ca56815818554d8a819856c3800a09f6.zip,Data/ECG/ecg-1785136524268-ca56815818554d8a819856c3800a09f6.zip,2026/7/27 15:13,2026-07-27 15:13:00,10,μV,117.038,single lead,ok,usable,,paired_exact_subject_id,d12_cffb230e0e9aa3,exact HNU matches one d12 record,e30d17adfffb4e5db9a612c901f83c0f,e9ccb37ba6514cd08242f26c737843e1,1,58250,usable,,"parse,timestamp,gap,duration,constant,NaN/Inf",train
ECG_2f2533c4b2a2c8,HNU11006,HNU11006,0bdaa2b51a264ca2a384972f69529636,watch,ecg,ecg-1784634046604-42c75cad42c442d9a0b612a7b32e6889.zip,Data/ECG/ecg-1784634046604-42c75cad42c442d9a0b612a7b32e6889.zip,2026/7/21 19:31,2026-07-21 19:31:00,10,μV,117.304,single lead,ok,usable,,paired_exact_subject_id,d12_d12708ecccbfab,exact HNU matches one d12 record,e18e99b57a594d55a7d5e635640c12d4,d4cf9873428c45c385b0575241c093e2,1,58700,usable,,"parse,timestamp,gap,duration,constant,NaN/Inf",train
ECG_cf0321d57c227c,HNU11054,HNU11054,e6c8b93b483c4dd0b18c728b5a29df2f,watch,ecg,ecg-1784859850544-0aa0c4aeec5b46f1bb9342c82f7df79e.zip,Data/ECG/ecg-1784859850544-0aa0c4aeec5b46f1bb9342c82f7df79e.zip,2026/7/24 10:22,2026-07-24 10:22:00,10,μV,117.42,single lead,ok,review,timestamp_gap,paired_exact_subject_id,d12_3fdafd49fbef07,exact HNU matches one d12 record,e18a3d8e361941059a524def6da564a0,d4cf9873428c45c385b0575241c093e2,1,57650,review,timestamp_gap,"parse,timestamp,gap,duration,constant,NaN/Inf",validation
ECG_e467f4f09be71d,HNU11028,HNU11028,7302a0e31407480296ac5edf82c422b4,watch,ecg,ecg-1784708923051-b56665faa5d5464b87cc6b71e8623027.zip,Data/ECG/ecg-1784708923051-b56665faa5d5464b87cc6b71e8623027.zip,2026/7/22 16:26,2026-07-22 16:26:00,10,μV,117.914,single lead,ok,usable,,paired_exact_subject_id,d12_e923c094e4d2bf,exact HNU matches one d12 record,e14de06d13874e56bfda4fde4a198ee5,d4cf9873428c45c385b0575241c093e2,1,59000,usable,,"parse,timestamp,gap,duration,constant,NaN/Inf",train
ECG_4e23b3e1341bc8,HNU11036,HNU11036,06cd154e46434caface2e4e0fc6a7030,watch,ecg,ecg-1784777440580-d55128e941fb4027905de108c0dfc568.zip,Data/ECG/ecg-1784777440580-d55128e941fb4027905de108c0dfc568.zip,2026/7/23 11:28,2026-07-23 11:28:00,10,μV,117.62,single lead,ok,usable,,paired_exact_subject_id,d12_27e00bd5675229,exact HNU matches one d12 record,dc27a0ecba5646ad81984a0fcd22bda8,d4cf9873428c45c385b0575241c093e2,1,58750,usable,,"parse,timestamp,gap,duration,constant,NaN/Inf",train
ECG_cd7d48de64721e,HNU11062,HNU11062,de6b978835cf4baa96d6da99116e70a0,watch,ecg,ecg-1784878131725-259dafde8a784f038e5560e3fe5478af.zip,Data/ECG/ecg-1784878131725-259dafde8a784f038e5560e3fe5478af.zip,2026/7/24 15:26,2026-07-24 15:26:00,10,μV,117.922,single lead,ok,usable,,paired_exact_subject_id,d12_461a557ba84193,exact HNU matches one d12 record,dae1e17c6c7b42889639d614725e4779,d4cf9873428c45c385b0575241c093e2,1,58950,usable,,"parse,timestamp,gap,duration,constant,NaN/Inf",validation
ECG_88d820dce5d5f4,HNU11005,HNU11005,f724e059e6e341e89982a30c1600ebe6,watch,ecg,ecg-1784634031949-ebef6684f04944cba8541f44b4e2e897.zip,Data/ECG/ecg-1784634031949-ebef6684f04944cba8541f44b4e2e897.zip,2026/7/21 19:15,2026-07-21 19:15:00,10,μV,117.511,single lead,ok,usable,,paired_exact_subject_id,d12_1e5211198ea573,exact HNU matches one d12 record,dad99d067efe4601b41fa11b1f7cb747,d4cf9873428c45c385b0575241c093e2,1,58800,usable,,"parse,timestamp,gap,duration,constant,NaN/Inf",train
ECG_6d86d726e6d567,HNU11076,HNU11076,449ba868e8a74ef899ae01c499086890,watch,ecg,ecg-1785401656474-9cd9b0a258a942998ebf3c7b4d0ef662.zip,Data/ECG/ecg-1785401656474-9cd9b0a258a942998ebf3c7b4d0ef662.zip,2026/7/30 16:54,2026-07-30 16:54:00,10,μV,10.901,single lead,ok,review,duration <30 sec,paired_exact_subject_id,d12_1812635abce179,exact HNU matches one d12 record,d70be159390d4831912afc71e6d84696,e9ccb37ba6514cd08242f26c737843e1,1,5500,review,duration <30 sec,"parse,timestamp,gap,duration,constant,NaN/Inf",validation
ECG_f9aa5ac44129af,HNU11068,HNU11068,4d3c33d5f4ef475e95a76c3f6756c2c0,watch,ecg,ecg-1784963687585-936544ed85b944a9b227a407736e7a6a.zip,Data/ECG/ecg-1784963687585-936544ed85b944a9b227a407736e7a6a.zip,2026/7/25 15:12,2026-07-25 15:12:00,10,μV,117.818,single lead,ok,usable,,paired_exact_subject_id,d12_8a906d4da7a608,exact HNU matches one d12 record,d628eaf518f54ceba983d68dcc6ae7d7,d4cf9873428c45c385b0575241c093e2,1,58950,usable,,"parse,timestamp,gap,duration,constant,NaN/Inf",validation
ECG_434bcd90f4a7ee,HNU11061,HNU11061,d3314e2a1f8d431c9ddbc4804befb6c7,watch,ecg,ecg-1784877785630-fc2df50cea8b48e29fe0ce945ec0412c.zip,Data/ECG/ecg-1784877785630-fc2df50cea8b48e29fe0ce945ec0412c.zip,2026/7/24 15:21,2026-07-24 15:21:00,10,μV,117.72,single lead,ok,usable,,paired_exact_subject_id,d12_2955afb92d0642,exact HNU matches one d12 record,d497c1044d9b48c682dd000e40134c79,d4cf9873428c45c385b0575241c093e2,1,58900,usable,,"parse,timestamp,gap,duration,constant,NaN/Inf",validation
ECG_870a39981eb6c5,HNU11034,HNU11034,628fce65f0b444a38813ae1beb8f4c1c,watch,ecg,ecg-1784775846612-c846f594f4f3425db4b8dfcef4b38c8e.zip,Data/ECG/ecg-1784775846612-c846f594f4f3425db4b8dfcef4b38c8e.zip,2026/7/23 11:02,2026-07-23 11:02:00,10,μV,116.318,single lead,ok,usable,,paired_exact_subject_id,d12_6dbd2e6358a534,exact HNU matches one d12 record,d32f4a1d712b4be6aac98e70d91bfe5e,d4cf9873428c45c385b0575241c093e2,1,58200,usable,,"parse,timestamp,gap,duration,constant,NaN/Inf",train
ECG_19caf93d47dde7,HNU11016,HNU11016,241212a54ecc488592a0b7005787185f,watch,ecg,ecg-1784687944532-0ad1c682f4bc4d31abc1bccf5c8eff98.zip,Data/ECG/ecg-1784687944532-0ad1c682f4bc4d31abc1bccf5c8eff98.zip,2026/7/22 10:37,2026-07-22 10:37:00,10,μV,117.522,single lead,ok,usable,,paired_exact_subject_id,d12_5fd99b7f6a0359,exact HNU matches one d12 record,d328f3b9e56147ed851f422ea2e4be52,d4cf9873428c45c385b0575241c093e2,1,58800,usable,,"parse,timestamp,gap,duration,constant,NaN/Inf",train
ECG_9290b1de8027d4,HNU11065,HNU11065,8f2f295209c743a8a80de9a624733521,watch,ecg,ecg-1784879981808-1fd948b6bfb04b8f9b9a20f46a0a83f5.zip,Data/ECG/ecg-1784879981808-1fd948b6bfb04b8f9b9a20f46a0a83f5.zip,2026/7/24 15:57,2026-07-24 15:57:00,10,μV,117.623,single lead,ok,usable,,paired_exact_subject_id,d12_0a5d33eea70d46,exact HNU matches one d12 record,d2f4d05172d2468da6329a98e6ec7d8c,d4cf9873428c45c385b0575241c093e2,1,58850,usable,,"parse,timestamp,gap,duration,constant,NaN/Inf",train
ECG_cf13f91a43820e,HNU11100,HNU11100,bd2cd42a89b547f6b9b5b8cf0dd579ab,watch,ecg,ecg-1785222070408-a34850892ea74b0eab6d5d43ae9078a4.zip,Data/ECG/ecg-1785222070408-a34850892ea74b0eab6d5d43ae9078a4.zip,2026/7/28 14:59,2026-07-28 14:59:00,10,μV,115.713,single lead,ok,usable,,paired_exact_subject_id,d12_e56509d8b6860d,exact HNU matches one d12 record,d2939103fd5f4590903fe995543922fa,e9ccb37ba6514cd08242f26c737843e1,1,57900,usable,,"parse,timestamp,gap,duration,constant,NaN/Inf",train
ECG_96cb7e0a260137,HNU11074,HNU11074,950babf63a6545479b0995ddb023064d,watch,ecg,ecg-1784969540923-a54c6d9e519f42499914993053f4e727.zip,Data/ECG/ecg-1784969540923-a54c6d9e519f42499914993053f4e727.zip,2026/7/25 16:50,2026-07-25 16:50:00,10,μV,117.917,single lead,ok,usable,,paired_exact_subject_id,d12_159efea54a4622,exact HNU matches one d12 record,cece2dca96a847168c458a2cd0cf9203,e9ccb37ba6514cd08242f26c737843e1,1,58950,usable,,"parse,timestamp,gap,duration,constant,NaN/Inf",train
ECG_a887b4ef4ac176,HNU11022,HNU11022,3dd3343b6f274bcb8b119fde10f1dea8,watch,ecg,ecg-1784719570898-638b2227d5a74fe69c8c564fed5f9fcd.zip,Data/ECG/ecg-1784719570898-638b2227d5a74fe69c8c564fed5f9fcd.zip,2026/7/22 19:24,2026-07-22 19:24:00,10,μV,117.613,single lead,ok,usable,,paired_exact_subject_id,d12_73b74af6caf256,exact HNU matches one d12 record,ccbe02f7c9784623b9f73a9aff6aa90e,d4cf9873428c45c385b0575241c093e2,1,58850,usable,,"parse,timestamp,gap,duration,constant,NaN/Inf",train
ECG_83f44abb2267fb,HNU11007,HNU11007,d05049ca8a5345c68677946b892958d8,watch,ecg,ecg-1784634106671-8693d3c5d3ee43f3a07cc8ce8de70dbb.zip,Data/ECG/ecg-1784634106671-8693d3c5d3ee43f3a07cc8ce8de70dbb.zip,2026/7/21 19:37,2026-07-21 19:37:00,10,μV,118.011,single lead,ok,usable,,paired_exact_subject_id,d12_05cc77f8a61e6e,exact HNU matches one d12 record,c7bc30c6a82545598b84a9e55f8543e5,d4cf9873428c45c385b0575241c093e2,1,58600,usable,,"parse,timestamp,gap,duration,constant,NaN/Inf",train
ECG_525fe575ee8942,HNU11059,HNU11059,dec35f77107943f3b00ccde8f003eb0d,watch,ecg,ecg-1784863028693-15a3c9194e2944e3b0e3ceddaff3871a.zip,Data/ECG/ecg-1784863028693-15a3c9194e2944e3b0e3ceddaff3871a.zip,2026/7/24 11:15,2026-07-24 11:15:00,10,μV,117.708,single lead,ok,usable,,paired_exact_subject_id,d12_1c235c205c25c5,exact HNU matches one d12 record,c6af4a987272445b84641addf17b3327,d4cf9873428c45c385b0575241c093e2,1,58900,usable,,"parse,timestamp,gap,duration,constant,NaN/Inf",train
ECG_5989581a932fa1,HNU11080,HNU11080,c08d7b7ae4844f96adc6874b586c78fd,watch,ecg,ecg-1785046651395-17ca287af3d04fccbb48b4cd9b9ffe87.zip,Data/ECG/ecg-1785046651395-17ca287af3d04fccbb48b4cd9b9ffe87.zip,2026/7/26 14:15,2026-07-26 14:15:00,10,μV,117.783,single lead,ok,usable,,paired_exact_subject_id,d12_534a58127d2afc,exact HNU matches one d12 record,c614c0b6572b4a10b3e9f894f3091bca,e9ccb37ba6514cd08242f26c737843e1,1,58950,usable,,"parse,timestamp,gap,duration,constant,NaN/Inf",train
ECG_3f93f4a305d053,HNU11043,HNU11043,7656f0742bc24e5481bf34a1958adce9,watch,ecg,ecg-1784792923048-75bb0a1e67af415c8feb2dd2849da0ab.zip,Data/ECG/ecg-1784792923048-75bb0a1e67af415c8feb2dd2849da0ab.zip,2026/7/23 15:46,2026-07-23 15:46:00,10,μV,117.503,single lead,ok,usable,,paired_exact_subject_id,d12_ca2cde8608704b,exact HNU matches one d12 record,c5a0a688b7984feda95489fd64d126e5,d4cf9873428c45c385b0575241c093e2,1,58800,usable,,"parse,timestamp,gap,duration,constant,NaN/Inf",train
ECG_52724c1737d2c1,HNU11055,HNU11055,fc296147f0ad4faeb505aa177fe49fca,watch,ecg,ecg-1784860125394-b26b3143f9bc40d6ba5687256f3e4eff.zip,Data/ECG/ecg-1784860125394-b26b3143f9bc40d6ba5687256f3e4eff.zip,2026/7/24 10:26,2026-07-24 10:26:00,10,μV,117.623,single lead,ok,usable,,paired_exact_subject_id,d12_31943c13b2eab6,exact HNU matches one d12 record,bf991c2342994f4485657f24d368a025,d4cf9873428c45c385b0575241c093e2,1,58550,usable,,"parse,timestamp,gap,duration,constant,NaN/Inf",validation
ECG_124874dc037113,HNU11029,HNU11029,65f0e223626e4dcf944bcfa860d83115,watch,ecg,ecg-1784711716819-558f93975ff24499af721683d7ea7356.zip,Data/ECG/ecg-1784711716819-558f93975ff24499af721683d7ea7356.zip,2026/7/22 17:13,2026-07-22 17:13:00,10,μV,117.615,single lead,ok,usable,,paired_exact_subject_id,d12_9a90f2bbf90338,exact HNU matches one d12 record,bb0d7791994f42a0b657558cd8662285,d4cf9873428c45c385b0575241c093e2,1,58850,usable,,"parse,timestamp,gap,duration,constant,NaN/Inf",validation
ECG_1aad3a61b6f138,HNU11071,HNU11071,eae3eec59e8243b0ae62d75176d0ba01,watch,ecg,ecg-1784966473351-dc831bb9479e46aa84eb0c8a8df9af71.zip,Data/ECG/ecg-1784966473351-dc831bb9479e46aa84eb0c8a8df9af71.zip,2026/7/25 15:59,2026-07-25 15:59:00,10,μV,116.019,single lead,ok,usable,,paired_exact_subject_id,d12_97b1bbdd984592,exact HNU matches one d12 record,b5641f0906d94a29ac58ac664a1b6953,e9ccb37ba6514cd08242f26c737843e1,1,58000,usable,,"parse,timestamp,gap,duration,constant,NaN/Inf",train
ECG_e2a498fd91748e,HNU11073,HNU11073,5d898a537d0d4b499daa4b17b4e0e30b,watch,ecg,ecg-1784969234286-cb05c895de584580b5df6800582d253f.zip,Data/ECG/ecg-1784969234286-cb05c895de584580b5df6800582d253f.zip,2026/7/25 16:45,2026-07-25 16:45:00,10,μV,117.724,single lead,ok,usable,,paired_exact_subject_id,d12_d392187f2e2bdb,exact HNU matches one d12 record,afbf91f3e0ed4fc88716f1b0afb76264,e9ccb37ba6514cd08242f26c737843e1,1,58900,usable,,"parse,timestamp,gap,duration,constant,NaN/Inf",train
ECG_26f3afa1ec73e9,HNU11090,HNU11090,74065fa62bf24c88a59d810b53c1b4a5,watch,ecg,ecg-1785055676671-2c89cf3661954857b504b8ee293b0fa4.zip,Data/ECG/ecg-1785055676671-2c89cf3661954857b504b8ee293b0fa4.zip,2026/7/26 16:45,2026-07-26 16:45:00,10,μV,116.988,single lead,ok,usable,,paired_exact_subject_id,d12_0c5d2279cd0d26,exact HNU matches one d12 record,adf115fe7247462db61b7bb43e332364,e9ccb37ba6514cd08242f26c737843e1,1,58550,usable,,"parse,timestamp,gap,duration,constant,NaN/Inf",train
ECG_f67d636c976cb0,HNU11014,HNU11014,f582d5d21d8c4902b776156ddedf21b7,watch,ecg,ecg-1784687333221-e557ce55aa2d46a29e7891e25d73c912.zip,Data/ECG/ecg-1784687333221-e557ce55aa2d46a29e7891e25d73c912.zip,2026/7/22 10:26,2026-07-22 10:26:00,10,μV,117.92,single lead,ok,usable,,paired_exact_subject_id,d12_b9e3e1526f5aac,exact HNU matches one d12 record,ad59bc3b4164434297b9a0f3fbfc8529,d4cf9873428c45c385b0575241c093e2,1,58900,usable,,"parse,timestamp,gap,duration,constant,NaN/Inf",validation
ECG_e5823131908678,HNU11002,HNU11002,ac0ae620ac4d4e1593981bd24605a34f,watch,ecg,ecg-1784624223155-79e653b8a9df4adfb1daac7936226d02.zip,Data/ECG/ecg-1784624223155-79e653b8a9df4adfb1daac7936226d02.zip,2026/7/21 16:56,2026-07-21 16:56:00,10,μV,6.5,single lead,ok,review,duration <30 sec,paired_exact_subject_id,d12_0100000d4f7822,exact HNU matches one d12 record,ac3d4daee86740e19b240a6246c5fb74,d4cf9873428c45c385b0575241c093e2,1,3300,review,duration <30 sec,"parse,timestamp,gap,duration,constant,NaN/Inf",train
ECG_e7857bbf6b0c98,HNU11013,HNU11013,59241924b8e344e388ded3b05879cfcb,watch,ecg,ecg-1784687017985-c9c679aa79d64134b031daca93f89e38.zip,Data/ECG/ecg-1784687017985-c9c679aa79d64134b031daca93f89e38.zip,2026/7/22 10:21,2026-07-22 10:21:00,10,μV,117.719,single lead,ok,usable,,paired_exact_subject_id,d12_ff969feb0f32a3,exact HNU matches one d12 record,aa4be246fd9d49848c4d0390da1e5608,d4cf9873428c45c385b0575241c093e2,1,58900,usable,,"parse,timestamp,gap,duration,constant,NaN/Inf",train
ECG_0286a5e44d5ea3,HNU11044,HNU11044,89a0595d00954181a4cbc7cd93a509e0,watch,ecg,ecg-1784793166239-f9f46df8929f4a0ab0ba26721bb1b919.zip,Data/ECG/ecg-1784793166239-f9f46df8929f4a0ab0ba26721bb1b919.zip,2026/7/23 15:50,2026-07-23 15:50:00,10,μV,117.804,single lead,ok,usable,,paired_exact_subject_id,d12_c71f3cfe4e6257,exact HNU matches one d12 record,a8f0198fbab44c30b46734d3cc865908,d4cf9873428c45c385b0575241c093e2,1,58650,usable,,"parse,timestamp,gap,duration,constant,NaN/Inf",train
ECG_3f29e6c4520e83,HNU11032,HNU11032,b94245c5e0b04d1483cd6232e0f22115,watch,ecg,ecg-1784774492351-fc75ea1c8f0449e8bdc39e8be98bc3ad.zip,Data/ECG/ecg-1784774492351-fc75ea1c8f0449e8bdc39e8be98bc3ad.zip,2026/7/23 10:39,2026-07-23 10:39:00,10,μV,117.914,single lead,ok,usable,,paired_exact_subject_id,d12_d462736bb9ae39,exact HNU matches one d12 record,a13614059b1c464d966405106f1708c6,d4cf9873428c45c385b0575241c093e2,1,59000,usable,,"parse,timestamp,gap,duration,constant,NaN/Inf",train
ECG_7d4d6b80f62fb3,HNU11076,HNU11076,3b173a0cb89c465293197e46402b11b6,watch,ecg,ecg-1784972686726-5832ce8c4ae84e28af91d3546bea07d7.zip,Data/ECG/ecg-1784972686726-5832ce8c4ae84e28af91d3546bea07d7.zip,2026/7/25 17:43,2026-07-25 17:43:00,10,μV,82.408,single lead,ok,review,duration 30-90 sec,paired_exact_subject_id,d12_1812635abce179,exact HNU matches one d12 record,a0b850aae0da440590049ea58619bec4,e9ccb37ba6514cd08242f26c737843e1,1,41250,review,duration 30-90 sec,"parse,timestamp,gap,duration,constant,NaN/Inf",validation
ECG_65f2e678c4b64c,HNU11088,HNU11088,ab8c74a24d984e1c9bd695898eb1c42a,watch,ecg,ecg-1785054969435-3d30570fcbd740a2b7b6024171c8d1f4.zip,Data/ECG/ecg-1785054969435-3d30570fcbd740a2b7b6024171c8d1f4.zip,2026/7/26 16:34,2026-07-26 16:34:00,10,μV,117.086,single lead,ok,usable,,paired_exact_subject_id,d12_1eab62c2755b0d,exact HNU matches one d12 record,9c5d5c478d764ab396171d702d485168,e9ccb37ba6514cd08242f26c737843e1,1,58600,usable,,"parse,timestamp,gap,duration,constant,NaN/Inf",train
ECG_84547db04c6d2a,HNU11068,HNU11068,5a076a4ba8124ee885581a3a263a1ea6,watch,ecg,ecg-1784963432167-757ce08440eb4aad8f5db7d3cafc14fd.zip,Data/ECG/ecg-1784963432167-757ce08440eb4aad8f5db7d3cafc14fd.zip,2026/7/25 15:08,2026-07-25 15:08:00,10,μV,117.815,single lead,ok,usable,,paired_exact_subject_id,d12_8a906d4da7a608,exact HNU matches one d12 record,9aa42cbdc2374ef8bd51edda5fa3213b,d4cf9873428c45c385b0575241c093e2,1,58350,usable,,"parse,timestamp,gap,duration,constant,NaN/Inf",validation
ECG_0c619292c2754c,HNU11037,HNU11037,0f259d9ff9534c32a7f7f2b8848efed1,watch,ecg,ecg-1784777706509-81e261a043a24c74854085c85a4142ac.zip,Data/ECG/ecg-1784777706509-81e261a043a24c74854085c85a4142ac.zip,2026/7/23 11:33,2026-07-23 11:33:00,10,μV,117.221,single lead,ok,usable,,paired_exact_subject_id,d12_d219e0485a541a,exact HNU matches one d12 record,99b221eb286d4519be30a658ce9b9c6a,d4cf9873428c45c385b0575241c093e2,1,58600,usable,,"parse,timestamp,gap,duration,constant,NaN/Inf",train
ECG_abee1c6ff2f544,HNU11060,HNU11060,9e2299211274450c9a05880717c9cfda,watch,ecg,ecg-1784877120639-c0ba0a7c49c54859b1ab304aa30f4948.zip,Data/ECG/ecg-1784877120639-c0ba0a7c49c54859b1ab304aa30f4948.zip,2026/7/24 15:09,2026-07-24 15:09:00,10,μV,116.415,single lead,ok,usable,,paired_exact_subject_id,d12_8db996d577a3eb,exact HNU matches one d12 record,968998487df24016ad4683cd9fbdebe3,d4cf9873428c45c385b0575241c093e2,1,58250,usable,,"parse,timestamp,gap,duration,constant,NaN/Inf",validation
ECG_553fad51858129,HNU11018,HNU11018,4058e2edd2284dc2afb40d81f04d5178,watch,ecg,ecg-1784688575662-9c9803f69299416a8353055fa883628f.zip,Data/ECG/ecg-1784688575662-9c9803f69299416a8353055fa883628f.zip,2026/7/22 10:47,2026-07-22 10:47:00,10,μV,116.118,single lead,ok,usable,,paired_exact_subject_id,d12_83317d672b265e,exact HNU matches one d12 record,95242d00b77041dc96c726e2185a54ae,d4cf9873428c45c385b0575241c093e2,1,58050,usable,,"parse,timestamp,gap,duration,constant,NaN/Inf",train
ECG_5072faca8b7f6a,HNU11098,HNU11098,57bcf124935644619c20c703de51fb95,watch,ecg,ecg-1785140176426-8ffa97a4b75c475cbf172654f4a13777.zip,Data/ECG/ecg-1785140176426-8ffa97a4b75c475cbf172654f4a13777.zip,2026/7/27 16:14,2026-07-27 16:14:00,10,μV,117.606,single lead,ok,usable,,paired_exact_subject_id,d12_29a4c35841389f,exact HNU matches one d12 record,926c978dcedc4f92bb6df1138ee0f047,e9ccb37ba6514cd08242f26c737843e1,1,58850,usable,,"parse,timestamp,gap,duration,constant,NaN/Inf",train
ECG_19c1137b2d548e,HNU11077,HNU11077,fcb1e0ca3d50499cbd451eea9747b787,watch,ecg,ecg-1784973079437-f78cf8e5d6524c75a8ada3f053a99f5a.zip,Data/ECG/ecg-1784973079437-f78cf8e5d6524c75a8ada3f053a99f5a.zip,2026/7/25 17:49,2026-07-25 17:49:00,10,μV,117.316,single lead,ok,usable,,paired_exact_subject_id,d12_beca710ccb8308,exact HNU matches one d12 record,91a377ceb5ca490a8988c3c43395e6a6,e9ccb37ba6514cd08242f26c737843e1,1,58700,usable,,"parse,timestamp,gap,duration,constant,NaN/Inf",train
ECG_57ee72355f1884,HNU11084,HNU11084,65f153fa49fc43dc9893d1cfcf2d7b22,watch,ecg,ecg-1785051439168-f48a2e81f5924c4c922d32990914e591.zip,Data/ECG/ecg-1785051439168-f48a2e81f5924c4c922d32990914e591.zip,2026/7/26 15:35,2026-07-26 15:35:00,10,μV,117.688,single lead,ok,usable,,paired_exact_subject_id,d12_0b2b97044d07ae,exact HNU matches one d12 record,90c20b363c9f45e8b21fccf13a0477c4,e9ccb37ba6514cd08242f26c737843e1,1,58900,usable,,"parse,timestamp,gap,duration,constant,NaN/Inf",validation
ECG_555f3a4f076604,HNU11048,HNU11048,4290354af6104323b0e7042c77b90c2b,watch,ecg,ecg-1784794427818-d2d96813815b4d4c88f441b3df55636c.zip,Data/ECG/ecg-1784794427818-d2d96813815b4d4c88f441b3df55636c.zip,2026/7/23 16:11,2026-07-23 16:11:00,10,μV,117.714,single lead,ok,usable,,paired_exact_subject_id,d12_8b8cd8cfcd5d02,exact HNU matches one d12 record,90a75c5d9d3343468d532a646acaeac5,d4cf9873428c45c385b0575241c093e2,1,58800,usable,,"parse,timestamp,gap,duration,constant,NaN/Inf",validation
ECG_4900effd91b349,HNU11101,HNU11101,65726b2dffb44762b38af28e64a08e3a,watch,ecg,ecg-1785229083953-f87bf61dd6734e2ca7390137a0c1867b.zip,Data/ECG/ecg-1785229083953-f87bf61dd6734e2ca7390137a0c1867b.zip,2026/7/28 16:56,2026-07-28 16:56:00,10,μV,75.961,single lead,ok,review,duration 30-90 sec,paired_exact_subject_id,d12_1ec9cee338b2b9,exact HNU matches one d12 record,8fc788d56d7c4e6d896e9727c78cca90,e9ccb37ba6514cd08242f26c737843e1,1,37850,review,duration 30-90 sec,"parse,timestamp,gap,duration,constant,NaN/Inf",train
ECG_77c3b5b6a31d0d,HNU11081,HNU11081,ec72f8fc24b44e08aab56e9ffbaccecb,watch,ecg,ecg-1785048290614-0b43f4f9ecec46abad4394a1577b4d00.zip,Data/ECG/ecg-1785048290614-0b43f4f9ecec46abad4394a1577b4d00.zip,2026/7/26 14:42,2026-07-26 14:42:00,10,μV,117.778,single lead,ok,usable,,paired_exact_subject_id,d12_da584107d6226d,exact HNU matches one d12 record,8f36de0680e74cda824feaa9100893fb,e9ccb37ba6514cd08242f26c737843e1,1,58950,usable,,"parse,timestamp,gap,duration,constant,NaN/Inf",train
ECG_8293a25e9c2e72,HNU11076,HNU11076,e1c1a1df51364f2f8c67c5284f661b34,watch,ecg,ecg-1785401630706-7542a974f8ec4e98a5e4052161f77dbc.zip,Data/ECG/ecg-1785401630706-7542a974f8ec4e98a5e4052161f77dbc.zip,2026/7/30 16:53,2026-07-30 16:53:00,10,μV,10.001,single lead,ok,review,duration <30 sec,paired_exact_subject_id,d12_1812635abce179,exact HNU matches one d12 record,8f28e0bd6ce94d1683b5e094040e8e37,e9ccb37ba6514cd08242f26c737843e1,1,5050,review,duration <30 sec,"parse,timestamp,gap,duration,constant,NaN/Inf",validation
ECG_d87bd365a9c3e7,HNU11007,HNU11007,ef42c287300048dab338756e1d699517,watch,ecg,ecg-1784634346969-57eb0c1a58764dc78afe199e1ee22e3d.zip,Data/ECG/ecg-1784634346969-57eb0c1a58764dc78afe199e1ee22e3d.zip,2026/7/21 19:43,2026-07-21 19:43:00,10,μV,116.213,single lead,ok,usable,,paired_exact_subject_id,d12_05cc77f8a61e6e,exact HNU matches one d12 record,8b8abce9af8a4d46a7a2a97dd5381986,d4cf9873428c45c385b0575241c093e2,1,58150,usable,,"parse,timestamp,gap,duration,constant,NaN/Inf",train
ECG_c989b1cc286a4b,HNU11063,HNU11063,bad270010fdb4f3d8a22a22906aa22e2,watch,ecg,ecg-1784878403233-8078d3678b954bb9a1a4b9649cac21f5.zip,Data/ECG/ecg-1784878403233-8078d3678b954bb9a1a4b9649cac21f5.zip,2026/7/24 15:31,2026-07-24 15:31:00,10,μV,117.523,single lead,ok,usable,,paired_exact_subject_id,d12_076ea5daed5473,exact HNU matches one d12 record,8b3eb0ff1f5e4959ab0d584417b68451,d4cf9873428c45c385b0575241c093e2,1,58800,usable,,"parse,timestamp,gap,duration,constant,NaN/Inf",train
ECG_bf8c1deea9cac7,HNU11101,HNU11101,8314dbb9dbd649e19be8cf0765708c72,watch,ecg,ecg-1785229209966-e48b0539b17d4436b80454e1f9b58fd7.zip,Data/ECG/ecg-1785229209966-e48b0539b17d4436b80454e1f9b58fd7.zip,2026/7/28 16:58,2026-07-28 16:58:00,10,μV,116.848,single lead,ok,usable,,paired_exact_subject_id,d12_1ec9cee338b2b9,exact HNU matches one d12 record,898b27b76a57448c9aeffadae2a7d103,e9ccb37ba6514cd08242f26c737843e1,1,58200,usable,,"parse,timestamp,gap,duration,constant,NaN/Inf",train
ECG_57b19261e5354c,HNU11052,HNU11052,1edbfe193aab438ea9a33d04dd26bdd9,watch,ecg,ecg-1784801504824-26a4a53e0f974a28b1377cbd1fc3b62d.zip,Data/ECG/ecg-1784801504824-26a4a53e0f974a28b1377cbd1fc3b62d.zip,2026/7/23 18:09,2026-07-23 18:09:00,10,μV,117.398,single lead,ok,usable,,paired_exact_subject_id,d12_01e19f08160eda,exact HNU matches one d12 record,87d6f71e0076475fb31e508806e71067,d4cf9873428c45c385b0575241c093e2,1,58750,usable,,"parse,timestamp,gap,duration,constant,NaN/Inf",train
ECG_78f9f3f3ffb670,HNU11026,HNU11026,19cece2db6db4472b32f624b5c9158bb,watch,ecg,ecg-1784707430136-82f8ca240fe9406b87320131ccb9464d.zip,Data/ECG/ecg-1784707430136-82f8ca240fe9406b87320131ccb9464d.zip,2026/7/22 16:01,2026-07-22 16:01:00,10,μV,117.615,single lead,ok,usable,,paired_exact_subject_id,d12_1169122ce7bb98,exact HNU matches one d12 record,87288dbf57324f049f385d36c376a324,d4cf9873428c45c385b0575241c093e2,1,58850,usable,,"parse,timestamp,gap,duration,constant,NaN/Inf",train
ECG_088b4b67a1fe02,HNU11031,HNU11031,c141cc18996b43738c8be7dfe0dc3b17,watch,ecg,ecg-1784772872306-a29bff9433aa451d9df9ccd538f3b3d0.zip,Data/ECG/ecg-1784772872306-a29bff9433aa451d9df9ccd538f3b3d0.zip,2026/7/23 10:12,2026-07-23 10:12:00,10,μV,117.526,single lead,ok,usable,,paired_exact_subject_id,d12_74c7084de676e5,exact HNU matches one d12 record,868ddc0cf12f4d39a92acd47ec5ac6ce,d4cf9873428c45c385b0575241c093e2,1,58800,usable,,"parse,timestamp,gap,duration,constant,NaN/Inf",validation
ECG_074037aa95976e,HNU11003,HNU11003,40947543d2524af89db001c24104ad32,watch,ecg,ecg-1784710211452-4db88546b94e4fd69ccb6e33c2325561.zip,Data/ECG/ecg-1784710211452-4db88546b94e4fd69ccb6e33c2325561.zip,2026/7/22 16:50,2026-07-22 16:50:00,10,μV,1.2,single lead,ok,reject,suspected_truncation,paired_exact_subject_id,d12_2a478d28d88149,exact HNU matches one d12 record,8370c8b371eb4b6788bbab1e9a3fdea3,d4cf9873428c45c385b0575241c093e2,1,650,reject,suspected_truncation,"parse,timestamp,gap,duration,constant,NaN/Inf",train
ECG_4c716cce7b387d,HNU11092,HNU11092,7b541fb849d04e399556a504ff1b4b6f,watch,ecg,ecg-1785118805836-eefd037bcdb642b9ac36af66a6c0fc5a.zip,Data/ECG/ecg-1785118805836-eefd037bcdb642b9ac36af66a6c0fc5a.zip,2026/7/27 10:18,2026-07-27 10:18:00,10,μV,117.916,single lead,ok,usable,,paired_exact_subject_id,d12_af4ffaccfcd77f,exact HNU matches one d12 record,83317cfc464d48389e9caf4ddaee7ed0,e9ccb37ba6514cd08242f26c737843e1,1,59000,usable,,"parse,timestamp,gap,duration,constant,NaN/Inf",train
ECG_c2bf100c75eb00,HNU11097,HNU11097,cee695c4f62f4c1d9e0c2cf239ef1bd3,watch,ecg,ecg-1785139263679-b8c7ead5d731475db86827d8d79b1088.zip,Data/ECG/ecg-1785139263679-b8c7ead5d731475db86827d8d79b1088.zip,2026/7/27 15:59,2026-07-27 15:59:00,10,μV,118.008,single lead,ok,usable,,paired_exact_subject_id,d12_ccd7eeac0e672a,exact HNU matches one d12 record,82f7f6d07b7d41e6b3324c7ad4368ae0,e9ccb37ba6514cd08242f26c737843e1,1,59050,usable,,"parse,timestamp,gap,duration,constant,NaN/Inf",train
ECG_6d0b63390035bf,HNU11057,HNU11057,641fe7a862d94da1af59b63aec0ad77b,watch,ecg,ecg-1784860796723-df2cbb6379ec47d4a0378c28e914c2d7.zip,Data/ECG/ecg-1784860796723-df2cbb6379ec47d4a0378c28e914c2d7.zip,2026/7/24 10:37,2026-07-24 10:37:00,10,μV,117.724,single lead,ok,usable,,paired_exact_subject_id,d12_d3ed2c2e979994,exact HNU matches one d12 record,82e62b920b5b4c5fa7c6ffbf732fbb8c,d4cf9873428c45c385b0575241c093e2,1,58900,usable,,"parse,timestamp,gap,duration,constant,NaN/Inf",validation
ECG_ea84e37ee36550,7DE,7DE,dfad1cad07104ab0a2e41c9b81dafdf2,watch,ecg,ecg-1784271169320-f1a3914df4cc4ce48af268aa5c06eb76.zip,Data/ECG/ecg-1784271169320-f1a3914df4cc4ce48af268aa5c06eb76.zip,2026/7/17 14:50,2026-07-17 14:50:00,10,μV,114.804,single lead,ok,usable,,review_missing_d12,,no d12 record with same HNU,8068858ac2c741549c4c03d12beeaa91,d4cf9873428c45c385b0575241c093e2,1,57250,usable,,"parse,timestamp,gap,duration,constant,NaN/Inf",train
ECG_8636ad2f602e70,HNU11077,HNU11077,b45e0bb8459c4bf28fb126bead140831,watch,ecg,ecg-1784972955530-ed30095b17eb49c4a990c4eac31a5528.zip,Data/ECG/ecg-1784972955530-ed30095b17eb49c4a990c4eac31a5528.zip,2026/7/25 17:48,2026-07-25 17:48:00,10,μV,16.902,single lead,ok,review,duration <30 sec,paired_exact_subject_id,d12_beca710ccb8308,exact HNU matches one d12 record,7f8999ed9e2c4b9ea3d5cf35a8a4bac5,e9ccb37ba6514cd08242f26c737843e1,1,8500,review,duration <30 sec,"parse,timestamp,gap,duration,constant,NaN/Inf",train
ECG_7b69bc32353fa0,HNU11030,HNU11030,05f290ec073748898f2f6154f37b0117,watch,ecg,ecg-1784772539437-2321ee5eee4d4e1fabb85310ef749ba9.zip,Data/ECG/ecg-1784772539437-2321ee5eee4d4e1fabb85310ef749ba9.zip,2026/7/23 10:06,2026-07-23 10:06:00,10,μV,116.021,single lead,ok,usable,,paired_exact_subject_id,d12_9b3cc7e2573092,exact HNU matches one d12 record,7bb37f599f8a4f00a7b0ec71f34957e5,d4cf9873428c45c385b0575241c093e2,1,58050,usable,,"parse,timestamp,gap,duration,constant,NaN/Inf",train
ECG_8de07d8c1e3dcb,HNU11082,HNU11082,1897aec870234c838089321f7aaae271,watch,ecg,ecg-1785049167138-d7326d77bb374c8b8325f61faa09ac3b.zip,Data/ECG/ecg-1785049167138-d7326d77bb374c8b8325f61faa09ac3b.zip,2026/7/26 14:57,2026-07-26 14:57:00,10,μV,117.981,single lead,ok,usable,,paired_exact_subject_id,d12_12e9a19941df75,exact HNU matches one d12 record,74c04627bb444fc5a8f94cb54d00b98a,e9ccb37ba6514cd08242f26c737843e1,1,59050,usable,,"parse,timestamp,gap,duration,constant,NaN/Inf",train
ECG_4fb0c7557e5e04,HNU11039,HNU11039,938f3edd797847e489157b11d93739b1,watch,ecg,ecg-1784790784290-391381594f8f4c69a20713c70adb5e80.zip,Data/ECG/ecg-1784790784290-391381594f8f4c69a20713c70adb5e80.zip,2026/7/23 15:11,2026-07-23 15:11:00,10,μV,117.706,single lead,ok,usable,,paired_exact_subject_id,d12_7f1860e69f45b5,exact HNU matches one d12 record,72b9841b69f244e3b42d1cef1504d04e,d4cf9873428c45c385b0575241c093e2,1,58900,usable,,"parse,timestamp,gap,duration,constant,NaN/Inf",train
ECG_701912df87ca61,HNU11078,HNU11078,5ae92f12c9414fbb886b2ad3fe7fd876,watch,ecg,ecg-1784973416611-e8783b9363b24434a79e8412b644dd91.zip,Data/ECG/ecg-1784973416611-e8783b9363b24434a79e8412b644dd91.zip,2026/7/25 17:54,2026-07-25 17:54:00,10,μV,117.913,single lead,ok,usable,,paired_exact_subject_id,d12_8b162c7eb65881,exact HNU matches one d12 record,71b892f19d2c4cb5b61478cc9abcce02,e9ccb37ba6514cd08242f26c737843e1,1,58950,usable,,"parse,timestamp,gap,duration,constant,NaN/Inf",train
ECG_c9eb7b11fc33b0,HNU11064,HNU11064,412810b6bde7471391336c5331a36428,watch,ecg,ecg-1784878663784-c8735d07ae584296847de90238df1470.zip,Data/ECG/ecg-1784878663784-c8735d07ae584296847de90238df1470.zip,2026/7/24 15:35,2026-07-24 15:35:00,10,μV,117.925,single lead,ok,usable,,paired_exact_subject_id,d12_1fc3b9df64cfb4,exact HNU matches one d12 record,6f9c29090db84cc5bbb80cefc993cdfb,d4cf9873428c45c385b0575241c093e2,1,58900,usable,,"parse,timestamp,gap,duration,constant,NaN/Inf",train
ECG_7df10ed488c7f4,HNU11093,HNU11093,3f129e4be1d047219f484ff460eeb8d6,watch,ecg,ecg-1785119840262-8caecb7b7abc4641a9b926c5161b45c4.zip,Data/ECG/ecg-1785119840262-8caecb7b7abc4641a9b926c5161b45c4.zip,2026/7/27 10:35,2026-07-27 10:35:00,10,μV,117.613,single lead,ok,usable,,paired_exact_subject_id,d12_2c571cc7a600fc,exact HNU matches one d12 record,6a4bc6937e594b6c8f955e7b1af74471,e9ccb37ba6514cd08242f26c737843e1,1,58850,usable,,"parse,timestamp,gap,duration,constant,NaN/Inf",train
ECG_a522877b2a6520,A51,A51,169dee2eb14442499473375e1e93c4d5,watch,ecg,ecg-1784614966853-dbcd12a5609843a5a20f55cac491a2b5.zip,Data/ECG/ecg-1784614966853-dbcd12a5609843a5a20f55cac491a2b5.zip,2026/7/21 14:22,2026-07-21 14:22:00,10,μV,24.503,single lead,ok,review,duration <30 sec,review_missing_d12,,no d12 record with same HNU,6450227c6e1d4064b6c681766751dc8c,d4cf9873428c45c385b0575241c093e2,1,12300,review,duration <30 sec,"parse,timestamp,gap,duration,constant,NaN/Inf",validation
ECG_19c5383b90856c,HNU11027,HNU11027,ae51a4814aa84b9d83fbafd05cfa1216,watch,ecg,ecg-1784708557053-370e1b81c0b64681bafeb00ac1cbcf65.zip,Data/ECG/ecg-1784708557053-370e1b81c0b64681bafeb00ac1cbcf65.zip,2026/7/22 16:20,2026-07-22 16:20:00,10,μV,117.81,single lead,ok,usable,,paired_exact_subject_id,d12_e2f88f8aae3a9b,exact HNU matches one d12 record,642b5aa588f046c1a65a54ffd4687594,d4cf9873428c45c385b0575241c093e2,1,58900,usable,,"parse,timestamp,gap,duration,constant,NaN/Inf",train
ECG_39b6a672177b90,HNU11079,HNU11079,ba328a681c6b4e05bd43ca9b329664ab,watch,ecg,ecg-1785046346166-2f181784e0e14d038bb1df3ab53520be.zip,Data/ECG/ecg-1785046346166-2f181784e0e14d038bb1df3ab53520be.zip,2026/7/26 14:10,2026-07-26 14:10:00,10,μV,117.279,single lead,ok,usable,,paired_exact_subject_id,d12_add801e8c2ef5f,exact HNU matches one d12 record,591e2c85eab6459a8d206a0e368a8e61,e9ccb37ba6514cd08242f26c737843e1,1,58700,usable,,"parse,timestamp,gap,duration,constant,NaN/Inf",train
ECG_f70d082c0e05e9,HNU11053,HNU11053,2b75f7da5c3b4fb3b06814c893906c51,watch,ecg,ecg-1784859583029-6d0b1faae68547f799ae8dc3704a0f89.zip,Data/ECG/ecg-1784859583029-6d0b1faae68547f799ae8dc3704a0f89.zip,2026/7/24 10:17,2026-07-24 10:17:00,10,μV,116.02,single lead,ok,usable,,paired_exact_subject_id,d12_b10757ed8a53eb,exact HNU matches one d12 record,54f2dc66d75046ff80f741fd23270de3,d4cf9873428c45c385b0575241c093e2,1,57450,usable,,"parse,timestamp,gap,duration,constant,NaN/Inf",train
ECG_f20a6aa89668d6,HNU11023,HNU11023,f535ef347e884d1c9a98b2567dfa8c8c,watch,ecg,ecg-1784704076707-133fff7cd521482cbdf1a4ffc32f89f8.zip,Data/ECG/ecg-1784704076707-133fff7cd521482cbdf1a4ffc32f89f8.zip,2026/7/22 15:05,2026-07-22 15:05:00,10,μV,117.91,single lead,ok,usable,,paired_exact_subject_id,d12_79923f75fb4746,exact HNU matches one d12 record,5452aa02db204e3e976d513a0d73d833,d4cf9873428c45c385b0575241c093e2,1,59000,usable,,"parse,timestamp,gap,duration,constant,NaN/Inf",train
ECG_11152857385e86,HNU11076,HNU11076,7cf21b5af2ff41b8b1a139f4faf11729,watch,ecg,ecg-1785401963431-89866a30e69b4a4f8516031b3b19ac81.zip,Data/ECG/ecg-1785401963431-89866a30e69b4a4f8516031b3b19ac81.zip,2026/7/30 16:57,2026-07-30 16:57:00,10,μV,117.022,single lead,ok,usable,,paired_exact_subject_id,d12_1812635abce179,exact HNU matches one d12 record,5306893ec0f441c7abc52ade36a37920,e9ccb37ba6514cd08242f26c737843e1,1,58350,usable,,"parse,timestamp,gap,duration,constant,NaN/Inf",validation
ECG_492e5f4011940b,HNU11091,HNU11091,8a0e5e4386e94d63bccc616cb87d2312,watch,ecg,ecg-1785057502833-8086852d30624521b2d961f8c7d245cd.zip,Data/ECG/ecg-1785057502833-8086852d30624521b2d961f8c7d245cd.zip,2026/7/26 17:16,2026-07-26 17:16:00,10,μV,117.986,single lead,ok,usable,,paired_exact_subject_id,d12_14e679ac6083ad,exact HNU matches one d12 record,50eed0fd1f3a4e668644a1878fa79563,e9ccb37ba6514cd08242f26c737843e1,1,59050,usable,,"parse,timestamp,gap,duration,constant,NaN/Inf",train
ECG_61d65faa322b42,HNU11015,HNU11015,1a05caf8bd964ce78a4c6f504e001e39,watch,ecg,ecg-1784687660987-c2b7ea8247bc46f083786e1aae1fff98.zip,Data/ECG/ecg-1784687660987-c2b7ea8247bc46f083786e1aae1fff98.zip,2026/7/22 10:32,2026-07-22 10:32:00,10,μV,117.621,single lead,ok,usable,,paired_exact_subject_id,d12_41ecff1837d533,exact HNU matches one d12 record,503b8df8e68848b799c8d49c9d7b8018,d4cf9873428c45c385b0575241c093e2,1,58850,usable,,"parse,timestamp,gap,duration,constant,NaN/Inf",train
ECG_dee06321eba973,HNU11095,HNU11095,3475c61d0a2d4410ae39e547138cb28f,watch,ecg,ecg-1785136273096-4301e736cd9649b6b134fc261ee3c2c2.zip,Data/ECG/ecg-1785136273096-4301e736cd9649b6b134fc261ee3c2c2.zip,2026/7/27 15:09,2026-07-27 15:09:00,10,μV,117.244,single lead,ok,usable,,paired_exact_subject_id,d12_a8861d947ae5c3,exact HNU matches one d12 record,4fad62357ca340cd90e41bfd00279663,e9ccb37ba6514cd08242f26c737843e1,1,58350,usable,,"parse,timestamp,gap,duration,constant,NaN/Inf",train
ECG_be7a5c7187d119,HNU11021,HNU11021,0ec90c31ee48432b94066bd99561250b,watch,ecg,ecg-1784689847719-b0d2e9f1f36447cc9bf7c948f980d896.zip,Data/ECG/ecg-1784689847719-b0d2e9f1f36447cc9bf7c948f980d896.zip,2026/7/22 11:08,2026-07-22 11:08:00,10,μV,117.613,single lead,ok,usable,,paired_exact_subject_id,d12_6972d607394654,exact HNU matches one d12 record,4f8a1d8528cb43afb83b8df4b2cd22dc,d4cf9873428c45c385b0575241c093e2,1,58850,usable,,"parse,timestamp,gap,duration,constant,NaN/Inf",train
ECG_c66dfbf887310e,HNU11051,HNU11051,811b7066e3784f49a6f22364e806fcd4,watch,ecg,ecg-1784800077204-0c9103ae2e7c4a00b85015c0823fea75.zip,Data/ECG/ecg-1784800077204-0c9103ae2e7c4a00b85015c0823fea75.zip,2026/7/23 17:45,2026-07-23 17:45:00,10,μV,116.205,single lead,ok,usable,,paired_exact_subject_id,d12_bcbd97e6a622b0,exact HNU matches one d12 record,4f2c818cb60f44b5a30b25efec9801ad,d4cf9873428c45c385b0575241c093e2,1,57650,usable,,"parse,timestamp,gap,duration,constant,NaN/Inf",validation
ECG_3999db4c99b106,HNU11024,HNU11024,6069dbb38f70477cb75c33a76f244fa4,watch,ecg,ecg-1784705641510-88c26695acc6485790910314adf06a52.zip,Data/ECG/ecg-1784705641510-88c26695acc6485790910314adf06a52.zip,2026/7/22 15:32,2026-07-22 15:32:00,10,μV,117.608,single lead,ok,usable,,paired_exact_subject_id,d12_1f73df7f634608,exact HNU matches one d12 record,4e9f8a7722634a6aab69d1a10d1f58ca,d4cf9873428c45c385b0575241c093e2,1,58850,usable,,"parse,timestamp,gap,duration,constant,NaN/Inf",train
ECG_912d4bbfc8c90b,HNU11047,HNU11047,4c41727deeb2461791b188671187cb8d,watch,ecg,ecg-1784794130092-ca59d3dd88ae4d1e9a5fdef745c242d6.zip,Data/ECG/ecg-1784794130092-ca59d3dd88ae4d1e9a5fdef745c242d6.zip,2026/7/23 16:06,2026-07-23 16:06:00,10,μV,116.013,single lead,ok,usable,,paired_exact_subject_id,d12_f6f77ba435974f,exact HNU matches one d12 record,4e85215b05974c5ab6aa78ab6869531c,d4cf9873428c45c385b0575241c093e2,1,57650,usable,,"parse,timestamp,gap,duration,constant,NaN/Inf",train
ECG_2d1cde3ea4ff20,A51,A51,50d5905045b74ed5b415ade95b6f2db0,watch,ecg,ecg-1784800418848-cd060585e3d24853a1854437756e4bb6.zip,Data/ECG/ecg-1784800418848-cd060585e3d24853a1854437756e4bb6.zip,2026/7/23 17:51,2026-07-23 17:51:00,10,μV,117.505,single lead,ok,review,unreliable_subject_id; no corresponding d12,review_missing_d12,,no d12 record with same HNU,4d56f1a755af40aab3f35462512dcbc8,d4cf9873428c45c385b0575241c093e2,1,57950,review,unreliable_subject_id; no corresponding d12,"parse,timestamp,gap,duration,constant,NaN/Inf",validation
ECG_4d050b7a0326d2,HNU11075,HNU11075,2d375ea08ac04f38b68151f7f64293d1,watch,ecg,ecg-1784970274396-761e69fed7e342aba4623a8993900ec0.zip,Data/ECG/ecg-1784970274396-761e69fed7e342aba4623a8993900ec0.zip,2026/7/25 17:02,2026-07-25 17:02:00,10,μV,117.713,single lead,ok,usable,,paired_exact_subject_id,d12_b10d007b238f24,exact HNU matches one d12 record,42ca8770de3b46d3b6e68e9fcf3b3ee8,e9ccb37ba6514cd08242f26c737843e1,1,58900,usable,,"parse,timestamp,gap,duration,constant,NaN/Inf",train
ECG_918a93149c2f93,HNU11086,HNU11086,9a3c3c309efe475888215051ea396a72,watch,ecg,ecg-1785053013063-644679f23990451e8b4f79e0e7461e80.zip,Data/ECG/ecg-1785053013063-644679f23990451e8b4f79e0e7461e80.zip,2026/7/26 16:01,2026-07-26 16:01:00,10,μV,117.685,single lead,ok,usable,,paired_exact_subject_id,d12_a27f81682d6d56,exact HNU matches one d12 record,413dd9258ffd4ba2bdcff30222b38f74,e9ccb37ba6514cd08242f26c737843e1,1,58900,usable,,"parse,timestamp,gap,duration,constant,NaN/Inf",train
ECG_644140e575f25c,HNU11004,HNU11004,18e68fee0c8c4b90bd74315e2cc9bf3a,watch,ecg,ecg-1784626004802-2715885c145f4b8aa04146d51d9f1de5.zip,Data/ECG/ecg-1784626004802-2715885c145f4b8aa04146d51d9f1de5.zip,2026/7/21 17:24,2026-07-21 17:24:00,10,μV,117.514,single lead,ok,usable,,paired_exact_subject_id,d12_6b52d28690cdb8,exact HNU matches one d12 record,3d4d28528da244099a1c3e47dee4fced,d4cf9873428c45c385b0575241c093e2,1,58800,usable,,"parse,timestamp,gap,duration,constant,NaN/Inf",train
ECG_338202b0c28288,HNU11092,HNU11092,fecd7b4846b64feba7719f98f569bac7,watch,ecg,ecg-1785118679921-5a9ab08f05dc4cebadc05965db667b0d.zip,Data/ECG/ecg-1785118679921-5a9ab08f05dc4cebadc05965db667b0d.zip,2026/7/27 10:17,2026-07-27 10:17:00,10,μV,11.202,single lead,ok,review,duration <30 sec,paired_exact_subject_id,d12_af4ffaccfcd77f,exact HNU matches one d12 record,3c567567ffa94bc4aad51a1c273833a1,e9ccb37ba6514cd08242f26c737843e1,1,5650,review,duration <30 sec,"parse,timestamp,gap,duration,constant,NaN/Inf",train
ECG_0395badbd2316a,HNU11070,HNU11070,e098d83c3e114b4b9114275c8a32b9ec,watch,ecg,ecg-1784965905277-a7decb3649b348b3a0a50f9bf16ba98d.zip,Data/ECG/ecg-1784965905277-a7decb3649b348b3a0a50f9bf16ba98d.zip,2026/7/25 15:49,2026-07-25 15:49:00,10,μV,116.016,single lead,ok,usable,,paired_exact_subject_id,d12_f1d86b19035156,exact HNU matches one d12 record,3a9b1bbb3bee4446852d6aadb7bb6d28,e9ccb37ba6514cd08242f26c737843e1,1,58050,usable,,"parse,timestamp,gap,duration,constant,NaN/Inf",validation
ECG_eaa6080daaa22c,HNU11033,HNU11033,6dd815891b4443d8abc116a8c15bdb97,watch,ecg,ecg-1784775503105-b705bc28db614d6d82514024cd19ff7b.zip,Data/ECG/ecg-1784775503105-b705bc28db614d6d82514024cd19ff7b.zip,2026/7/23 10:56,2026-07-23 10:56:00,10,μV,117.416,single lead,ok,usable,,paired_exact_subject_id,d12_460ad0de7a2ebf,exact HNU matches one d12 record,383c431637dd4550aa256cfe3b25b86b,d4cf9873428c45c385b0575241c093e2,1,58750,usable,,"parse,timestamp,gap,duration,constant,NaN/Inf",train
ECG_91f9ef7c9218ae,HNU11001,HNU11001,c017101036714e6e92f01dfebdc64b90,watch,ecg,ecg-1784617602584-a4d67bd34c5e4dd9af21dbc875aa09e5.zip,Data/ECG/ecg-1784617602584-a4d67bd34c5e4dd9af21dbc875aa09e5.zip,2026/7/21 15:04,2026-07-21 15:04:00,10,μV,116.316,single lead,ok,usable,,paired_exact_subject_id,d12_2910fb1963099a,exact HNU matches one d12 record,358fcb2aeddc4ef1b7fb611101c9688c,d4cf9873428c45c385b0575241c093e2,1,58200,usable,,"parse,timestamp,gap,duration,constant,NaN/Inf",train
ECG_1fd4599d2c3509,HNU11007,HNU11007,68732538afcc49f8b5ff39f7280c7df8,watch,ecg,ecg-1784634104404-8020fce744f54bcfa3aa73d66e209ef6.zip,Data/ECG/ecg-1784634104404-8020fce744f54bcfa3aa73d66e209ef6.zip,2026/7/21 19:36,2026-07-21 19:36:00,10,μV,6.301,single lead,ok,review,duration <30 sec,paired_exact_subject_id,d12_05cc77f8a61e6e,exact HNU matches one d12 record,350acb574210435cb2f4e8769def14ee,d4cf9873428c45c385b0575241c093e2,1,3200,review,duration <30 sec,"parse,timestamp,gap,duration,constant,NaN/Inf",train
ECG_791cd5dfde1e83,HNU11076,HNU11076,ffa84194a7164c1fb310f7d2acf213cd,watch,ecg,ecg-1785402183326-08a6a9aeacc34fd4aa726c9436b935ff.zip,Data/ECG/ecg-1785402183326-08a6a9aeacc34fd4aa726c9436b935ff.zip,2026/7/30 17:01,2026-07-30 17:01:00,10,μV,116.716,single lead,ok,usable,,paired_exact_subject_id,d12_1812635abce179,exact HNU matches one d12 record,34c1d56b9dc442338ec9c07412dfe2f3,e9ccb37ba6514cd08242f26c737843e1,1,58200,usable,,"parse,timestamp,gap,duration,constant,NaN/Inf",validation
ECG_d6a0b4b01a60f8,HNU11042,HNU11042,f24b81931f2d4a12843849dc195954ee,watch,ecg,ecg-1784792249051-c9684864cb71402f96ca9034628119e7.zip,Data/ECG/ecg-1784792249051-c9684864cb71402f96ca9034628119e7.zip,2026/7/23 15:35,2026-07-23 15:35:00,10,μV,117.806,single lead,ok,usable,,paired_exact_subject_id,d12_ee67333557b702,exact HNU matches one d12 record,34a4d3bfeeba414ab1558ef811d61681,d4cf9873428c45c385b0575241c093e2,1,58950,usable,,"parse,timestamp,gap,duration,constant,NaN/Inf",train
ECG_9876decae6f117,HNU11056,HNU11056,9ab8872dc144454c928058ce1c63e1d6,watch,ecg,ecg-1784860510311-2b94b93a153943d4b2af8ca3e283c8f7.zip,Data/ECG/ecg-1784860510311-2b94b93a153943d4b2af8ca3e283c8f7.zip,2026/7/24 10:33,2026-07-24 10:33:00,10,μV,117.123,single lead,ok,usable,,paired_exact_subject_id,d12_4f0618718eae4a,exact HNU matches one d12 record,2c7921fa425c49b6b7be969048c16ff3,d4cf9873428c45c385b0575241c093e2,1,58550,usable,,"parse,timestamp,gap,duration,constant,NaN/Inf",train
ECG_b974b48800bb9b,test,test,b1a00685856a4483a150b7c8bea621aa,watch,ecg,ecg-1785402227786-c07490f1f4e34e87aa1049aadf2bf21c.zip,Data/ECG/ecg-1785402227786-c07490f1f4e34e87aa1049aadf2bf21c.zip,2026/7/30 17:03,2026-07-30 17:03:00,10,μV,12.845,single lead,ok,review,duration <30 sec,review_missing_d12,,no d12 record with same HNU,2aa4f481ea6e4b50a7bc393a27cfa9c0,e9ccb37ba6514cd08242f26c737843e1,1,6450,review,duration <30 sec,"parse,timestamp,gap,duration,constant,NaN/Inf",train
ECG_212e23d195adf7,HNU11041,HNU11041,c83dbf51d61d4cab9c3f913b5da1e0b2,watch,ecg,ecg-1784791442161-bc43783dd9e74296a30d431141e63ac4.zip,Data/ECG/ecg-1784791442161-bc43783dd9e74296a30d431141e63ac4.zip,2026/7/23 15:22,2026-07-23 15:22:00,10,μV,117.809,single lead,ok,usable,,paired_exact_subject_id,d12_35d23ecb4dea20,exact HNU matches one d12 record,27e31cbc4ce7415c9894837c41b2a978,d4cf9873428c45c385b0575241c093e2,1,58950,usable,,"parse,timestamp,gap,duration,constant,NaN/Inf",train
ECG_ae8b57978eb6a9,HNU11040,HNU11040,7052abfaebc9464aa193278d6c10dcc6,watch,ecg,ecg-1784791056242-890b3c62e3874251bb2eee9a13ece252.zip,Data/ECG/ecg-1784791056242-890b3c62e3874251bb2eee9a13ece252.zip,2026/7/23 15:15,2026-07-23 15:15:00,10,μV,117.51,single lead,ok,usable,,paired_exact_subject_id,d12_703999f5a3bc26,exact HNU matches one d12 record,268d441d1d8849efb72d4e15ce30ee9a,d4cf9873428c45c385b0575241c093e2,1,58800,usable,,"parse,timestamp,gap,duration,constant,NaN/Inf",train
ECG_32cf02d27f92d7,HNU11008,HNU11008,fb5b28902009488186826d4e65c90396,watch,ecg,ecg-1784635036686-f8565d8927104d90a6695b71ff84f620.zip,Data/ECG/ecg-1784635036686-f8565d8927104d90a6695b71ff84f620.zip,2026/7/21 19:55,2026-07-21 19:55:00,10,μV,117.72,single lead,ok,usable,,paired_exact_subject_id,d12_dce8245c318ba3,exact HNU matches one d12 record,24711ef322a3497580d3bd6ec51c4466,d4cf9873428c45c385b0575241c093e2,1,58800,usable,,"parse,timestamp,gap,duration,constant,NaN/Inf",validation
ECG_542d3e778127c5,HNU11019,HNU11019,8d379d57e06b4948abef293d409041b3,watch,ecg,ecg-1784688902265-397bf3f456cf42b1808bf8b202666771.zip,Data/ECG/ecg-1784688902265-397bf3f456cf42b1808bf8b202666771.zip,2026/7/22 10:53,2026-07-22 10:53:00,10,μV,117.82,single lead,ok,usable,,paired_exact_subject_id,d12_6f66e0bce170ec,exact HNU matches one d12 record,22d48cfe57aa45cdabb0a22e73f7142b,d4cf9873428c45c385b0575241c093e2,1,58950,usable,,"parse,timestamp,gap,duration,constant,NaN/Inf",train
ECG_691ca6daa386f3,HNU11002,HNU11002,6f9f333097484f86a12537f3db4ecddf,watch,ecg,ecg-1784624346955-b7031188a88245298f87290528c15150.zip,Data/ECG/ecg-1784624346955-b7031188a88245298f87290528c15150.zip,2026/7/21 16:57,2026-07-21 16:57:00,10,μV,117.914,single lead,ok,usable,,paired_exact_subject_id,d12_0100000d4f7822,exact HNU matches one d12 record,1dbf11315c4b4e7ba7a3d90a968a7781,d4cf9873428c45c385b0575241c093e2,1,59000,usable,,"parse,timestamp,gap,duration,constant,NaN/Inf",train
ECG_4c38a11c57cc04,HNU11011,HNU11011,d89fec5f855845bfa4b60dbe3235d354,watch,ecg,ecg-1784686061060-419e9b36fa1c42a4bb5c4eebb5424477.zip,Data/ECG/ecg-1784686061060-419e9b36fa1c42a4bb5c4eebb5424477.zip,2026/7/22 10:05,2026-07-22 10:05:00,10,μV,116.112,single lead,ok,usable,,paired_exact_subject_id,d12_54b59401b7c03a,exact HNU matches one d12 record,194c6895184243e49e1b68f207dd4ef4,d4cf9873428c45c385b0575241c093e2,1,58100,usable,,"parse,timestamp,gap,duration,constant,NaN/Inf",train
ECG_92ee5b736d8a0c,HNU11009,HNU11009,c3191933416149c9924e2dc26163c6df,watch,ecg,ecg-1784634739576-77a03df3a41246ec866805be8d0302dd.zip,Data/ECG/ecg-1784634739576-77a03df3a41246ec866805be8d0302dd.zip,2026/7/21 19:50,2026-07-21 19:50:00,10,μV,117.516,single lead,ok,usable,,paired_exact_subject_id,d12_e9f132a7b5350f,exact HNU matches one d12 record,183ecd25914f4ed0821ed1b69febe584,d4cf9873428c45c385b0575241c093e2,1,58750,usable,,"parse,timestamp,gap,duration,constant,NaN/Inf",train
ECG_1833f6cef1c517,HNU11012,HNU11012,c74e978864b14da582b723a710dfbb2e,watch,ecg,ecg-1784686517733-884d88066f724f9daab743274435d535.zip,Data/ECG/ecg-1784686517733-884d88066f724f9daab743274435d535.zip,2026/7/22 10:13,2026-07-22 10:13:00,10,μV,117.818,single lead,ok,usable,,paired_exact_subject_id,d12_79bb71da1f76e9,exact HNU matches one d12 record,15045c98bb3e4b1b97bb38eb8ee60bc6,d4cf9873428c45c385b0575241c093e2,1,58950,usable,,"parse,timestamp,gap,duration,constant,NaN/Inf",train
ECG_a7bf824e9658de,HNU11099,HNU11099,7ff638cb60594674868ae28494343f8a,watch,ecg,ecg-1785204718518-6e97aed05a5a4c58b0f56d0305ea9a56.zip,Data/ECG/ecg-1785204718518-6e97aed05a5a4c58b0f56d0305ea9a56.zip,2026/7/28 10:09,2026-07-28 10:09:00,10,μV,116.207,single lead,ok,usable,,paired_exact_subject_id,d12_97423ca24d9abb,exact HNU matches one d12 record,14d3ae5bbeff4def974f9fc9f3520b57,e9ccb37ba6514cd08242f26c737843e1,1,58150,usable,,"parse,timestamp,gap,duration,constant,NaN/Inf",validation
ECG_c04e4c2d1897ff,HNU11066,HNU11066,32b323c7c80041eaaf5978a42cae4a0b,watch,ecg,ecg-1784882510171-f34b84bd6f2d433f80651f211a71f46c.zip,Data/ECG/ecg-1784882510171-f34b84bd6f2d433f80651f211a71f46c.zip,2026/7/24 16:39,2026-07-24 16:39:00,10,μV,117.612,single lead,ok,usable,,paired_exact_subject_id,d12_978f53a6bbc1a2,exact HNU matches one d12 record,1433fa997bb84b798b5faf894b962d2d,d4cf9873428c45c385b0575241c093e2,1,58850,usable,,"parse,timestamp,gap,duration,constant,NaN/Inf",train
ECG_579484ca05dd6c,HNU11025,HNU11025,ec04cf39b1264ef4a3a72f2ba3787016,watch,ecg,ecg-1784706978159-26b2fa4f24a7487ba30cec37aa0c8586.zip,Data/ECG/ecg-1784706978159-26b2fa4f24a7487ba30cec37aa0c8586.zip,2026/7/22 15:54,2026-07-22 15:54:00,10,μV,115.912,single lead,ok,usable,,paired_exact_subject_id,d12_5dffcd05ef1104,exact HNU matches one d12 record,141fb5b2a1f447a5b0f72aeadd198335,d4cf9873428c45c385b0575241c093e2,1,58000,usable,,"parse,timestamp,gap,duration,constant,NaN/Inf",validation
ECG_5071639a50221f,HNU11020,HNU11020,b621cd6871584d55abf398dda2187a20,watch,ecg,ecg-1784690419490-9ae26245ad8a41cfbad1d716b89e871f.zip,Data/ECG/ecg-1784690419490-9ae26245ad8a41cfbad1d716b89e871f.zip,2026/7/22 11:18,2026-07-22 11:18:00,10,μV,116.115,single lead,ok,usable,,paired_exact_subject_id,d12_9896b26fa933ef,exact HNU matches one d12 record,140767f08af0479d8680282a3a41f469,d4cf9873428c45c385b0575241c093e2,1,58100,usable,,"parse,timestamp,gap,duration,constant,NaN/Inf",train
ECG_2472f01d166efb,HNU11087,HNU11087,ef9ec00306624b4ca431692cf4cf83ad,watch,ecg,ecg-1785053470202-cdb7acf576b44228b03d2edac741928a.zip,Data/ECG/ecg-1785053470202-cdb7acf576b44228b03d2edac741928a.zip,2026/7/26 16:09,2026-07-26 16:09:00,10,μV,117.188,single lead,ok,usable,,paired_exact_subject_id,d12_145af1ec7842b7,exact HNU matches one d12 record,137d9136df344b3eae1dcefab5b06724,e9ccb37ba6514cd08242f26c737843e1,1,58650,usable,,"parse,timestamp,gap,duration,constant,NaN/Inf",train
ECG_20df14defaebad,HNU11077,HNU11077,f24b84e29a554d67afc1c796f2428b9a,watch,ecg,ecg-1784972925808-972a6cc18bbf4a2c8438aaacfe0c143b.zip,Data/ECG/ecg-1784972925808-972a6cc18bbf4a2c8438aaacfe0c143b.zip,2026/7/25 17:48,2026-07-25 17:48:00,10,μV,14.401,single lead,ok,review,duration <30 sec,paired_exact_subject_id,d12_beca710ccb8308,exact HNU matches one d12 record,12ec67630cc8444891db5e47babba805,e9ccb37ba6514cd08242f26c737843e1,1,7250,review,duration <30 sec,"parse,timestamp,gap,duration,constant,NaN/Inf",train
ECG_3d18bbf3b29d64,HNU11045,HNU11045,0b5fc20eade148e29e26d273bdfb14ce,watch,ecg,ecg-1784793564480-af83dfcdf49a4ace83a5d430c4d5522a.zip,Data/ECG/ecg-1784793564480-af83dfcdf49a4ace83a5d430c4d5522a.zip,2026/7/23 15:57,2026-07-23 15:57:00,10,μV,117.605,single lead,ok,usable,,paired_exact_subject_id,d12_463ed4f961ac90,exact HNU matches one d12 record,12a491dcc0b04704999bec10acffb2d2,d4cf9873428c45c385b0575241c093e2,1,58850,usable,,"parse,timestamp,gap,duration,constant,NaN/Inf",train
ECG_1a34099635cd0e,HNU11017,HNU11017,a6d0a79a915c4a4284ee0e38219b3737,watch,ecg,ecg-1784688239244-b0d0156b3cc84b58ba456cfc6bf95f78.zip,Data/ECG/ecg-1784688239244-b0d0156b3cc84b58ba456cfc6bf95f78.zip,2026/7/22 10:41,2026-07-22 10:41:00,10,μV,117.821,single lead,ok,usable,,paired_exact_subject_id,d12_f6f28a6878e0ba,exact HNU matches one d12 record,1177ef2fb17944fcb9ee3a0662d48f5c,d4cf9873428c45c385b0575241c093e2,1,58850,usable,,"parse,timestamp,gap,duration,constant,NaN/Inf",train
ECG_37c5a5818b32b6,HNU11083,HNU11083,1783cb0a836d4a56b72e4ee0ec52efc0,watch,ecg,ecg-1785050717623-58d5afdaddcf4a3ea50e9d55bed66ad1.zip,Data/ECG/ecg-1785050717623-58d5afdaddcf4a3ea50e9d55bed66ad1.zip,2026/7/26 15:23,2026-07-26 15:23:00,10,μV,117.385,single lead,ok,usable,,paired_exact_subject_id,d12_d5b7f6a47c40b0,exact HNU matches one d12 record,10d7a36bb45d4e65b47f8a3d04e04946,e9ccb37ba6514cd08242f26c737843e1,1,58750,usable,,"parse,timestamp,gap,duration,constant,NaN/Inf",train
ECG_cd55ae5fca214a,HNU11033,HNU11033,687688b9c43e4ccf94bf86630b132f14,watch,ecg,ecg-1784775308588-32cf443f28b3472398fa7d8d0184b933.zip,Data/ECG/ecg-1784775308588-32cf443f28b3472398fa7d8d0184b933.zip,2026/7/23 10:54,2026-07-23 10:54:00,10,μV,45.405,single lead,ok,review,duration 30-90 sec,paired_exact_subject_id,d12_460ad0de7a2ebf,exact HNU matches one d12 record,0b1144dfd5884eb681eea56c47633382,d4cf9873428c45c385b0575241c093e2,1,22750,review,duration 30-90 sec,"parse,timestamp,gap,duration,constant,NaN/Inf",train
ECG_759de51a5d3d39,HNU11091,HNU11091,489a3843d30d4236879ae15e0388b478,watch,ecg,ecg-1785057367923-fabb916548b94e1a92a62f6d3dd469e4.zip,Data/ECG/ecg-1785057367923-fabb916548b94e1a92a62f6d3dd469e4.zip,2026/7/26 17:14,2026-07-26 17:14:00,10,μV,103.586,single lead,ok,usable,,paired_exact_subject_id,d12_14e679ac6083ad,exact HNU matches one d12 record,0928d829607c4238bbccf590400b4221,e9ccb37ba6514cd08242f26c737843e1,1,51850,usable,,"parse,timestamp,gap,duration,constant,NaN/Inf",train
ECG_356770509219f1,HNU11010,HNU11010,ab0d44f2c6af4ee5aa7defc0cd54bf97,watch,ecg,ecg-1784635463048-2d9510d7c2c24a4692b8b4dddb2e1608.zip,Data/ECG/ecg-1784635463048-2d9510d7c2c24a4692b8b4dddb2e1608.zip,2026/7/21 20:02,2026-07-21 20:02:00,10,μV,117.517,single lead,ok,usable,,paired_exact_subject_id,d12_be78fc5187f046,exact HNU matches one d12 record,0863fce77a41403298a488aa9af96058,d4cf9873428c45c385b0575241c093e2,1,58750,usable,,"parse,timestamp,gap,duration,constant,NaN/Inf",train
ECG_49cd5ec426da16,HNU11069,HNU11069,9ec418e3269a40269888ded45292b717,watch,ecg,ecg-1784964158351-9cf61a68c9e54efbbcd6dd53df84c391.zip,Data/ECG/ecg-1784964158351-9cf61a68c9e54efbbcd6dd53df84c391.zip,2026/7/25 15:20,2026-07-25 15:20:00,10,μV,116.42,single lead,ok,usable,,paired_exact_subject_id,d12_85fed2117c26e0,exact HNU matches one d12 record,05d272238f4d46ef80633da1c046b846,d4cf9873428c45c385b0575241c093e2,1,58250,usable,,"parse,timestamp,gap,duration,constant,NaN/Inf",train
ECG_38837c489b0f1e,HNU11108,HNU11108,b21c6e6078d7484f910910646c38e6f9,watch,ecg,ecg-1787734027062-c59988cfe6c14ab493b9f45cfa41a79d.zip,Data/ECG/ecg-1787734027062-c59988cfe6c14ab493b9f45cfa41a79d.zip,2026/8/26 16:45,2026-08-26 16:45:00,10,μV,117.813,single lead,ok,usable,,review_missing_d12,,no d12 record with same HNU,9beeb9589b31442d933feab26efa062a,e9ccb37ba6514cd08242f26c737843e1,1,58850,usable,,"parse,timestamp,gap,duration,constant,NaN/Inf",train
ECG_4ddcfdcb89eac7,HNU11107,HNU11107,50048e862a4c41ce804c1059b49235e2,watch,ecg,ecg-1787646767658-cbe6f9c4de7440a1afff0f2acf4fa7f4.zip,Data/ECG/ecg-1787646767658-cbe6f9c4de7440a1afff0f2acf4fa7f4.zip,2026/8/25 16:30,2026-08-25 16:30:00,10,μV,117.185,single lead,ok,usable,,review_missing_d12,,no d12 record with same HNU,2c3712f9c40a4aa6b4cd65be9b01529f,e9ccb37ba6514cd08242f26c737843e1,1,58400,usable,,"parse,timestamp,gap,duration,constant,NaN/Inf",train
ECG_57c5b3bf3cee42,HNU11107,HNU11107,1576fba66aa043629f783b8bb9f98302,watch,ecg,ecg-1787645819316-bb40308323ab4b7eb69a3e21fb96d17c.zip,Data/ECG/ecg-1787645819316-bb40308323ab4b7eb69a3e21fb96d17c.zip,2026/8/25 16:16,2026-08-25 16:16:00,10,μV,47.689,single lead,ok,review,duration 30-90 sec,review_missing_d12,,no d12 record with same HNU,b52b5051d2d44e4e80590ef386c87c05,e9ccb37ba6514cd08242f26c737843e1,1,23800,review,duration 30-90 sec,"parse,timestamp,gap,duration,constant,NaN/Inf",train
ECG_7f6b0fa55e49fc,HNU11106,HNU11106,4958cf28d87c4bd4a0dd296690c8b711,watch,ecg,ecg-1787644906652-f4aac74616b143269ecfff7cf86ca143.zip,Data/ECG/ecg-1787644906652-f4aac74616b143269ecfff7cf86ca143.zip,2026/8/25 15:59,2026-08-25 15:59:00,10,μV,116.969,single lead,ok,usable,,review_missing_d12,,no d12 record with same HNU,fe7b7dcdeedf485091ca1867ce23ea07,e9ccb37ba6514cd08242f26c737843e1,1,58300,usable,,"parse,timestamp,gap,duration,constant,NaN/Inf",train
ECG_ff1dd13a731aa8,HNU11105,HNU11105,09714ff3e6814e1f9cd399f2bc02cc01,watch,ecg,ecg-1787644143150-6ae3ba002bac490cb8d517cca25627b6.zip,Data/ECG/ecg-1787644143150-6ae3ba002bac490cb8d517cca25627b6.zip,2026/8/25 15:47,2026-08-25 15:47:00,10,μV,117.262,single lead,ok,usable,,review_missing_d12,,no d12 record with same HNU,44082158935742a7bf5c22a7f33934ce,e9ccb37ba6514cd08242f26c737843e1,1,58450,usable,,"parse,timestamp,gap,duration,constant,NaN/Inf",train
ECG_2a00102a89d798,HNU11104,HNU11104,12128f288bfb4302a1036fa7330cb0ea,watch,ecg,ecg-1787643126741-dd174201c2f54a61ad6afb78b9f90715.zip,Data/ECG/ecg-1787643126741-dd174201c2f54a61ad6afb78b9f90715.zip,2026/8/25 15:30,2026-08-25 15:30:00,10,μV,117.995,single lead,ok,usable,,review_missing_d12,,no d12 record with same HNU,5a2c95e38919458b9cf989777ce8fe6d,e9ccb37ba6514cd08242f26c737843e1,1,59050,usable,,"parse,timestamp,gap,duration,constant,NaN/Inf",validation
ECG_b39e3b9a0867ad,HNU11103,HNU11103,51e4398ea01c467e8517e0c2758c3d41,watch,ecg,ecg-1787642380248-857878a2f4464fbd823c8ce7d4b36b78.zip,Data/ECG/ecg-1787642380248-857878a2f4464fbd823c8ce7d4b36b78.zip,2026/8/25 15:17,2026-08-25 15:17:00,10,μV,117.994,single lead,ok,usable,,review_missing_d12,,no d12 record with same HNU,a716b3b056ba42dd9a81d873aa0dcc04,e9ccb37ba6514cd08242f26c737843e1,1,59050,usable,,"parse,timestamp,gap,duration,constant,NaN/Inf",train
ECG_60f626fd61e9a7,HNU11103,HNU11103,ad1444cd4da8435597687403cb4b6989,watch,ecg,ecg-1787642256366-6143c5841a304c54a69a990b43bcde6c.zip,Data/ECG/ecg-1787642256366-6143c5841a304c54a69a990b43bcde6c.zip,2026/8/25 15:17,2026-08-25 15:17:00,10,μV,7.1,single lead,ok,review,duration <30 sec,review_missing_d12,,no d12 record with same HNU,f110e21259994bb694ae765d96f70b4d,e9ccb37ba6514cd08242f26c737843e1,1,3600,review,duration <30 sec,"parse,timestamp,gap,duration,constant,NaN/Inf",train
ECG_2fb66cc99f5f7f,HNU11102,HNU11102,0a00f5c732224d5e868b0900365b51dd,watch,ecg,ecg-1787626009228-9711f43f40264d7bb912742d234eec74.zip,Data/ECG/ecg-1787626009228-9711f43f40264d7bb912742d234eec74.zip,2026/8/25 10:44,2026-08-25 10:44:00,10,μV,116.123,single lead,ok,usable,,review_missing_d12,,no d12 record with same HNU,f9866a86b2b448f594a0432ca4757e19,e9ccb37ba6514cd08242f26c737843e1,1,58100,usable,,"parse,timestamp,gap,duration,constant,NaN/Inf",train
PPG_0a6e4e37e8a7a2,HNU11033,HNU11033,6dd815891b4443d8abc116a8c15bdb97,watch,ppg,ppg-1784775503292-b705bc28db614d6d82514024cd19ff7b.zip,Data/PPG/ppg-1784775503292-b705bc28db614d6d82514024cd19ff7b.zip,2026/7/23 10:56,2026-07-23 10:56:00,100,raw counts,117.506,PPGLight/greenLight/infraredLight/redLight,ok,usable,,paired_exact_subject_id,d12_460ad0de7a2ebf,exact HNU matches one d12 record,ff2a3fc24c2e41b9878dc896bf13128b,d4cf9873428c45c385b0575241c093e2,1,11750,usable,,"parse,timestamp,gap,duration,constant,NaN/Inf",train
PPG_56fd225877c30f,HNU11016,HNU11016,241212a54ecc488592a0b7005787185f,watch,ppg,ppg-1784687944733-0ad1c682f4bc4d31abc1bccf5c8eff98.zip,Data/PPG/ppg-1784687944733-0ad1c682f4bc4d31abc1bccf5c8eff98.zip,2026/7/22 10:37,2026-07-22 10:37:00,100,raw counts,117.612,PPGLight/greenLight/infraredLight/redLight,ok,usable,,paired_exact_subject_id,d12_5fd99b7f6a0359,exact HNU matches one d12 record,fbfd476d4b2e43b9b9363411bb7e4012,d4cf9873428c45c385b0575241c093e2,1,11760,usable,,"parse,timestamp,gap,duration,constant,NaN/Inf",train
PPG_ce24b69bdc009e,HNU11061,HNU11061,d3314e2a1f8d431c9ddbc4804befb6c7,watch,ppg,ppg-1784877785815-fc2df50cea8b48e29fe0ce945ec0412c.zip,Data/PPG/ppg-1784877785815-fc2df50cea8b48e29fe0ce945ec0412c.zip,2026/7/24 15:21,2026-07-24 15:21:00,100,raw counts,117.81,PPGLight/greenLight/infraredLight/redLight,ok,usable,,paired_exact_subject_id,d12_2955afb92d0642,exact HNU matches one d12 record,f858afaa368a492a8d08a6af9ec5d5a7,d4cf9873428c45c385b0575241c093e2,1,11780,usable,,"parse,timestamp,gap,duration,constant,NaN/Inf",validation
PPG_33e1adfed9aaeb,HNU11097,HNU11097,cee695c4f62f4c1d9e0c2cf239ef1bd3,watch,ppg,ppg-1785139263858-b8c7ead5d731475db86827d8d79b1088.zip,Data/PPG/ppg-1785139263858-b8c7ead5d731475db86827d8d79b1088.zip,2026/7/27 15:59,2026-07-27 15:59:00,100,raw counts,118.098,PPGLight/greenLight/infraredLight/redLight,ok,usable,,paired_exact_subject_id,d12_ccd7eeac0e672a,exact HNU matches one d12 record,f7785ebfe78f47bf9c49f1cc16b325f6,e9ccb37ba6514cd08242f26c737843e1,1,11810,usable,,"parse,timestamp,gap,duration,constant,NaN/Inf",train
PPG_b8a8df530e21ee,HNU11021,HNU11021,0ec90c31ee48432b94066bd99561250b,watch,ppg,ppg-1784689847916-b0d2e9f1f36447cc9bf7c948f980d896.zip,Data/PPG/ppg-1784689847916-b0d2e9f1f36447cc9bf7c948f980d896.zip,2026/7/22 11:08,2026-07-22 11:08:00,100,raw counts,117.704,PPGLight/greenLight/infraredLight/redLight,ok,usable,,paired_exact_subject_id,d12_6972d607394654,exact HNU matches one d12 record,f64ea06ad8dd49968e4c82027e5024fb,d4cf9873428c45c385b0575241c093e2,1,11770,usable,,"parse,timestamp,gap,duration,constant,NaN/Inf",train
PPG_048ef440145c21,HNU11010,HNU11010,ab0d44f2c6af4ee5aa7defc0cd54bf97,watch,ppg,ppg-1784635463235-2d9510d7c2c24a4692b8b4dddb2e1608.zip,Data/PPG/ppg-1784635463235-2d9510d7c2c24a4692b8b4dddb2e1608.zip,2026/7/21 20:02,2026-07-21 20:02:00,100,raw counts,117.608,PPGLight/greenLight/infraredLight/redLight,ok,usable,,paired_exact_subject_id,d12_be78fc5187f046,exact HNU matches one d12 record,f640d0cb16a443718e1e121e4aa40cc8,d4cf9873428c45c385b0575241c093e2,1,11760,usable,,"parse,timestamp,gap,duration,constant,NaN/Inf",train
PPG_0ee43c055b1595,HNU11072,HNU11072,05b8d754ba3641b08a6161f48e936a98,watch,ppg,ppg-1784966894646-b711a4d3c1c14a79b6b0988bd2911b70.zip,Data/PPG/ppg-1784966894646-b711a4d3c1c14a79b6b0988bd2911b70.zip,2026/7/25 16:06,2026-07-25 16:06:00,100,raw counts,119.418,PPGLight/greenLight/infraredLight/redLight,ok,review,obvious time gaps: 1,paired_exact_subject_id,d12_197ccfbd7661de,exact HNU matches one d12 record,f27683c49838415f8b90f242d63cb913,e9ccb37ba6514cd08242f26c737843e1,1,11615,review,obvious time gaps: 1,"parse,timestamp,gap,duration,constant,NaN/Inf",train
PPG_1e9b51dd93582e,HNU11060,HNU11060,9e2299211274450c9a05880717c9cfda,watch,ppg,ppg-1784877120835-c0ba0a7c49c54859b1ab304aa30f4948.zip,Data/PPG/ppg-1784877120835-c0ba0a7c49c54859b1ab304aa30f4948.zip,2026/7/24 15:09,2026-07-24 15:09:00,100,raw counts,116.505,PPGLight/greenLight/infraredLight/redLight,ok,usable,,paired_exact_subject_id,d12_8db996d577a3eb,exact HNU matches one d12 record,f12699206ce44b4f86f4810bdf259539,d4cf9873428c45c385b0575241c093e2,1,11650,usable,,"parse,timestamp,gap,duration,constant,NaN/Inf",validation
PPG_892ff5521cfc0b,HNU11077,HNU11077,fcb1e0ca3d50499cbd451eea9747b787,watch,ppg,ppg-1784973079608-f78cf8e5d6524c75a8ada3f053a99f5a.zip,Data/PPG/ppg-1784973079608-f78cf8e5d6524c75a8ada3f053a99f5a.zip,2026/7/25 17:49,2026-07-25 17:49:00,100,raw counts,117.405,PPGLight/greenLight/infraredLight/redLight,ok,usable,,paired_exact_subject_id,d12_beca710ccb8308,exact HNU matches one d12 record,ef84f1d480bf4185a1bd1ae342c62e47,e9ccb37ba6514cd08242f26c737843e1,1,11740,usable,,"parse,timestamp,gap,duration,constant,NaN/Inf",train
PPG_10771bc3a4ef93,HNU11076,HNU11076,e1c1a1df51364f2f8c67c5284f661b34,watch,ppg,ppg-1785401630814-7542a974f8ec4e98a5e4052161f77dbc.zip,Data/PPG/ppg-1785401630814-7542a974f8ec4e98a5e4052161f77dbc.zip,2026/7/30 16:53,2026-07-30 16:53:00,100,raw counts,10.091,PPGLight/greenLight/infraredLight/redLight,ok,review,duration <30 sec,paired_exact_subject_id,d12_1812635abce179,exact HNU matches one d12 record,ef5475cad1da4a26813d62ed81d72216,e9ccb37ba6514cd08242f26c737843e1,1,1010,review,duration <30 sec,"parse,timestamp,gap,duration,constant,NaN/Inf",validation
PPG_a81f96967490d7,HNU11045,HNU11045,0b5fc20eade148e29e26d273bdfb14ce,watch,ppg,ppg-1784793564664-af83dfcdf49a4ace83a5d430c4d5522a.zip,Data/PPG/ppg-1784793564664-af83dfcdf49a4ace83a5d430c4d5522a.zip,2026/7/23 15:57,2026-07-23 15:57:00,100,raw counts,117.695,PPGLight/greenLight/infraredLight/redLight,ok,usable,,paired_exact_subject_id,d12_463ed4f961ac90,exact HNU matches one d12 record,ed2c202fba8d4dddb73c8993cea0fee2,d4cf9873428c45c385b0575241c093e2,1,11770,usable,,"parse,timestamp,gap,duration,constant,NaN/Inf",train
PPG_357c0d09a23776,HNU11071,HNU11071,eae3eec59e8243b0ae62d75176d0ba01,watch,ppg,ppg-1784966473551-dc831bb9479e46aa84eb0c8a8df9af71.zip,Data/PPG/ppg-1784966473551-dc831bb9479e46aa84eb0c8a8df9af71.zip,2026/7/25 15:59,2026-07-25 15:59:00,100,raw counts,116.108,PPGLight/greenLight/infraredLight/redLight,ok,usable,,paired_exact_subject_id,d12_97b1bbdd984592,exact HNU matches one d12 record,e8b07b5759664a1d88e3a193e1abdc05,e9ccb37ba6514cd08242f26c737843e1,1,11610,usable,,"parse,timestamp,gap,duration,constant,NaN/Inf",train
PPG_f178010decb0fd,HNU11082,HNU11082,1897aec870234c838089321f7aaae271,watch,ppg,ppg-1785049167334-d7326d77bb374c8b8325f61faa09ac3b.zip,Data/PPG/ppg-1785049167334-d7326d77bb374c8b8325f61faa09ac3b.zip,2026/7/26 14:57,2026-07-26 14:57:00,100,raw counts,118.072,PPGLight/greenLight/infraredLight/redLight,ok,usable,,paired_exact_subject_id,d12_12e9a19941df75,exact HNU matches one d12 record,e8a59021888b49f3b357fee38efe860a,e9ccb37ba6514cd08242f26c737843e1,1,11810,usable,,"parse,timestamp,gap,duration,constant,NaN/Inf",train
PPG_651a93c3866f25,HNU11076,HNU11076,ffa84194a7164c1fb310f7d2acf213cd,watch,ppg,ppg-1785402183527-08a6a9aeacc34fd4aa726c9436b935ff.zip,Data/PPG/ppg-1785402183527-08a6a9aeacc34fd4aa726c9436b935ff.zip,2026/7/30 17:01,2026-07-30 17:01:00,100,raw counts,119.414,PPGLight/greenLight/infraredLight/redLight,ok,review,obvious time gaps: 1,paired_exact_subject_id,d12_1812635abce179,exact HNU matches one d12 record,e82986d2073046a48ea5e54b2343dc19,e9ccb37ba6514cd08242f26c737843e1,1,11675,review,obvious time gaps: 1,"parse,timestamp,gap,duration,constant,NaN/Inf",validation
PPG_d3ce9c13be59d1,HNU11048,HNU11048,4290354af6104323b0e7042c77b90c2b,watch,ppg,ppg-1784794427992-d2d96813815b4d4c88f441b3df55636c.zip,Data/PPG/ppg-1784794427992-d2d96813815b4d4c88f441b3df55636c.zip,2026/7/23 16:11,2026-07-23 16:11:00,100,raw counts,117.804,PPGLight/greenLight/infraredLight/redLight,ok,usable,,paired_exact_subject_id,d12_8b8cd8cfcd5d02,exact HNU matches one d12 record,e7c1dbddc3554e138e86bac1602ef800,d4cf9873428c45c385b0575241c093e2,1,11770,usable,,"parse,timestamp,gap,duration,constant,NaN/Inf",validation
PPG_f7387e63e07b8e,HNU11073,HNU11073,5d898a537d0d4b499daa4b17b4e0e30b,watch,ppg,ppg-1784969234473-cb05c895de584580b5df6800582d253f.zip,Data/PPG/ppg-1784969234473-cb05c895de584580b5df6800582d253f.zip,2026/7/25 16:45,2026-07-25 16:45:00,100,raw counts,119.689,PPGLight/greenLight/infraredLight/redLight,ok,review,obvious time gaps: 1,paired_exact_subject_id,d12_d392187f2e2bdb,exact HNU matches one d12 record,e78e0070f64d449bb84f8057084f7ac7,e9ccb37ba6514cd08242f26c737843e1,1,11795,review,obvious time gaps: 1,"parse,timestamp,gap,duration,constant,NaN/Inf",train
PPG_a1ac5cc896b1ff,HNU11089,HNU11089,7b8ccfc051204cf3b5f89e795bb2f1ff,watch,ppg,ppg-1785055270046-fc6cd3ce0452466a8faf985734a084b0.zip,Data/PPG/ppg-1785055270046-fc6cd3ce0452466a8faf985734a084b0.zip,2026/7/26 16:39,2026-07-26 16:39:00,100,raw counts,117.98,PPGLight/greenLight/infraredLight/redLight,ok,usable,,paired_exact_subject_id,d12_b61a7dac96eb72,exact HNU matches one d12 record,dcbfd7d845aa44c8916f3e1246cef2f7,e9ccb37ba6514cd08242f26c737843e1,1,11800,usable,,"parse,timestamp,gap,duration,constant,NaN/Inf",train
PPG_87dcd47f014875,HNU11094,HNU11094,3cb51e382d1545e0ae856b9714509e61,watch,ppg,ppg-1785135948784-5b01e054f4b649f782d966c8d892119c.zip,Data/PPG/ppg-1785135948784-5b01e054f4b649f782d966c8d892119c.zip,2026/7/27 15:03,2026-07-27 15:03:00,100,raw counts,118.894,PPGLight/greenLight/infraredLight/redLight,ok,review,obvious time gaps: 1,paired_exact_subject_id,d12_85274e7c560787,exact HNU matches one d12 record,dc906aa334f647079ffbe668d5293ab1,e9ccb37ba6514cd08242f26c737843e1,1,11660,review,obvious time gaps: 1,"parse,timestamp,gap,duration,constant,NaN/Inf",train
PPG_a6581d86dbe7d4,HNU11043,HNU11043,7656f0742bc24e5481bf34a1958adce9,watch,ppg,ppg-1784792923235-75bb0a1e67af415c8feb2dd2849da0ab.zip,Data/PPG/ppg-1784792923235-75bb0a1e67af415c8feb2dd2849da0ab.zip,2026/7/23 15:46,2026-07-23 15:46:00,100,raw counts,119.442,PPGLight/greenLight/infraredLight/redLight,ok,review,obvious time gaps: 1,paired_exact_subject_id,d12_ca2cde8608704b,exact HNU matches one d12 record,db0ad292741748608f853e71ac34abb6,d4cf9873428c45c385b0575241c093e2,1,11772,review,obvious time gaps: 1,"parse,timestamp,gap,duration,constant,NaN/Inf",train
PPG_b30b5576dc0f73,HNU11076,HNU11076,3b173a0cb89c465293197e46402b11b6,watch,ppg,ppg-1784972686894-5832ce8c4ae84e28af91d3546bea07d7.zip,Data/PPG/ppg-1784972686894-5832ce8c4ae84e28af91d3546bea07d7.zip,2026/7/25 17:43,2026-07-25 17:43:00,100,raw counts,82.497,PPGLight/greenLight/infraredLight/redLight,ok,review,duration 30-90 sec,paired_exact_subject_id,d12_1812635abce179,exact HNU matches one d12 record,d919a9f6b418470dbf57872695428d21,e9ccb37ba6514cd08242f26c737843e1,1,8250,review,duration 30-90 sec,"parse,timestamp,gap,duration,constant,NaN/Inf",validation
PPG_1c3746510a330e,HNU11064,HNU11064,412810b6bde7471391336c5331a36428,watch,ppg,ppg-1784878663968-c8735d07ae584296847de90238df1470.zip,Data/PPG/ppg-1784878663968-c8735d07ae584296847de90238df1470.zip,2026/7/24 15:35,2026-07-24 15:35:00,100,raw counts,118.015,PPGLight/greenLight/infraredLight/redLight,ok,usable,,paired_exact_subject_id,d12_1fc3b9df64cfb4,exact HNU matches one d12 record,d69beefa4157445d8e0261e21c2b6faf,d4cf9873428c45c385b0575241c093e2,1,11790,usable,,"parse,timestamp,gap,duration,constant,NaN/Inf",train
PPG_8bb0072c9d06f8,test,test,b1a00685856a4483a150b7c8bea621aa,watch,ppg,ppg-1785402227901-c07490f1f4e34e87aa1049aadf2bf21c.zip,Data/PPG/ppg-1785402227901-c07490f1f4e34e87aa1049aadf2bf21c.zip,2026/7/30 17:03,2026-07-30 17:03:00,100,raw counts,14.896,PPGLight/greenLight/infraredLight/redLight,ok,review,obvious time gaps: 1; duration <30 sec,review_missing_d12,,no d12 record with same HNU,d1a36ddbeb1941ff847a97afda68fe96,e9ccb37ba6514cd08242f26c737843e1,1,1310,review,obvious time gaps: 1; duration <30 sec,"parse,timestamp,gap,duration,constant,NaN/Inf",train
PPG_eb1d3d366e89e0,HNU11028,HNU11028,7302a0e31407480296ac5edf82c422b4,watch,ppg,ppg-1784708923235-b56665faa5d5464b87cc6b71e8623027.zip,Data/PPG/ppg-1784708923235-b56665faa5d5464b87cc6b71e8623027.zip,2026/7/22 16:26,2026-07-22 16:26:00,100,raw counts,118.004,PPGLight/greenLight/infraredLight/redLight,ok,usable,,paired_exact_subject_id,d12_e923c094e4d2bf,exact HNU matches one d12 record,cda03717ac4c475f897030994845c010,d4cf9873428c45c385b0575241c093e2,1,11800,usable,,"parse,timestamp,gap,duration,constant,NaN/Inf",train
PPG_87b2eea8c148f2,HNU11057,HNU11057,641fe7a862d94da1af59b63aec0ad77b,watch,ppg,ppg-1784860796904-df2cbb6379ec47d4a0378c28e914c2d7.zip,Data/PPG/ppg-1784860796904-df2cbb6379ec47d4a0378c28e914c2d7.zip,2026/7/24 10:37,2026-07-24 10:37:00,100,raw counts,117.814,PPGLight/greenLight/infraredLight/redLight,ok,usable,,paired_exact_subject_id,d12_d3ed2c2e979994,exact HNU matches one d12 record,c8cd42e8435e4345a609ac3a7f832dd2,d4cf9873428c45c385b0575241c093e2,1,11780,usable,,"parse,timestamp,gap,duration,constant,NaN/Inf",validation
PPG_402174baa19fbd,HNU11080,HNU11080,c08d7b7ae4844f96adc6874b586c78fd,watch,ppg,ppg-1785046651578-17ca287af3d04fccbb48b4cd9b9ffe87.zip,Data/PPG/ppg-1785046651578-17ca287af3d04fccbb48b4cd9b9ffe87.zip,2026/7/26 14:15,2026-07-26 14:15:00,100,raw counts,117.873,PPGLight/greenLight/infraredLight/redLight,ok,usable,,paired_exact_subject_id,d12_534a58127d2afc,exact HNU matches one d12 record,c55793440a574a6f9e785bedb79f66d5,e9ccb37ba6514cd08242f26c737843e1,1,11790,usable,,"parse,timestamp,gap,duration,constant,NaN/Inf",train
PPG_19b2f9daf2ffdc,HNU11087,HNU11087,ef9ec00306624b4ca431692cf4cf83ad,watch,ppg,ppg-1785053470384-cdb7acf576b44228b03d2edac741928a.zip,Data/PPG/ppg-1785053470384-cdb7acf576b44228b03d2edac741928a.zip,2026/7/26 16:09,2026-07-26 16:09:00,100,raw counts,117.278,PPGLight/greenLight/infraredLight/redLight,ok,usable,,paired_exact_subject_id,d12_145af1ec7842b7,exact HNU matches one d12 record,bd67bdc33fb84ea6abbbd36910021158,e9ccb37ba6514cd08242f26c737843e1,1,11730,usable,,"parse,timestamp,gap,duration,constant,NaN/Inf",train
PPG_14438a7fcbd27e,HNU11053,HNU11053,2b75f7da5c3b4fb3b06814c893906c51,watch,ppg,ppg-1784859583187-6d0b1faae68547f799ae8dc3704a0f89.zip,Data/PPG/ppg-1784859583187-6d0b1faae68547f799ae8dc3704a0f89.zip,2026/7/24 10:17,2026-07-24 10:17:00,100,raw counts,116.11,PPGLight/greenLight/infraredLight/redLight,ok,usable,,paired_exact_subject_id,d12_b10757ed8a53eb,exact HNU matches one d12 record,b7c60998809447a399c35f21c6ee76fa,d4cf9873428c45c385b0575241c093e2,1,11520,usable,,"parse,timestamp,gap,duration,constant,NaN/Inf",train
PPG_285f6313fd9d0a,HNU11005,HNU11005,f724e059e6e341e89982a30c1600ebe6,watch,ppg,ppg-1784634032152-ebef6684f04944cba8541f44b4e2e897.zip,Data/PPG/ppg-1784634032152-ebef6684f04944cba8541f44b4e2e897.zip,2026/7/21 19:15,2026-07-21 19:15:00,100,raw counts,117.601,PPGLight/greenLight/infraredLight/redLight,ok,usable,,paired_exact_subject_id,d12_1e5211198ea573,exact HNU matches one d12 record,b357626b07b64a07bcdbfa61427012f8,d4cf9873428c45c385b0575241c093e2,1,11760,usable,,"parse,timestamp,gap,duration,constant,NaN/Inf",train
PPG_9b526addf0d796,HNU11100,HNU11100,b0cb4183a6f34f0c94c8b37b7336a5cd,watch,ppg,ppg-1785221910209-0194b7a40c284dafa8466112ed0c32e9.zip,Data/PPG/ppg-1785221910209-0194b7a40c284dafa8466112ed0c32e9.zip,2026/7/28 14:56,2026-07-28 14:56:00,100,raw counts,103.398,PPGLight/greenLight/infraredLight/redLight,ok,usable,,paired_exact_subject_id,d12_e56509d8b6860d,exact HNU matches one d12 record,b32ba537b4d04cc894c695d055868432,e9ccb37ba6514cd08242f26c737843e1,1,10340,usable,,"parse,timestamp,gap,duration,constant,NaN/Inf",train
PPG_c4928f85b4aa38,HNU11101,HNU11101,8314dbb9dbd649e19be8cf0765708c72,watch,ppg,ppg-1785229210153-e48b0539b17d4436b80454e1f9b58fd7.zip,Data/PPG/ppg-1785229210153-e48b0539b17d4436b80454e1f9b58fd7.zip,2026/7/28 16:58,2026-07-28 16:58:00,100,raw counts,118.901,PPGLight/greenLight/infraredLight/redLight,ok,review,obvious time gaps: 1,paired_exact_subject_id,d12_1ec9cee338b2b9,exact HNU matches one d12 record,b2edbe98d6094374bb1990d0b2c76dfd,e9ccb37ba6514cd08242f26c737843e1,1,11660,review,obvious time gaps: 1,"parse,timestamp,gap,duration,constant,NaN/Inf",train
PPG_53961402341644,HNU11044,HNU11044,89a0595d00954181a4cbc7cd93a509e0,watch,ppg,ppg-1784793166405-f9f46df8929f4a0ab0ba26721bb1b919.zip,Data/PPG/ppg-1784793166405-f9f46df8929f4a0ab0ba26721bb1b919.zip,2026/7/23 15:50,2026-07-23 15:50:00,100,raw counts,119.76,PPGLight/greenLight/infraredLight/redLight,ok,review,obvious time gaps: 1,paired_exact_subject_id,d12_c71f3cfe4e6257,exact HNU matches one d12 record,aeaca96267b54fa78d8d54981487ff09,d4cf9873428c45c385b0575241c093e2,1,11760,review,obvious time gaps: 1,"parse,timestamp,gap,duration,constant,NaN/Inf",train
PPG_cab2edf165257d,HNU11083,HNU11083,1783cb0a836d4a56b72e4ee0ec52efc0,watch,ppg,ppg-1785050717797-58d5afdaddcf4a3ea50e9d55bed66ad1.zip,Data/PPG/ppg-1785050717797-58d5afdaddcf4a3ea50e9d55bed66ad1.zip,2026/7/26 15:23,2026-07-26 15:23:00,100,raw counts,117.475,PPGLight/greenLight/infraredLight/redLight,ok,usable,,paired_exact_subject_id,d12_d5b7f6a47c40b0,exact HNU matches one d12 record,ab00174bb73140f9972eec0a89b0c092,e9ccb37ba6514cd08242f26c737843e1,1,11750,usable,,"parse,timestamp,gap,duration,constant,NaN/Inf",train
PPG_5045cc290f9b6e,HNU11008,HNU11008,fb5b28902009488186826d4e65c90396,watch,ppg,ppg-1784635036938-f8565d8927104d90a6695b71ff84f620.zip,Data/PPG/ppg-1784635036938-f8565d8927104d90a6695b71ff84f620.zip,2026/7/21 19:55,2026-07-21 19:55:00,100,raw counts,117.811,PPGLight/greenLight/infraredLight/redLight,ok,usable,,paired_exact_subject_id,d12_dce8245c318ba3,exact HNU matches one d12 record,a9b693b698734115b26f61a7287eaa42,d4cf9873428c45c385b0575241c093e2,1,11780,usable,,"parse,timestamp,gap,duration,constant,NaN/Inf",validation
PPG_721db2390e20a5,HNU11040,HNU11040,7052abfaebc9464aa193278d6c10dcc6,watch,ppg,ppg-1784791056423-890b3c62e3874251bb2eee9a13ece252.zip,Data/PPG/ppg-1784791056423-890b3c62e3874251bb2eee9a13ece252.zip,2026/7/23 15:15,2026-07-23 15:15:00,100,raw counts,117.6,PPGLight/greenLight/infraredLight/redLight,ok,usable,,paired_exact_subject_id,d12_703999f5a3bc26,exact HNU matches one d12 record,a86a3f5884884b60a0d49fd0e142efdc,d4cf9873428c45c385b0575241c093e2,1,11760,usable,,"parse,timestamp,gap,duration,constant,NaN/Inf",train
PPG_6f635fbc0e19e8,HNU11069,HNU11069,9ec418e3269a40269888ded45292b717,watch,ppg,ppg-1784964158552-9cf61a68c9e54efbbcd6dd53df84c391.zip,Data/PPG/ppg-1784964158552-9cf61a68c9e54efbbcd6dd53df84c391.zip,2026/7/25 15:20,2026-07-25 15:20:00,100,raw counts,116.51,PPGLight/greenLight/infraredLight/redLight,ok,usable,,paired_exact_subject_id,d12_85fed2117c26e0,exact HNU matches one d12 record,9aa4642bd30140e3a8b82258670706f4,d4cf9873428c45c385b0575241c093e2,1,11650,usable,,"parse,timestamp,gap,duration,constant,NaN/Inf",train
PPG_76202d8194bf91,HNU11065,HNU11065,8f2f295209c743a8a80de9a624733521,watch,ppg,ppg-1784879982008-1fd948b6bfb04b8f9b9a20f46a0a83f5.zip,Data/PPG/ppg-1784879982008-1fd948b6bfb04b8f9b9a20f46a0a83f5.zip,2026/7/24 15:57,2026-07-24 15:57:00,100,raw counts,117.713,PPGLight/greenLight/infraredLight/redLight,ok,usable,,paired_exact_subject_id,d12_0a5d33eea70d46,exact HNU matches one d12 record,96cb569f1cd34840976668e3535aa072,d4cf9873428c45c385b0575241c093e2,1,11770,usable,,"parse,timestamp,gap,duration,constant,NaN/Inf",train
PPG_646844014971f6,7DE,7DE,dfad1cad07104ab0a2e41c9b81dafdf2,watch,ppg,ppg-1784271169602-f1a3914df4cc4ce48af268aa5c06eb76.zip,Data/PPG/ppg-1784271169602-f1a3914df4cc4ce48af268aa5c06eb76.zip,2026/7/17 14:50,2026-07-17 14:50:00,100,raw counts,119.163,PPGLight/greenLight/infraredLight/redLight,ok,review,obvious time gaps: 1,review_missing_d12,,no d12 record with same HNU,922568f58e214601bcf5bee9edf75904,d4cf9873428c45c385b0575241c093e2,1,11610,review,obvious time gaps: 1,"parse,timestamp,gap,duration,constant,NaN/Inf",train
PPG_41efeb7a63cb3e,HNU11086,HNU11086,9a3c3c309efe475888215051ea396a72,watch,ppg,ppg-1785053013267-644679f23990451e8b4f79e0e7461e80.zip,Data/PPG/ppg-1785053013267-644679f23990451e8b4f79e0e7461e80.zip,2026/7/26 16:01,2026-07-26 16:01:00,100,raw counts,117.775,PPGLight/greenLight/infraredLight/redLight,ok,usable,,paired_exact_subject_id,d12_a27f81682d6d56,exact HNU matches one d12 record,92073811a12e4b98ad23c1c0b0b8f0a6,e9ccb37ba6514cd08242f26c737843e1,1,11780,usable,,"parse,timestamp,gap,duration,constant,NaN/Inf",train
PPG_ec0184605a0a5a,HNU11054,HNU11054,e6c8b93b483c4dd0b18c728b5a29df2f,watch,ppg,ppg-1784859850722-0aa0c4aeec5b46f1bb9342c82f7df79e.zip,Data/PPG/ppg-1784859850722-0aa0c4aeec5b46f1bb9342c82f7df79e.zip,2026/7/24 10:22,2026-07-24 10:22:00,100,raw counts,117.509,PPGLight/greenLight/infraredLight/redLight,ok,review,obvious time gaps: 1,paired_exact_subject_id,d12_3fdafd49fbef07,exact HNU matches one d12 record,8cd5b7e7a89e46a2bda2ee6af2b557e1,d4cf9873428c45c385b0575241c093e2,1,11540,review,obvious time gaps: 1,"parse,timestamp,gap,duration,constant,NaN/Inf",validation
PPG_541399e238b614,HNU11077,HNU11077,b45e0bb8459c4bf28fb126bead140831,watch,ppg,ppg-1784972955646-ed30095b17eb49c4a990c4eac31a5528.zip,Data/PPG/ppg-1784972955646-ed30095b17eb49c4a990c4eac31a5528.zip,2026/7/25 17:48,2026-07-25 17:48:00,100,raw counts,16.992,PPGLight/greenLight/infraredLight/redLight,ok,review,duration <30 sec,paired_exact_subject_id,d12_beca710ccb8308,exact HNU matches one d12 record,8b2491d2eefe405d88d5a9b382a8a20f,e9ccb37ba6514cd08242f26c737843e1,1,1700,review,duration <30 sec,"parse,timestamp,gap,duration,constant,NaN/Inf",train
PPG_2b6cf533bc26f0,HNU11037,HNU11037,0f259d9ff9534c32a7f7f2b8848efed1,watch,ppg,ppg-1784777706696-81e261a043a24c74854085c85a4142ac.zip,Data/PPG/ppg-1784777706696-81e261a043a24c74854085c85a4142ac.zip,2026/7/23 11:33,2026-07-23 11:33:00,100,raw counts,117.311,PPGLight/greenLight/infraredLight/redLight,ok,usable,,paired_exact_subject_id,d12_d219e0485a541a,exact HNU matches one d12 record,8960379f53914d408064dfdc67816433,d4cf9873428c45c385b0575241c093e2,1,11720,usable,,"parse,timestamp,gap,duration,constant,NaN/Inf",train
PPG_c91a4c671ae765,HNU11025,HNU11025,ec04cf39b1264ef4a3a72f2ba3787016,watch,ppg,ppg-1784706978359-26b2fa4f24a7487ba30cec37aa0c8586.zip,Data/PPG/ppg-1784706978359-26b2fa4f24a7487ba30cec37aa0c8586.zip,2026/7/22 15:54,2026-07-22 15:54:00,100,raw counts,116.002,PPGLight/greenLight/infraredLight/redLight,ok,usable,,paired_exact_subject_id,d12_5dffcd05ef1104,exact HNU matches one d12 record,88f59113cbc14fca93686295cdbe6917,d4cf9873428c45c385b0575241c093e2,1,11600,usable,,"parse,timestamp,gap,duration,constant,NaN/Inf",validation
PPG_7cb1f8bf543ba6,HNU11075,HNU11075,2d375ea08ac04f38b68151f7f64293d1,watch,ppg,ppg-1784970274594-761e69fed7e342aba4623a8993900ec0.zip,Data/PPG/ppg-1784970274594-761e69fed7e342aba4623a8993900ec0.zip,2026/7/25 17:02,2026-07-25 17:02:00,100,raw counts,117.803,PPGLight/greenLight/infraredLight/redLight,ok,usable,,paired_exact_subject_id,d12_b10d007b238f24,exact HNU matches one d12 record,88e3890645ac40c0abc8769cb6db8418,e9ccb37ba6514cd08242f26c737843e1,1,11780,usable,,"parse,timestamp,gap,duration,constant,NaN/Inf",train
PPG_83a78f9422c380,HNU11099,HNU11099,7ff638cb60594674868ae28494343f8a,watch,ppg,ppg-1785204718701-6e97aed05a5a4c58b0f56d0305ea9a56.zip,Data/PPG/ppg-1785204718701-6e97aed05a5a4c58b0f56d0305ea9a56.zip,2026/7/28 10:09,2026-07-28 10:09:00,100,raw counts,116.298,PPGLight/greenLight/infraredLight/redLight,ok,usable,,paired_exact_subject_id,d12_97423ca24d9abb,exact HNU matches one d12 record,858f649b572442588b2f6dddaf12ebc6,e9ccb37ba6514cd08242f26c737843e1,1,11630,usable,,"parse,timestamp,gap,duration,constant,NaN/Inf",validation
PPG_e79dc1fca9b351,HNU11007,HNU11007,68732538afcc49f8b5ff39f7280c7df8,watch,ppg,ppg-1784634104525-8020fce744f54bcfa3aa73d66e209ef6.zip,Data/PPG/ppg-1784634104525-8020fce744f54bcfa3aa73d66e209ef6.zip,2026/7/21 19:36,2026-07-21 19:36:00,100,raw counts,6.391,PPGLight/greenLight/infraredLight/redLight,ok,review,duration <30 sec,paired_exact_subject_id,d12_05cc77f8a61e6e,exact HNU matches one d12 record,82e7e78e9c454a1b920c57c01f19e4d8,d4cf9873428c45c385b0575241c093e2,1,640,review,duration <30 sec,"parse,timestamp,gap,duration,constant,NaN/Inf",train
PPG_c10847de4b6776,HNU11014,HNU11014,f582d5d21d8c4902b776156ddedf21b7,watch,ppg,ppg-1784687333367-e557ce55aa2d46a29e7891e25d73c912.zip,Data/PPG/ppg-1784687333367-e557ce55aa2d46a29e7891e25d73c912.zip,2026/7/22 10:26,2026-07-22 10:26:00,100,raw counts,118.01,PPGLight/greenLight/infraredLight/redLight,ok,usable,,paired_exact_subject_id,d12_b9e3e1526f5aac,exact HNU matches one d12 record,820ad50e593e4f049834cd3744226957,d4cf9873428c45c385b0575241c093e2,1,11780,usable,,"parse,timestamp,gap,duration,constant,NaN/Inf",validation
PPG_3970aef811052a,HNU11038,HNU11038,414e3df747394d7b82b42b7cdf8cefb6,watch,ppg,ppg-1784790486049-98afd16f27864f488382c6c06ec1d02f.zip,Data/PPG/ppg-1784790486049-98afd16f27864f488382c6c06ec1d02f.zip,2026/7/23 15:06,2026-07-23 15:06:00,100,raw counts,117.991,PPGLight/greenLight/infraredLight/redLight,ok,usable,,paired_exact_subject_id,d12_71c9ff8708e535,exact HNU matches one d12 record,802785e5f5ab43c7abbc3849ae2cb14e,d4cf9873428c45c385b0575241c093e2,1,11800,usable,,"parse,timestamp,gap,duration,constant,NaN/Inf",train
PPG_1ce3229c88be43,HNU11007,HNU11007,ef42c287300048dab338756e1d699517,watch,ppg,ppg-1784634347181-57eb0c1a58764dc78afe199e1ee22e3d.zip,Data/PPG/ppg-1784634347181-57eb0c1a58764dc78afe199e1ee22e3d.zip,2026/7/21 19:43,2026-07-21 19:43:00,100,raw counts,116.304,PPGLight/greenLight/infraredLight/redLight,ok,usable,,paired_exact_subject_id,d12_05cc77f8a61e6e,exact HNU matches one d12 record,7ef2c10a0c5144fa87dc4cfcb05d77f6,d4cf9873428c45c385b0575241c093e2,1,11630,usable,,"parse,timestamp,gap,duration,constant,NaN/Inf",train
PPG_6e5269f241b3ee,HNU11078,HNU11078,5ae92f12c9414fbb886b2ad3fe7fd876,watch,ppg,ppg-1784973416792-e8783b9363b24434a79e8412b644dd91.zip,Data/PPG/ppg-1784973416792-e8783b9363b24434a79e8412b644dd91.zip,2026/7/25 17:54,2026-07-25 17:54:00,100,raw counts,118.003,PPGLight/greenLight/infraredLight/redLight,ok,usable,,paired_exact_subject_id,d12_8b162c7eb65881,exact HNU matches one d12 record,7d3e46accf3a4fc2b4f360fb09b1b2d9,e9ccb37ba6514cd08242f26c737843e1,1,11790,usable,,"parse,timestamp,gap,duration,constant,NaN/Inf",train
PPG_099c27119dafd3,HNU11002,HNU11002,6f9f333097484f86a12537f3db4ecddf,watch,ppg,ppg-1784624347170-b7031188a88245298f87290528c15150.zip,Data/PPG/ppg-1784624347170-b7031188a88245298f87290528c15150.zip,2026/7/21 16:57,2026-07-21 16:57:00,100,raw counts,118.003,PPGLight/greenLight/infraredLight/redLight,ok,usable,,paired_exact_subject_id,d12_0100000d4f7822,exact HNU matches one d12 record,7b11c940f56a4ddea178d1525c54e3c8,d4cf9873428c45c385b0575241c093e2,1,11800,usable,,"parse,timestamp,gap,duration,constant,NaN/Inf",train
PPG_c078698e18093e,HNU11066,HNU11066,32b323c7c80041eaaf5978a42cae4a0b,watch,ppg,ppg-1784882510331-f34b84bd6f2d433f80651f211a71f46c.zip,Data/PPG/ppg-1784882510331-f34b84bd6f2d433f80651f211a71f46c.zip,2026/7/24 16:39,2026-07-24 16:39:00,100,raw counts,119.595,PPGLight/greenLight/infraredLight/redLight,ok,review,obvious time gaps: 1,paired_exact_subject_id,d12_978f53a6bbc1a2,exact HNU matches one d12 record,7a072f9193d144cc9528e23813c5a6f0,d4cf9873428c45c385b0575241c093e2,1,11785,review,obvious time gaps: 1,"parse,timestamp,gap,duration,constant,NaN/Inf",train
PPG_381bf94d9ef50e,HNU11095,HNU11095,3475c61d0a2d4410ae39e547138cb28f,watch,ppg,ppg-1785136273266-4301e736cd9649b6b134fc261ee3c2c2.zip,Data/PPG/ppg-1785136273266-4301e736cd9649b6b134fc261ee3c2c2.zip,2026/7/27 15:09,2026-07-27 15:09:00,100,raw counts,119.298,PPGLight/greenLight/infraredLight/redLight,ok,review,obvious time gaps: 1,paired_exact_subject_id,d12_a8861d947ae5c3,exact HNU matches one d12 record,7865a0cc4c464cf5b56eecf7a2363df4,e9ccb37ba6514cd08242f26c737843e1,1,11690,review,obvious time gaps: 1,"parse,timestamp,gap,duration,constant,NaN/Inf",train
PPG_fc5114dedb896a,HNU11068,HNU11068,5a076a4ba8124ee885581a3a263a1ea6,watch,ppg,ppg-1784963432389-757ce08440eb4aad8f5db7d3cafc14fd.zip,Data/PPG/ppg-1784963432389-757ce08440eb4aad8f5db7d3cafc14fd.zip,2026/7/25 15:08,2026-07-25 15:08:00,100,raw counts,117.905,PPGLight/greenLight/infraredLight/redLight,ok,usable,,paired_exact_subject_id,d12_8a906d4da7a608,exact HNU matches one d12 record,7707f010a18549c1a0d128c3bd414b28,d4cf9873428c45c385b0575241c093e2,1,11700,usable,,"parse,timestamp,gap,duration,constant,NaN/Inf",validation
PPG_da6e9b4bf056b2,HNU11070,HNU11070,e098d83c3e114b4b9114275c8a32b9ec,watch,ppg,ppg-1784965905472-a7decb3649b348b3a0a50f9bf16ba98d.zip,Data/PPG/ppg-1784965905472-a7decb3649b348b3a0a50f9bf16ba98d.zip,2026/7/25 15:49,2026-07-25 15:49:00,100,raw counts,116.106,PPGLight/greenLight/infraredLight/redLight,ok,usable,,paired_exact_subject_id,d12_f1d86b19035156,exact HNU matches one d12 record,759d78aefc0d4a7aba5cc8d1215f2e16,e9ccb37ba6514cd08242f26c737843e1,1,11610,usable,,"parse,timestamp,gap,duration,constant,NaN/Inf",validation
PPG_9d767c07a95d1a,HNU11068,HNU11068,4d3c33d5f4ef475e95a76c3f6756c2c0,watch,ppg,ppg-1784963687772-936544ed85b944a9b227a407736e7a6a.zip,Data/PPG/ppg-1784963687772-936544ed85b944a9b227a407736e7a6a.zip,2026/7/25 15:12,2026-07-25 15:12:00,100,raw counts,117.907,PPGLight/greenLight/infraredLight/redLight,ok,usable,,paired_exact_subject_id,d12_8a906d4da7a608,exact HNU matches one d12 record,741d90dea0f34369bb48fe15edacfc5d,d4cf9873428c45c385b0575241c093e2,1,11790,usable,,"parse,timestamp,gap,duration,constant,NaN/Inf",validation
PPG_b70507f10c3fb0,HNU11050,HNU11050,74dd2630e49545ec864ec11fd248e3b5,watch,ppg,ppg-1784795979805-bb8db017c87649aca3cfa355cda8e1f3.zip,Data/PPG/ppg-1784795979805-bb8db017c87649aca3cfa355cda8e1f3.zip,2026/7/23 16:37,2026-07-23 16:37:00,100,raw counts,116.288,PPGLight/greenLight/infraredLight/redLight,ok,usable,,paired_exact_subject_id,d12_f8cef52f655b7d,exact HNU matches one d12 record,72cc867180374719bea549c3a4823c2e,d4cf9873428c45c385b0575241c093e2,1,11630,usable,,"parse,timestamp,gap,duration,constant,NaN/Inf",train
PPG_4b665430c7a56e,HNU11034,HNU11034,628fce65f0b444a38813ae1beb8f4c1c,watch,ppg,ppg-1784775846809-c846f594f4f3425db4b8dfcef4b38c8e.zip,Data/PPG/ppg-1784775846809-c846f594f4f3425db4b8dfcef4b38c8e.zip,2026/7/23 11:02,2026-07-23 11:02:00,100,raw counts,116.408,PPGLight/greenLight/infraredLight/redLight,ok,usable,,paired_exact_subject_id,d12_6dbd2e6358a534,exact HNU matches one d12 record,70e1c515cdf949b7aaafe7cd3c81f5ba,d4cf9873428c45c385b0575241c093e2,1,11640,usable,,"parse,timestamp,gap,duration,constant,NaN/Inf",train
PPG_70b7fdb8acaa3c,HNU11022,HNU11022,3dd3343b6f274bcb8b119fde10f1dea8,watch,ppg,ppg-1784719571059-638b2227d5a74fe69c8c564fed5f9fcd.zip,Data/PPG/ppg-1784719571059-638b2227d5a74fe69c8c564fed5f9fcd.zip,2026/7/22 19:24,2026-07-22 19:24:00,100,raw counts,117.703,PPGLight/greenLight/infraredLight/redLight,ok,usable,,paired_exact_subject_id,d12_73b74af6caf256,exact HNU matches one d12 record,707c0b43b974409cbcc95654499b8e89,d4cf9873428c45c385b0575241c093e2,1,11770,usable,,"parse,timestamp,gap,duration,constant,NaN/Inf",train
PPG_dcc706c3725725,HNU11012,HNU11012,c74e978864b14da582b723a710dfbb2e,watch,ppg,ppg-1784686517935-884d88066f724f9daab743274435d535.zip,Data/PPG/ppg-1784686517935-884d88066f724f9daab743274435d535.zip,2026/7/22 10:13,2026-07-22 10:13:00,100,raw counts,119.836,PPGLight/greenLight/infraredLight/redLight,ok,review,obvious time gaps: 1,paired_exact_subject_id,d12_79bb71da1f76e9,exact HNU matches one d12 record,704f4a7585434e7bb3883f6de24fa17e,d4cf9873428c45c385b0575241c093e2,1,11805,review,obvious time gaps: 1,"parse,timestamp,gap,duration,constant,NaN/Inf",train
PPG_8401c2de70d6ac,HNU11023,HNU11023,f535ef347e884d1c9a98b2567dfa8c8c,watch,ppg,ppg-1784704076864-133fff7cd521482cbdf1a4ffc32f89f8.zip,Data/PPG/ppg-1784704076864-133fff7cd521482cbdf1a4ffc32f89f8.zip,2026/7/22 15:05,2026-07-22 15:05:00,100,raw counts,118,PPGLight/greenLight/infraredLight/redLight,ok,usable,,paired_exact_subject_id,d12_79923f75fb4746,exact HNU matches one d12 record,6ff36820e81843f494c6ce3ee0b5240c,d4cf9873428c45c385b0575241c093e2,1,11800,usable,,"parse,timestamp,gap,duration,constant,NaN/Inf",train
PPG_0eb4958b38d2b9,HNU11074,HNU11074,950babf63a6545479b0995ddb023064d,watch,ppg,ppg-1784969541091-a54c6d9e519f42499914993053f4e727.zip,Data/PPG/ppg-1784969541091-a54c6d9e519f42499914993053f4e727.zip,2026/7/25 16:50,2026-07-25 16:50:00,100,raw counts,118.007,PPGLight/greenLight/infraredLight/redLight,ok,usable,,paired_exact_subject_id,d12_159efea54a4622,exact HNU matches one d12 record,6bc5d7aca31441e6ab042bc9caaaf13a,e9ccb37ba6514cd08242f26c737843e1,1,11790,usable,,"parse,timestamp,gap,duration,constant,NaN/Inf",train
PPG_e5b9a387190914,HNU11020,HNU11020,b621cd6871584d55abf398dda2187a20,watch,ppg,ppg-1784690419705-9ae26245ad8a41cfbad1d716b89e871f.zip,Data/PPG/ppg-1784690419705-9ae26245ad8a41cfbad1d716b89e871f.zip,2026/7/22 11:18,2026-07-22 11:18:00,100,raw counts,116.205,PPGLight/greenLight/infraredLight/redLight,ok,usable,,paired_exact_subject_id,d12_9896b26fa933ef,exact HNU matches one d12 record,6754548e60844eaab2261941f7128bdf,d4cf9873428c45c385b0575241c093e2,1,11620,usable,,"parse,timestamp,gap,duration,constant,NaN/Inf",train
PPG_6cab61d8cbe255,HNU11100,HNU11100,bd2cd42a89b547f6b9b5b8cf0dd579ab,watch,ppg,ppg-1785222070576-a34850892ea74b0eab6d5d43ae9078a4.zip,Data/PPG/ppg-1785222070576-a34850892ea74b0eab6d5d43ae9078a4.zip,2026/7/28 14:59,2026-07-28 14:59:00,100,raw counts,115.803,PPGLight/greenLight/infraredLight/redLight,ok,usable,,paired_exact_subject_id,d12_e56509d8b6860d,exact HNU matches one d12 record,648a6f53f5724ae2a7b1d415ad9ae2ab,e9ccb37ba6514cd08242f26c737843e1,1,11580,usable,,"parse,timestamp,gap,duration,constant,NaN/Inf",train
PPG_ad96f5ab432206,HNU11056,HNU11056,9ab8872dc144454c928058ce1c63e1d6,watch,ppg,ppg-1784860510514-2b94b93a153943d4b2af8ca3e283c8f7.zip,Data/PPG/ppg-1784860510514-2b94b93a153943d4b2af8ca3e283c8f7.zip,2026/7/24 10:33,2026-07-24 10:33:00,100,raw counts,119.091,PPGLight/greenLight/infraredLight/redLight,ok,review,obvious time gaps: 1,paired_exact_subject_id,d12_4f0618718eae4a,exact HNU matches one d12 record,59682b9491c443919ca9aca6110d3135,d4cf9873428c45c385b0575241c093e2,1,11725,review,obvious time gaps: 1,"parse,timestamp,gap,duration,constant,NaN/Inf",train
PPG_99bc3a057fc90b,HNU11063,HNU11063,bad270010fdb4f3d8a22a22906aa22e2,watch,ppg,ppg-1784878403402-8078d3678b954bb9a1a4b9649cac21f5.zip,Data/PPG/ppg-1784878403402-8078d3678b954bb9a1a4b9649cac21f5.zip,2026/7/24 15:31,2026-07-24 15:31:00,100,raw counts,119.532,PPGLight/greenLight/infraredLight/redLight,ok,review,obvious time gaps: 1,paired_exact_subject_id,d12_076ea5daed5473,exact HNU matches one d12 record,57908bff896844e6a63227e987aefcc2,d4cf9873428c45c385b0575241c093e2,1,11775,review,obvious time gaps: 1,"parse,timestamp,gap,duration,constant,NaN/Inf",train
PPG_733a6c2e9233d6,HNU11077,HNU11077,f24b84e29a554d67afc1c796f2428b9a,watch,ppg,ppg-1784972925909-972a6cc18bbf4a2c8438aaacfe0c143b.zip,Data/PPG/ppg-1784972925909-972a6cc18bbf4a2c8438aaacfe0c143b.zip,2026/7/25 17:48,2026-07-25 17:48:00,100,raw counts,14.491,PPGLight/greenLight/infraredLight/redLight,ok,review,duration <30 sec,paired_exact_subject_id,d12_beca710ccb8308,exact HNU matches one d12 record,56eee5f70a2c47088de7a7fc8b19e76a,e9ccb37ba6514cd08242f26c737843e1,1,1450,review,duration <30 sec,"parse,timestamp,gap,duration,constant,NaN/Inf",train
PPG_1b3ad86910d3ba,HNU11032,HNU11032,b94245c5e0b04d1483cd6232e0f22115,watch,ppg,ppg-1784774492543-fc75ea1c8f0449e8bdc39e8be98bc3ad.zip,Data/PPG/ppg-1784774492543-fc75ea1c8f0449e8bdc39e8be98bc3ad.zip,2026/7/23 10:39,2026-07-23 10:39:00,100,raw counts,118.004,PPGLight/greenLight/infraredLight/redLight,ok,usable,,paired_exact_subject_id,d12_d462736bb9ae39,exact HNU matches one d12 record,52f2710ff425448aa6a45f06d012cfd3,d4cf9873428c45c385b0575241c093e2,1,11800,usable,,"parse,timestamp,gap,duration,constant,NaN/Inf",train
PPG_0b70f1c76025b0,HNU11031,HNU11031,c141cc18996b43738c8be7dfe0dc3b17,watch,ppg,ppg-1784772872498-a29bff9433aa451d9df9ccd538f3b3d0.zip,Data/PPG/ppg-1784772872498-a29bff9433aa451d9df9ccd538f3b3d0.zip,2026/7/23 10:12,2026-07-23 10:12:00,100,raw counts,117.616,PPGLight/greenLight/infraredLight/redLight,ok,usable,,paired_exact_subject_id,d12_74c7084de676e5,exact HNU matches one d12 record,5177282a84804e5bbd5931973f96998c,d4cf9873428c45c385b0575241c093e2,1,11760,usable,,"parse,timestamp,gap,duration,constant,NaN/Inf",validation
PPG_6c90bd4a8f4b3e,HNU11090,HNU11090,74065fa62bf24c88a59d810b53c1b4a5,watch,ppg,ppg-1785055676850-2c89cf3661954857b504b8ee293b0fa4.zip,Data/PPG/ppg-1785055676850-2c89cf3661954857b504b8ee293b0fa4.zip,2026/7/26 16:45,2026-07-26 16:45:00,100,raw counts,117.078,PPGLight/greenLight/infraredLight/redLight,ok,usable,,paired_exact_subject_id,d12_0c5d2279cd0d26,exact HNU matches one d12 record,508f4ba5da68484789954d3608466435,e9ccb37ba6514cd08242f26c737843e1,1,11710,usable,,"parse,timestamp,gap,duration,constant,NaN/Inf",train
PPG_15e54a524bdc64,HNU11042,HNU11042,f24b81931f2d4a12843849dc195954ee,watch,ppg,ppg-1784792249226-c9684864cb71402f96ca9034628119e7.zip,Data/PPG/ppg-1784792249226-c9684864cb71402f96ca9034628119e7.zip,2026/7/23 15:35,2026-07-23 15:35:00,100,raw counts,117.896,PPGLight/greenLight/infraredLight/redLight,ok,usable,,paired_exact_subject_id,d12_ee67333557b702,exact HNU matches one d12 record,501f21a697d84cea80ff7feebad7e875,d4cf9873428c45c385b0575241c093e2,1,11790,usable,,"parse,timestamp,gap,duration,constant,NaN/Inf",train
PPG_d7f17f44568c2a,HNU11051,HNU11051,811b7066e3784f49a6f22364e806fcd4,watch,ppg,ppg-1784800077396-0c9103ae2e7c4a00b85015c0823fea75.zip,Data/PPG/ppg-1784800077396-0c9103ae2e7c4a00b85015c0823fea75.zip,2026/7/23 17:45,2026-07-23 17:45:00,100,raw counts,119.721,PPGLight/greenLight/infraredLight/redLight,ok,review,obvious time gaps: 1,paired_exact_subject_id,d12_bcbd97e6a622b0,exact HNU matches one d12 record,50182920526243c38b7b79a769d2c5b4,d4cf9873428c45c385b0575241c093e2,1,11555,review,obvious time gaps: 1,"parse,timestamp,gap,duration,constant,NaN/Inf",validation
PPG_39c0fbe0ce6350,HNU11019,HNU11019,8d379d57e06b4948abef293d409041b3,watch,ppg,ppg-1784688902450-397bf3f456cf42b1808bf8b202666771.zip,Data/PPG/ppg-1784688902450-397bf3f456cf42b1808bf8b202666771.zip,2026/7/22 10:53,2026-07-22 10:53:00,100,raw counts,117.91,PPGLight/greenLight/infraredLight/redLight,ok,usable,,paired_exact_subject_id,d12_6f66e0bce170ec,exact HNU matches one d12 record,4fb7aee31fdb4d6689e800f6971b8629,d4cf9873428c45c385b0575241c093e2,1,11790,usable,,"parse,timestamp,gap,duration,constant,NaN/Inf",train
PPG_b2f1104188f5f3,HNU11058,HNU11058,fe10166ca6a44ee4a0e6e70dc290cd48,watch,ppg,ppg-1784861078209-b30374989bc248c6a2385d1e7157ca44.zip,Data/PPG/ppg-1784861078209-b30374989bc248c6a2385d1e7157ca44.zip,2026/7/24 10:42,2026-07-24 10:42:00,100,raw counts,119.717,PPGLight/greenLight/infraredLight/redLight,ok,review,obvious time gaps: 1,paired_exact_subject_id,d12_4320ee1a2247cf,exact HNU matches one d12 record,4f7afc3d069a476cb65b34b01ed2a35d,d4cf9873428c45c385b0575241c093e2,1,11810,review,obvious time gaps: 1,"parse,timestamp,gap,duration,constant,NaN/Inf",train
PPG_a683b2ad839971,HNU11076,HNU11076,7cf21b5af2ff41b8b1a139f4faf11729,watch,ppg,ppg-1785401963614-89866a30e69b4a4f8516031b3b19ac81.zip,Data/PPG/ppg-1785401963614-89866a30e69b4a4f8516031b3b19ac81.zip,2026/7/30 16:57,2026-07-30 16:57:00,100,raw counts,119.072,PPGLight/greenLight/infraredLight/redLight,ok,review,obvious time gaps: 1,paired_exact_subject_id,d12_1812635abce179,exact HNU matches one d12 record,4e5b1572937a487a989c78e4614f4b15,e9ccb37ba6514cd08242f26c737843e1,1,11690,review,obvious time gaps: 1,"parse,timestamp,gap,duration,constant,NaN/Inf",validation
PPG_6ab2c7cacf13c5,HNU11002,HNU11002,ac0ae620ac4d4e1593981bd24605a34f,watch,ppg,ppg-1784624223283-79e653b8a9df4adfb1daac7936226d02.zip,Data/PPG/ppg-1784624223283-79e653b8a9df4adfb1daac7936226d02.zip,2026/7/21 16:56,2026-07-21 16:56:00,100,raw counts,6.59,PPGLight/greenLight/infraredLight/redLight,ok,review,duration <30 sec,paired_exact_subject_id,d12_0100000d4f7822,exact HNU matches one d12 record,4b5b8495d37b48b88385490fdccbb5d1,d4cf9873428c45c385b0575241c093e2,1,660,review,duration <30 sec,"parse,timestamp,gap,duration,constant,NaN/Inf",train
PPG_5cdf441264ccda,HNU11026,HNU11026,19cece2db6db4472b32f624b5c9158bb,watch,ppg,ppg-1784707430322-82f8ca240fe9406b87320131ccb9464d.zip,Data/PPG/ppg-1784707430322-82f8ca240fe9406b87320131ccb9464d.zip,2026/7/22 16:01,2026-07-22 16:01:00,100,raw counts,119.59,PPGLight/greenLight/infraredLight/redLight,ok,review,obvious time gaps: 1,paired_exact_subject_id,d12_1169122ce7bb98,exact HNU matches one d12 record,4a1decf247894f32bc4d43aa11983aa3,d4cf9873428c45c385b0575241c093e2,1,11785,review,obvious time gaps: 1,"parse,timestamp,gap,duration,constant,NaN/Inf",train
PPG_961d694c6936ec,HNU11009,HNU11009,c3191933416149c9924e2dc26163c6df,watch,ppg,ppg-1784634739799-77a03df3a41246ec866805be8d0302dd.zip,Data/PPG/ppg-1784634739799-77a03df3a41246ec866805be8d0302dd.zip,2026/7/21 19:50,2026-07-21 19:50:00,100,raw counts,117.606,PPGLight/greenLight/infraredLight/redLight,ok,usable,,paired_exact_subject_id,d12_e9f132a7b5350f,exact HNU matches one d12 record,46ef82c7345b404cb573896f7d3aa452,d4cf9873428c45c385b0575241c093e2,1,11750,usable,,"parse,timestamp,gap,duration,constant,NaN/Inf",train
PPG_b098be58aced2a,HNU11081,HNU11081,ec72f8fc24b44e08aab56e9ffbaccecb,watch,ppg,ppg-1785048290807-0b43f4f9ecec46abad4394a1577b4d00.zip,Data/PPG/ppg-1785048290807-0b43f4f9ecec46abad4394a1577b4d00.zip,2026/7/26 14:42,2026-07-26 14:42:00,100,raw counts,117.868,PPGLight/greenLight/infraredLight/redLight,ok,usable,,paired_exact_subject_id,d12_da584107d6226d,exact HNU matches one d12 record,45d417206eac469daa294a1846b12eed,e9ccb37ba6514cd08242f26c737843e1,1,11790,usable,,"parse,timestamp,gap,duration,constant,NaN/Inf",train
PPG_cf828535a1130c,HNU11030,HNU11030,05f290ec073748898f2f6154f37b0117,watch,ppg,ppg-1784772539564-2321ee5eee4d4e1fabb85310ef749ba9.zip,Data/PPG/ppg-1784772539564-2321ee5eee4d4e1fabb85310ef749ba9.zip,2026/7/23 10:06,2026-07-23 10:06:00,100,raw counts,116.112,PPGLight/greenLight/infraredLight/redLight,ok,usable,,paired_exact_subject_id,d12_9b3cc7e2573092,exact HNU matches one d12 record,40da540203a343338ecccee3e82fb7a6,d4cf9873428c45c385b0575241c093e2,1,11610,usable,,"parse,timestamp,gap,duration,constant,NaN/Inf",train
PPG_2571b6f1449dff,HNU11091,HNU11091,489a3843d30d4236879ae15e0388b478,watch,ppg,ppg-1785057368078-fabb916548b94e1a92a62f6d3dd469e4.zip,Data/PPG/ppg-1785057368078-fabb916548b94e1a92a62f6d3dd469e4.zip,2026/7/26 17:14,2026-07-26 17:14:00,100,raw counts,103.676,PPGLight/greenLight/infraredLight/redLight,ok,usable,,paired_exact_subject_id,d12_14e679ac6083ad,exact HNU matches one d12 record,40c95c1690a84103bceb3fce3526e191,e9ccb37ba6514cd08242f26c737843e1,1,10370,usable,,"parse,timestamp,gap,duration,constant,NaN/Inf",train
PPG_4badefb42cf99d,HNU11091,HNU11091,8a0e5e4386e94d63bccc616cb87d2312,watch,ppg,ppg-1785057503032-8086852d30624521b2d961f8c7d245cd.zip,Data/PPG/ppg-1785057503032-8086852d30624521b2d961f8c7d245cd.zip,2026/7/26 17:16,2026-07-26 17:16:00,100,raw counts,118.075,PPGLight/greenLight/infraredLight/redLight,ok,usable,,paired_exact_subject_id,d12_14e679ac6083ad,exact HNU matches one d12 record,4040f549f53e492eaf9f10b34835374b,e9ccb37ba6514cd08242f26c737843e1,1,11810,usable,,"parse,timestamp,gap,duration,constant,NaN/Inf",train
PPG_e56d41bfc8c3b5,HNU11046,HNU11046,6825216a7fe04172829809b645b2941d,watch,ppg,ppg-1784793859917-7b2339d3256a423fafe8229c3d9008a0.zip,Data/PPG/ppg-1784793859917-7b2339d3256a423fafe8229c3d9008a0.zip,2026/7/23 16:02,2026-07-23 16:02:00,100,raw counts,117.898,PPGLight/greenLight/infraredLight/redLight,ok,usable,,paired_exact_subject_id,d12_d1b1e27eb482c7,exact HNU matches one d12 record,3fa3e22c4b04493c9619b62c7fea5533,d4cf9873428c45c385b0575241c093e2,1,11790,usable,,"parse,timestamp,gap,duration,constant,NaN/Inf",validation
PPG_6137c3fdbd6ed6,HNU11092,HNU11092,fecd7b4846b64feba7719f98f569bac7,watch,ppg,ppg-1785118680062-5a9ab08f05dc4cebadc05965db667b0d.zip,Data/PPG/ppg-1785118680062-5a9ab08f05dc4cebadc05965db667b0d.zip,2026/7/27 10:17,2026-07-27 10:17:00,100,raw counts,11.291,PPGLight/greenLight/infraredLight/redLight,ok,review,duration <30 sec,paired_exact_subject_id,d12_af4ffaccfcd77f,exact HNU matches one d12 record,3f19b219cf584184ae76b2581d20766f,e9ccb37ba6514cd08242f26c737843e1,1,1130,review,duration <30 sec,"parse,timestamp,gap,duration,constant,NaN/Inf",train
PPG_8b021b58f6bf3a,HNU11001,HNU11001,c017101036714e6e92f01dfebdc64b90,watch,ppg,ppg-1784617602790-a4d67bd34c5e4dd9af21dbc875aa09e5.zip,Data/PPG/ppg-1784617602790-a4d67bd34c5e4dd9af21dbc875aa09e5.zip,2026/7/21 15:04,2026-07-21 15:04:00,100,raw counts,116.405,PPGLight/greenLight/infraredLight/redLight,ok,usable,,paired_exact_subject_id,d12_2910fb1963099a,exact HNU matches one d12 record,3c660110eee14dceb5cc1a6debd50003,d4cf9873428c45c385b0575241c093e2,1,11640,usable,,"parse,timestamp,gap,duration,constant,NaN/Inf",train
PPG_bb64fd907a0b0b,HNU11055,HNU11055,fc296147f0ad4faeb505aa177fe49fca,watch,ppg,ppg-1784860125542-b26b3143f9bc40d6ba5687256f3e4eff.zip,Data/PPG/ppg-1784860125542-b26b3143f9bc40d6ba5687256f3e4eff.zip,2026/7/24 10:26,2026-07-24 10:26:00,100,raw counts,117.713,PPGLight/greenLight/infraredLight/redLight,ok,usable,,paired_exact_subject_id,d12_31943c13b2eab6,exact HNU matches one d12 record,3bd7c646eb304b55b84202f47d0fa10d,d4cf9873428c45c385b0575241c093e2,1,11710,usable,,"parse,timestamp,gap,duration,constant,NaN/Inf",validation
PPG_35ae74bfd10f95,HNU11062,HNU11062,de6b978835cf4baa96d6da99116e70a0,watch,ppg,ppg-1784878131894-259dafde8a784f038e5560e3fe5478af.zip,Data/PPG/ppg-1784878131894-259dafde8a784f038e5560e3fe5478af.zip,2026/7/24 15:26,2026-07-24 15:26:00,100,raw counts,118.012,PPGLight/greenLight/infraredLight/redLight,ok,usable,,paired_exact_subject_id,d12_461a557ba84193,exact HNU matches one d12 record,39c023f0c69f40bc8046390fee910bc1,d4cf9873428c45c385b0575241c093e2,1,11800,usable,,"parse,timestamp,gap,duration,constant,NaN/Inf",validation
PPG_505d55d4a17049,HNU11035,HNU11035,745d1ee36cea4f7e88b3d131bff3aa78,watch,ppg,ppg-1784777163032-2e8732a8c88846c1825e76304cd81059.zip,Data/PPG/ppg-1784777163032-2e8732a8c88846c1825e76304cd81059.zip,2026/7/23 11:24,2026-07-23 11:24:00,100,raw counts,118.007,PPGLight/greenLight/infraredLight/redLight,ok,usable,,paired_exact_subject_id,d12_493a7d4ad9f543,exact HNU matches one d12 record,3994b769d84844a3a58cbdaedc21f31b,d4cf9873428c45c385b0575241c093e2,1,11800,usable,,"parse,timestamp,gap,duration,constant,NaN/Inf",train
PPG_1373c1839db23c,HNU11004,HNU11004,18e68fee0c8c4b90bd74315e2cc9bf3a,watch,ppg,ppg-1784626005044-2715885c145f4b8aa04146d51d9f1de5.zip,Data/PPG/ppg-1784626005044-2715885c145f4b8aa04146d51d9f1de5.zip,2026/7/21 17:24,2026-07-21 17:24:00,100,raw counts,117.604,PPGLight/greenLight/infraredLight/redLight,ok,usable,,paired_exact_subject_id,d12_6b52d28690cdb8,exact HNU matches one d12 record,39584693c70f4e5a865feaf342f574a3,d4cf9873428c45c385b0575241c093e2,1,11760,usable,,"parse,timestamp,gap,duration,constant,NaN/Inf",train
PPG_911b0fe61df7b6,HNU11047,HNU11047,4c41727deeb2461791b188671187cb8d,watch,ppg,ppg-1784794130258-ca59d3dd88ae4d1e9a5fdef745c242d6.zip,Data/PPG/ppg-1784794130258-ca59d3dd88ae4d1e9a5fdef745c242d6.zip,2026/7/23 16:06,2026-07-23 16:06:00,100,raw counts,116.102,PPGLight/greenLight/infraredLight/redLight,ok,usable,,paired_exact_subject_id,d12_f6f77ba435974f,exact HNU matches one d12 record,3919728644c643908113c5c9f5c0ad77,d4cf9873428c45c385b0575241c093e2,1,11550,usable,,"parse,timestamp,gap,duration,constant,NaN/Inf",train
PPG_f01b6872acfb7c,A51,A51,50d5905045b74ed5b415ade95b6f2db0,watch,ppg,ppg-1784800419038-cd060585e3d24853a1854437756e4bb6.zip,Data/PPG/ppg-1784800419038-cd060585e3d24853a1854437756e4bb6.zip,2026/7/23 17:51,2026-07-23 17:51:00,100,raw counts,117.594,PPGLight/greenLight/infraredLight/redLight,ok,review,obvious time gaps: 1,review_missing_d12,,no d12 record with same HNU,33d95bed993e4563af53cda92ea97d68,d4cf9873428c45c385b0575241c093e2,1,11600,review,obvious time gaps: 1,"parse,timestamp,gap,duration,constant,NaN/Inf",validation
PPG_f013b82f536357,HNU11018,HNU11018,4058e2edd2284dc2afb40d81f04d5178,watch,ppg,ppg-1784688575837-9c9803f69299416a8353055fa883628f.zip,Data/PPG/ppg-1784688575837-9c9803f69299416a8353055fa883628f.zip,2026/7/22 10:47,2026-07-22 10:47:00,100,raw counts,119.603,PPGLight/greenLight/infraredLight/redLight,ok,review,obvious time gaps: 1,paired_exact_subject_id,d12_83317d672b265e,exact HNU matches one d12 record,31d21d9f238d4f9c86dddaa6fd7d0f7a,d4cf9873428c45c385b0575241c093e2,1,11625,review,obvious time gaps: 1,"parse,timestamp,gap,duration,constant,NaN/Inf",train
PPG_fa54fbc98c5dee,HNU11015,HNU11015,1a05caf8bd964ce78a4c6f504e001e39,watch,ppg,ppg-1784687661149-c2b7ea8247bc46f083786e1aae1fff98.zip,Data/PPG/ppg-1784687661149-c2b7ea8247bc46f083786e1aae1fff98.zip,2026/7/22 10:32,2026-07-22 10:32:00,100,raw counts,117.712,PPGLight/greenLight/infraredLight/redLight,ok,usable,,paired_exact_subject_id,d12_41ecff1837d533,exact HNU matches one d12 record,30283953034a4c128c6770ab95fdbd3a,d4cf9873428c45c385b0575241c093e2,1,11770,usable,,"parse,timestamp,gap,duration,constant,NaN/Inf",train
PPG_cb515e2c8fae72,HNU11079,HNU11079,ba328a681c6b4e05bd43ca9b329664ab,watch,ppg,ppg-1785046346333-2f181784e0e14d038bb1df3ab53520be.zip,Data/PPG/ppg-1785046346333-2f181784e0e14d038bb1df3ab53520be.zip,2026/7/26 14:10,2026-07-26 14:10:00,100,raw counts,117.369,PPGLight/greenLight/infraredLight/redLight,ok,usable,,paired_exact_subject_id,d12_add801e8c2ef5f,exact HNU matches one d12 record,2f339b67f4664bfa8c8d774167614d57,e9ccb37ba6514cd08242f26c737843e1,1,11740,usable,,"parse,timestamp,gap,duration,constant,NaN/Inf",train
PPG_dfe769efb5d5d2,HNU11033,HNU11033,687688b9c43e4ccf94bf86630b132f14,watch,ppg,ppg-1784775308723-32cf443f28b3472398fa7d8d0184b933.zip,Data/PPG/ppg-1784775308723-32cf443f28b3472398fa7d8d0184b933.zip,2026/7/23 10:54,2026-07-23 10:54:00,100,raw counts,45.495,PPGLight/greenLight/infraredLight/redLight,ok,review,duration 30-90 sec,paired_exact_subject_id,d12_460ad0de7a2ebf,exact HNU matches one d12 record,2f21055cdcfa45e186b4bf9e8a01ce85,d4cf9873428c45c385b0575241c093e2,1,4550,review,duration 30-90 sec,"parse,timestamp,gap,duration,constant,NaN/Inf",train
PPG_6c42aea03ef5e3,HNU11084,HNU11084,65f153fa49fc43dc9893d1cfcf2d7b22,watch,ppg,ppg-1785051439359-f48a2e81f5924c4c922d32990914e591.zip,Data/PPG/ppg-1785051439359-f48a2e81f5924c4c922d32990914e591.zip,2026/7/26 15:35,2026-07-26 15:35:00,100,raw counts,117.778,PPGLight/greenLight/infraredLight/redLight,ok,usable,,paired_exact_subject_id,d12_0b2b97044d07ae,exact HNU matches one d12 record,2e4e6572a20842ffbcc8c247ded61ab1,e9ccb37ba6514cd08242f26c737843e1,1,11780,usable,,"parse,timestamp,gap,duration,constant,NaN/Inf",validation
PPG_94ff2983be67a9,HNU11076,HNU11076,449ba868e8a74ef899ae01c499086890,watch,ppg,ppg-1785401656574-9cd9b0a258a942998ebf3c7b4d0ef662.zip,Data/PPG/ppg-1785401656574-9cd9b0a258a942998ebf3c7b4d0ef662.zip,2026/7/30 16:54,2026-07-30 16:54:00,100,raw counts,10.992,PPGLight/greenLight/infraredLight/redLight,ok,review,duration <30 sec,paired_exact_subject_id,d12_1812635abce179,exact HNU matches one d12 record,2db6b065bcec4b1e8626cf0d4798d2d6,e9ccb37ba6514cd08242f26c737843e1,1,1100,review,duration <30 sec,"parse,timestamp,gap,duration,constant,NaN/Inf",validation
PPG_a3cecddfdcfbf9,HNU11007,HNU11007,d05049ca8a5345c68677946b892958d8,watch,ppg,ppg-1784634106909-8693d3c5d3ee43f3a07cc8ce8de70dbb.zip,Data/PPG/ppg-1784634106909-8693d3c5d3ee43f3a07cc8ce8de70dbb.zip,2026/7/21 19:37,2026-07-21 19:37:00,100,raw counts,118.101,PPGLight/greenLight/infraredLight/redLight,ok,usable,,paired_exact_subject_id,d12_05cc77f8a61e6e,exact HNU matches one d12 record,2bc555c8e2ba4330ab62143571c653c0,d4cf9873428c45c385b0575241c093e2,1,11720,usable,,"parse,timestamp,gap,duration,constant,NaN/Inf",train
PPG_5be1495ec7ac29,HNU11036,HNU11036,06cd154e46434caface2e4e0fc6a7030,watch,ppg,ppg-1784777440776-d55128e941fb4027905de108c0dfc568.zip,Data/PPG/ppg-1784777440776-d55128e941fb4027905de108c0dfc568.zip,2026/7/23 11:28,2026-07-23 11:28:00,100,raw counts,117.71,PPGLight/greenLight/infraredLight/redLight,ok,usable,,paired_exact_subject_id,d12_27e00bd5675229,exact HNU matches one d12 record,2ab1f564bd48413c868d18e9d5081bdd,d4cf9873428c45c385b0575241c093e2,1,11760,usable,,"parse,timestamp,gap,duration,constant,NaN/Inf",train
PPG_1a196de781f2e8,HNU11004,HNU11004,f63030952b4c4983934e7de48697a0e3,watch,ppg,ppg-1784625879659-ce58e6a30f0e4eada41f5b223fa4ade9.zip,Data/PPG/ppg-1784625879659-ce58e6a30f0e4eada41f5b223fa4ade9.zip,2026/7/21 17:24,2026-07-21 17:24:00,100,raw counts,0.99,PPGLight/greenLight/infraredLight/redLight,ok,review,duration <30 sec,paired_exact_subject_id,d12_6b52d28690cdb8,exact HNU matches one d12 record,29bad7da414c433ca6d22199840fa0fb,d4cf9873428c45c385b0575241c093e2,1,100,review,duration <30 sec,"parse,timestamp,gap,duration,constant,NaN/Inf",train
PPG_b92f2a3d9f1f79,HNU11098,HNU11098,57bcf124935644619c20c703de51fb95,watch,ppg,ppg-1785140176610-8ffa97a4b75c475cbf172654f4a13777.zip,Data/PPG/ppg-1785140176610-8ffa97a4b75c475cbf172654f4a13777.zip,2026/7/27 16:14,2026-07-27 16:14:00,100,raw counts,117.697,PPGLight/greenLight/infraredLight/redLight,ok,usable,,paired_exact_subject_id,d12_29a4c35841389f,exact HNU matches one d12 record,22d460a3ea8642d1aca6214ee92748ee,e9ccb37ba6514cd08242f26c737843e1,1,11770,usable,,"parse,timestamp,gap,duration,constant,NaN/Inf",train
PPG_ca4886c208f9f3,HNU11041,HNU11041,c83dbf51d61d4cab9c3f913b5da1e0b2,watch,ppg,ppg-1784791442363-bc43783dd9e74296a30d431141e63ac4.zip,Data/PPG/ppg-1784791442363-bc43783dd9e74296a30d431141e63ac4.zip,2026/7/23 15:22,2026-07-23 15:22:00,100,raw counts,117.899,PPGLight/greenLight/infraredLight/redLight,ok,usable,,paired_exact_subject_id,d12_35d23ecb4dea20,exact HNU matches one d12 record,21833f771c1b43ec8956e5b0bf8de67a,d4cf9873428c45c385b0575241c093e2,1,11790,usable,,"parse,timestamp,gap,duration,constant,NaN/Inf",train
PPG_76ad78685a9616,HNU11011,HNU11011,d89fec5f855845bfa4b60dbe3235d354,watch,ppg,ppg-1784686061244-419e9b36fa1c42a4bb5c4eebb5424477.zip,Data/PPG/ppg-1784686061244-419e9b36fa1c42a4bb5c4eebb5424477.zip,2026/7/22 10:05,2026-07-22 10:05:00,100,raw counts,116.202,PPGLight/greenLight/infraredLight/redLight,ok,usable,,paired_exact_subject_id,d12_54b59401b7c03a,exact HNU matches one d12 record,2095faa3799e4da3a2f896cad69586eb,d4cf9873428c45c385b0575241c093e2,1,11620,usable,,"parse,timestamp,gap,duration,constant,NaN/Inf",train
PPG_dcd1bad7859cc1,HNU11003,HNU11003,40947543d2524af89db001c24104ad32,watch,ppg,ppg-1784710211559-4db88546b94e4fd69ccb6e33c2325561.zip,Data/PPG/ppg-1784710211559-4db88546b94e4fd69ccb6e33c2325561.zip,2026/7/22 16:50,2026-07-22 16:50:00,100,raw counts,1.29,PPGLight/greenLight/infraredLight/redLight,ok,review,duration <30 sec,paired_exact_subject_id,d12_2a478d28d88149,exact HNU matches one d12 record,1d04daea61ab4622bfe8f746d29e7030,d4cf9873428c45c385b0575241c093e2,1,130,review,duration <30 sec,"parse,timestamp,gap,duration,constant,NaN/Inf",train
PPG_2e146edc034f4d,HNU11059,HNU11059,dec35f77107943f3b00ccde8f003eb0d,watch,ppg,ppg-1784863028844-15a3c9194e2944e3b0e3ceddaff3871a.zip,Data/PPG/ppg-1784863028844-15a3c9194e2944e3b0e3ceddaff3871a.zip,2026/7/24 11:15,2026-07-24 11:15:00,100,raw counts,117.798,PPGLight/greenLight/infraredLight/redLight,ok,usable,,paired_exact_subject_id,d12_1c235c205c25c5,exact HNU matches one d12 record,1c76d373e3a7490e87fd35450afb691b,d4cf9873428c45c385b0575241c093e2,1,11780,usable,,"parse,timestamp,gap,duration,constant,NaN/Inf",train
PPG_e7b67725b0f4db,HNU11101,HNU11101,65726b2dffb44762b38af28e64a08e3a,watch,ppg,ppg-1785229084079-f87bf61dd6734e2ca7390137a0c1867b.zip,Data/PPG/ppg-1785229084079-f87bf61dd6734e2ca7390137a0c1867b.zip,2026/7/28 16:56,2026-07-28 16:56:00,100,raw counts,78.013,PPGLight/greenLight/infraredLight/redLight,ok,review,obvious time gaps: 1; duration 30-90 sec,paired_exact_subject_id,d12_1ec9cee338b2b9,exact HNU matches one d12 record,1c532839ae814f0098de415f064ea7cf,e9ccb37ba6514cd08242f26c737843e1,1,7590,review,obvious time gaps: 1; duration 30-90 sec,"parse,timestamp,gap,duration,constant,NaN/Inf",train
PPG_5b8fb7268cebf9,HNU11017,HNU11017,a6d0a79a915c4a4284ee0e38219b3737,watch,ppg,ppg-1784688239419-b0d0156b3cc84b58ba456cfc6bf95f78.zip,Data/PPG/ppg-1784688239419-b0d0156b3cc84b58ba456cfc6bf95f78.zip,2026/7/22 10:41,2026-07-22 10:41:00,100,raw counts,119.612,PPGLight/greenLight/infraredLight/redLight,ok,review,obvious time gaps: 1,paired_exact_subject_id,d12_f6f28a6878e0ba,exact HNU matches one d12 record,199eefaa52db47869116b20a2032f24f,d4cf9873428c45c385b0575241c093e2,1,11780,review,obvious time gaps: 1,"parse,timestamp,gap,duration,constant,NaN/Inf",train
PPG_90926ed2180fc8,A51,A51,169dee2eb14442499473375e1e93c4d5,watch,ppg,ppg-1784614966983-dbcd12a5609843a5a20f55cac491a2b5.zip,Data/PPG/ppg-1784614966983-dbcd12a5609843a5a20f55cac491a2b5.zip,2026/7/21 14:22,2026-07-21 14:22:00,100,raw counts,27.84,PPGLight/greenLight/infraredLight/redLight,ok,review,obvious time gaps: 1; duration <30 sec,review_missing_d12,,no d12 record with same HNU,18e9021ae4574e6daa33b78ca26162c6,d4cf9873428c45c385b0575241c093e2,1,2490,review,obvious time gaps: 1; duration <30 sec,"parse,timestamp,gap,duration,constant,NaN/Inf",validation
PPG_a615706813e4c5,HNU11039,HNU11039,938f3edd797847e489157b11d93739b1,watch,ppg,ppg-1784790784452-391381594f8f4c69a20713c70adb5e80.zip,Data/PPG/ppg-1784790784452-391381594f8f4c69a20713c70adb5e80.zip,2026/7/23 15:11,2026-07-23 15:11:00,100,raw counts,117.796,PPGLight/greenLight/infraredLight/redLight,ok,usable,,paired_exact_subject_id,d12_7f1860e69f45b5,exact HNU matches one d12 record,18423a40d4a84d769f4145d4e633a00d,d4cf9873428c45c385b0575241c093e2,1,11780,usable,,"parse,timestamp,gap,duration,constant,NaN/Inf",train
PPG_1790c408f9ce37,HNU11003,HNU11003,9e0c18cedec744e59f49e75afb6d5452,watch,ppg,ppg-1784710339258-e47facff02a24cd38e79a43bc7be6d03.zip,Data/PPG/ppg-1784710339258-e47facff02a24cd38e79a43bc7be6d03.zip,2026/7/22 16:50,2026-07-22 16:50:00,100,raw counts,119.484,PPGLight/greenLight/infraredLight/redLight,ok,review,obvious time gaps: 1,paired_exact_subject_id,d12_2a478d28d88149,exact HNU matches one d12 record,15c8bc59b83d44c59b41a1120224cc56,d4cf9873428c45c385b0575241c093e2,1,11775,review,obvious time gaps: 1,"parse,timestamp,gap,duration,constant,NaN/Inf",train
PPG_938081c31e6180,HNU11076,HNU11076,b2d99eb00d014cd380a64809a598ffce,watch,ppg,ppg-1784972597443-a555d856b75748e1bc1f156e1242d1d1.zip,Data/PPG/ppg-1784972597443-a555d856b75748e1bc1f156e1242d1d1.zip,2026/7/25 17:43,2026-07-25 17:43:00,100,raw counts,5.99,PPGLight/greenLight/infraredLight/redLight,ok,review,duration <30 sec,paired_exact_subject_id,d12_1812635abce179,exact HNU matches one d12 record,11833fc6f669422fb8c506dc5f9e73f2,e9ccb37ba6514cd08242f26c737843e1,1,600,review,duration <30 sec,"parse,timestamp,gap,duration,constant,NaN/Inf",validation
PPG_8637b654f8c357,HNU11024,HNU11024,6069dbb38f70477cb75c33a76f244fa4,watch,ppg,ppg-1784705641698-88c26695acc6485790910314adf06a52.zip,Data/PPG/ppg-1784705641698-88c26695acc6485790910314adf06a52.zip,2026/7/22 15:32,2026-07-22 15:32:00,100,raw counts,117.699,PPGLight/greenLight/infraredLight/redLight,ok,usable,,paired_exact_subject_id,d12_1f73df7f634608,exact HNU matches one d12 record,0ed4fcff1c43424c97516710de86ad2d,d4cf9873428c45c385b0575241c093e2,1,11770,usable,,"parse,timestamp,gap,duration,constant,NaN/Inf",train
PPG_6e94a5cc4fa398,HNU11006,HNU11006,0bdaa2b51a264ca2a384972f69529636,watch,ppg,ppg-1784634046793-42c75cad42c442d9a0b612a7b32e6889.zip,Data/PPG/ppg-1784634046793-42c75cad42c442d9a0b612a7b32e6889.zip,2026/7/21 19:31,2026-07-21 19:31:00,100,raw counts,117.394,PPGLight/greenLight/infraredLight/redLight,ok,usable,,paired_exact_subject_id,d12_d12708ecccbfab,exact HNU matches one d12 record,0eaba0119b8a4708912a54a25c96095e,d4cf9873428c45c385b0575241c093e2,1,11740,usable,,"parse,timestamp,gap,duration,constant,NaN/Inf",train
PPG_bc9dceb508c07b,HNU11029,HNU11029,65f0e223626e4dcf944bcfa860d83115,watch,ppg,ppg-1784711717008-558f93975ff24499af721683d7ea7356.zip,Data/PPG/ppg-1784711717008-558f93975ff24499af721683d7ea7356.zip,2026/7/22 17:13,2026-07-22 17:13:00,100,raw counts,117.705,PPGLight/greenLight/infraredLight/redLight,ok,usable,,paired_exact_subject_id,d12_9a90f2bbf90338,exact HNU matches one d12 record,0bc89f8e8ede4952a12b2e2894b400bd,d4cf9873428c45c385b0575241c093e2,1,11770,usable,,"parse,timestamp,gap,duration,constant,NaN/Inf",validation
PPG_df1599efc47fcf,HNU11088,HNU11088,ab8c74a24d984e1c9bd695898eb1c42a,watch,ppg,ppg-1785054969619-3d30570fcbd740a2b7b6024171c8d1f4.zip,Data/PPG/ppg-1785054969619-3d30570fcbd740a2b7b6024171c8d1f4.zip,2026/7/26 16:34,2026-07-26 16:34:00,100,raw counts,117.175,PPGLight/greenLight/infraredLight/redLight,ok,usable,,paired_exact_subject_id,d12_1eab62c2755b0d,exact HNU matches one d12 record,0b8e067d05e0461f8f21b4e6483d7bd2,e9ccb37ba6514cd08242f26c737843e1,1,11720,usable,,"parse,timestamp,gap,duration,constant,NaN/Inf",train
PPG_5fd8b4280bd2b3,HNU11027,HNU11027,ae51a4814aa84b9d83fbafd05cfa1216,watch,ppg,ppg-1784708557230-370e1b81c0b64681bafeb00ac1cbcf65.zip,Data/PPG/ppg-1784708557230-370e1b81c0b64681bafeb00ac1cbcf65.zip,2026/7/22 16:20,2026-07-22 16:20:00,100,raw counts,117.9,PPGLight/greenLight/infraredLight/redLight,ok,usable,,paired_exact_subject_id,d12_e2f88f8aae3a9b,exact HNU matches one d12 record,0adbda6c26094165a51acaedfb78794b,d4cf9873428c45c385b0575241c093e2,1,11790,usable,,"parse,timestamp,gap,duration,constant,NaN/Inf",train
PPG_3fa6a042ddfacd,HNU11096,HNU11096,ef37efbae4d841aaa605c8305245fc98,watch,ppg,ppg-1785136524454-ca56815818554d8a819856c3800a09f6.zip,Data/PPG/ppg-1785136524454-ca56815818554d8a819856c3800a09f6.zip,2026/7/27 15:13,2026-07-27 15:13:00,100,raw counts,119.712,PPGLight/greenLight/infraredLight/redLight,ok,review,obvious time gaps: 1,paired_exact_subject_id,d12_cffb230e0e9aa3,exact HNU matches one d12 record,0a5cddc038e6462a9a2206b3f6ade6e3,e9ccb37ba6514cd08242f26c737843e1,1,11685,review,obvious time gaps: 1,"parse,timestamp,gap,duration,constant,NaN/Inf",train
PPG_cdcc5a5489642d,HNU11052,HNU11052,1edbfe193aab438ea9a33d04dd26bdd9,watch,ppg,ppg-1784801504992-26a4a53e0f974a28b1377cbd1fc3b62d.zip,Data/PPG/ppg-1784801504992-26a4a53e0f974a28b1377cbd1fc3b62d.zip,2026/7/23 18:09,2026-07-23 18:09:00,100,raw counts,117.489,PPGLight/greenLight/infraredLight/redLight,ok,usable,,paired_exact_subject_id,d12_01e19f08160eda,exact HNU matches one d12 record,0661fd9f2281458e829504a7a789d1c3,d4cf9873428c45c385b0575241c093e2,1,11750,usable,,"parse,timestamp,gap,duration,constant,NaN/Inf",train
PPG_a9c0ec435220ff,HNU11013,HNU11013,59241924b8e344e388ded3b05879cfcb,watch,ppg,ppg-1784687018174-c9c679aa79d64134b031daca93f89e38.zip,Data/PPG/ppg-1784687018174-c9c679aa79d64134b031daca93f89e38.zip,2026/7/22 10:21,2026-07-22 10:21:00,100,raw counts,120.032,PPGLight/greenLight/infraredLight/redLight,ok,review,obvious time gaps: 1,paired_exact_subject_id,d12_ff969feb0f32a3,exact HNU matches one d12 record,0594829cf39948ecaffb1019bd4d77e5,d4cf9873428c45c385b0575241c093e2,1,11795,review,obvious time gaps: 1,"parse,timestamp,gap,duration,constant,NaN/Inf",train
PPG_816c21bcb4d48d,HNU11092,HNU11092,7b541fb849d04e399556a504ff1b4b6f,watch,ppg,ppg-1785118805989-eefd037bcdb642b9ac36af66a6c0fc5a.zip,Data/PPG/ppg-1785118805989-eefd037bcdb642b9ac36af66a6c0fc5a.zip,2026/7/27 10:18,2026-07-27 10:18:00,100,raw counts,118.006,PPGLight/greenLight/infraredLight/redLight,ok,usable,,paired_exact_subject_id,d12_af4ffaccfcd77f,exact HNU matches one d12 record,0414f1a057d648ca803884adb5af080b,e9ccb37ba6514cd08242f26c737843e1,1,11800,usable,,"parse,timestamp,gap,duration,constant,NaN/Inf",train
PPG_08487e75ba09c5,HNU11093,HNU11093,3f129e4be1d047219f484ff460eeb8d6,watch,ppg,ppg-1785119840415-8caecb7b7abc4641a9b926c5161b45c4.zip,Data/PPG/ppg-1785119840415-8caecb7b7abc4641a9b926c5161b45c4.zip,2026/7/27 10:35,2026-07-27 10:35:00,100,raw counts,117.703,PPGLight/greenLight/infraredLight/redLight,ok,usable,,paired_exact_subject_id,d12_2c571cc7a600fc,exact HNU matches one d12 record,0391e9a2dc5b4c5297f16bc7b07292e7,e9ccb37ba6514cd08242f26c737843e1,1,11770,usable,,"parse,timestamp,gap,duration,constant,NaN/Inf",train
PPG_d4622b7c874c3a,HNU11085,HNU11085,5830fe449e734d7295cdf61d6699a386,watch,ppg,ppg-1785051796938-a837983d2c9b4ce6bb35d700fef9a0a9.zip,Data/PPG/ppg-1785051796938-a837983d2c9b4ce6bb35d700fef9a0a9.zip,2026/7/26 15:41,2026-07-26 15:41:00,100,raw counts,117.78,PPGLight/greenLight/infraredLight/redLight,ok,usable,,paired_exact_subject_id,d12_cc0c3b0df3aec2,exact HNU matches one d12 record,01bce26a7375425dbf05690097301c3d,e9ccb37ba6514cd08242f26c737843e1,1,11780,usable,,"parse,timestamp,gap,duration,constant,NaN/Inf",train
PPG_10689a9539977d,HNU11049,HNU11049,b90ec108ce064d75a5ebd8a55bf47e62,watch,ppg,ppg-1784794741049-bcab607c8c4b43148aac588e18e94290.zip,Data/PPG/ppg-1784794741049-bcab607c8c4b43148aac588e18e94290.zip,2026/7/23 16:17,2026-07-23 16:17:00,100,raw counts,117.898,PPGLight/greenLight/infraredLight/redLight,ok,usable,,paired_exact_subject_id,d12_2de2cfb0eea222,exact HNU matches one d12 record,010bb7c0cc484c7fbe9dd821a5e13bc2,d4cf9873428c45c385b0575241c093e2,1,11790,usable,,"parse,timestamp,gap,duration,constant,NaN/Inf",validation
PPG_6efa62682aae27,HNU11108,HNU11108,b21c6e6078d7484f910910646c38e6f9,watch,ppg,ppg-1787734027254-c59988cfe6c14ab493b9f45cfa41a79d.zip,Data/PPG/ppg-1787734027254-c59988cfe6c14ab493b9f45cfa41a79d.zip,2026/8/26 16:45,2026-08-26 16:45:00,100,raw counts,117.903,PPGLight/greenLight/infraredLight/redLight,ok,usable,,review_missing_d12,,no d12 record with same HNU,5dba4074f6294c6ca1bb5088c7e47238,e9ccb37ba6514cd08242f26c737843e1,1,11790,usable,,"parse,timestamp,gap,duration,constant,NaN/Inf",train
PPG_50eceef4bae898,HNU11107,HNU11107,50048e862a4c41ce804c1059b49235e2,watch,ppg,ppg-1787646767859-cbe6f9c4de7440a1afff0f2acf4fa7f4.zip,Data/PPG/ppg-1787646767859-cbe6f9c4de7440a1afff0f2acf4fa7f4.zip,2026/8/25 16:30,2026-08-25 16:30:00,100,raw counts,119.236,PPGLight/greenLight/infraredLight/redLight,ok,review,obvious time gaps: 1,review_missing_d12,,no d12 record with same HNU,960159f0e9bf4463a30eff269b6336cb,e9ccb37ba6514cd08242f26c737843e1,1,11700,review,obvious time gaps: 1,"parse,timestamp,gap,duration,constant,NaN/Inf",train
PPG_b75d60985400cd,HNU11107,HNU11107,1576fba66aa043629f783b8bb9f98302,watch,ppg,ppg-1787645819485-bb40308323ab4b7eb69a3e21fb96d17c.zip,Data/PPG/ppg-1787645819485-bb40308323ab4b7eb69a3e21fb96d17c.zip,2026/8/25 16:16,2026-08-25 16:16:00,100,raw counts,51.146,PPGLight/greenLight/infraredLight/redLight,ok,review,obvious time gaps: 1; duration 30-90 sec,review_missing_d12,,no d12 record with same HNU,3abf9af2ebb844b3b11a6195f39a2a3c,e9ccb37ba6514cd08242f26c737843e1,1,4780,review,obvious time gaps: 1; duration 30-90 sec,"parse,timestamp,gap,duration,constant,NaN/Inf",train
PPG_460c2ccbba0421,HNU11106,HNU11106,4958cf28d87c4bd4a0dd296690c8b711,watch,ppg,ppg-1787644906847-f4aac74616b143269ecfff7cf86ca143.zip,Data/PPG/ppg-1787644906847-f4aac74616b143269ecfff7cf86ca143.zip,2026/8/25 15:59,2026-08-25 15:59:00,100,raw counts,119.02,PPGLight/greenLight/infraredLight/redLight,ok,review,obvious time gaps: 1,review_missing_d12,,no d12 record with same HNU,948f6ede0bb94fbf92f919c564fd442e,e9ccb37ba6514cd08242f26c737843e1,1,11680,review,obvious time gaps: 1,"parse,timestamp,gap,duration,constant,NaN/Inf",train
PPG_ae599572a3e530,HNU11105,HNU11105,09714ff3e6814e1f9cd399f2bc02cc01,watch,ppg,ppg-1787644143325-6ae3ba002bac490cb8d517cca25627b6.zip,Data/PPG/ppg-1787644143325-6ae3ba002bac490cb8d517cca25627b6.zip,2026/8/25 15:47,2026-08-25 15:47:00,100,raw counts,119.313,PPGLight/greenLight/infraredLight/redLight,ok,review,obvious time gaps: 1,review_missing_d12,,no d12 record with same HNU,26af8f931ff24b6995bc138deb2c07c2,e9ccb37ba6514cd08242f26c737843e1,1,11710,review,obvious time gaps: 1,"parse,timestamp,gap,duration,constant,NaN/Inf",train
PPG_ec7da4fa66e179,HNU11104,HNU11104,12128f288bfb4302a1036fa7330cb0ea,watch,ppg,ppg-1787643126938-dd174201c2f54a61ad6afb78b9f90715.zip,Data/PPG/ppg-1787643126938-dd174201c2f54a61ad6afb78b9f90715.zip,2026/8/25 15:30,2026-08-25 15:30:00,100,raw counts,118.085,PPGLight/greenLight/infraredLight/redLight,ok,usable,,review_missing_d12,,no d12 record with same HNU,fad6bf722e64458ab129a159e15ec5b1,e9ccb37ba6514cd08242f26c737843e1,1,11810,usable,,"parse,timestamp,gap,duration,constant,NaN/Inf",validation
PPG_20b91981b0e732,HNU11103,HNU11103,51e4398ea01c467e8517e0c2758c3d41,watch,ppg,ppg-1787642380450-857878a2f4464fbd823c8ce7d4b36b78.zip,Data/PPG/ppg-1787642380450-857878a2f4464fbd823c8ce7d4b36b78.zip,2026/8/25 15:17,2026-08-25 15:17:00,100,raw counts,118.084,PPGLight/greenLight/infraredLight/redLight,ok,usable,,review_missing_d12,,no d12 record with same HNU,f939ecd32331427fb4c3c3cb6a19daa7,e9ccb37ba6514cd08242f26c737843e1,1,11810,usable,,"parse,timestamp,gap,duration,constant,NaN/Inf",train
PPG_8f2d9016671de5,HNU11103,HNU11103,ad1444cd4da8435597687403cb4b6989,watch,ppg,ppg-1787642256492-6143c5841a304c54a69a990b43bcde6c.zip,Data/PPG/ppg-1787642256492-6143c5841a304c54a69a990b43bcde6c.zip,2026/8/25 15:17,2026-08-25 15:17:00,100,raw counts,7.19,PPGLight/greenLight/infraredLight/redLight,ok,review,duration <30 sec,review_missing_d12,,no d12 record with same HNU,b8d0054a9acf4e4fb92bda81bf370bfc,e9ccb37ba6514cd08242f26c737843e1,1,720,review,duration <30 sec,"parse,timestamp,gap,duration,constant,NaN/Inf",train
PPG_21c685e8a1c75c,HNU11102,HNU11102,0a00f5c732224d5e868b0900365b51dd,watch,ppg,ppg-1787626009429-9711f43f40264d7bb912742d234eec74.zip,Data/PPG/ppg-1787626009429-9711f43f40264d7bb912742d234eec74.zip,2026/8/25 10:44,2026-08-25 10:44:00,100,raw counts,116.213,PPGLight/greenLight/infraredLight/redLight,ok,usable,,review_missing_d12,,no d12 record with same HNU,40017502f55349f48e43e337081a7674,e9ccb37ba6514cd08242f26c737843e1,1,11620,usable,,"parse,timestamp,gap,duration,constant,NaN/Inf",train
acceleration_14a1444ccdadd6,HNU11017,HNU11017,a6d0a79a915c4a4284ee0e38219b3737,watch,acceleration,acceleration-1784688239744-b0d0156b3cc84b58ba456cfc6bf95f78.zip,Data/acceleration/acceleration-1784688239744-b0d0156b3cc84b58ba456cfc6bf95f78.zip,2026/7/22 10:41,2026-07-22 10:41:00,100,g,119.653,"x,y,z",ok,review,obvious time gaps: 1,paired_exact_subject_id,d12_f6f28a6878e0ba,exact HNU matches one d12 record,fa6d40f829a14b10955cefef3572d63c,d4cf9873428c45c385b0575241c093e2,1,11780,review,obvious time gaps: 1,"parse,timestamp,gap,duration,constant,NaN/Inf",train
acceleration_4dcc0008e98d85,HNU11093,HNU11093,3f129e4be1d047219f484ff460eeb8d6,watch,acceleration,acceleration-1785119840731-8caecb7b7abc4641a9b926c5161b45c4.zip,Data/acceleration/acceleration-1785119840731-8caecb7b7abc4641a9b926c5161b45c4.zip,2026/7/27 10:35,2026-07-27 10:35:00,100,g,117.743,"x,y,z",ok,usable,,paired_exact_subject_id,d12_2c571cc7a600fc,exact HNU matches one d12 record,f9b5e25cae9740a18c4a232ea78797e7,e9ccb37ba6514cd08242f26c737843e1,1,11770,usable,,"parse,timestamp,gap,duration,constant,NaN/Inf",train
acceleration_e85b7f832a5234,HNU11040,HNU11040,7052abfaebc9464aa193278d6c10dcc6,watch,acceleration,acceleration-1784791056739-890b3c62e3874251bb2eee9a13ece252.zip,Data/acceleration/acceleration-1784791056739-890b3c62e3874251bb2eee9a13ece252.zip,2026/7/23 15:15,2026-07-23 15:15:00,100,g,117.654,"x,y,z",ok,usable,,paired_exact_subject_id,d12_703999f5a3bc26,exact HNU matches one d12 record,f4c35304ea4746d8b0925672ed96c8b5,d4cf9873428c45c385b0575241c093e2,1,11760,usable,,"parse,timestamp,gap,duration,constant,NaN/Inf",train
acceleration_822637f28332c4,HNU11052,HNU11052,1edbfe193aab438ea9a33d04dd26bdd9,watch,acceleration,acceleration-1784801505324-26a4a53e0f974a28b1377cbd1fc3b62d.zip,Data/acceleration/acceleration-1784801505324-26a4a53e0f974a28b1377cbd1fc3b62d.zip,2026/7/23 18:09,2026-07-23 18:09:00,100,g,117.478,"x,y,z",ok,usable,,paired_exact_subject_id,d12_01e19f08160eda,exact HNU matches one d12 record,f23fc2cc9e2042089181c68c230a78f1,d4cf9873428c45c385b0575241c093e2,1,11750,usable,,"parse,timestamp,gap,duration,constant,NaN/Inf",train
acceleration_bb5156e83254de,HNU11091,HNU11091,8a0e5e4386e94d63bccc616cb87d2312,watch,acceleration,acceleration-1785057503339-8086852d30624521b2d961f8c7d245cd.zip,Data/acceleration/acceleration-1785057503339-8086852d30624521b2d961f8c7d245cd.zip,2026/7/26 17:16,2026-07-26 17:16:00,100,g,118.113,"x,y,z",ok,usable,,paired_exact_subject_id,d12_14e679ac6083ad,exact HNU matches one d12 record,f080a3c5f4ca44929613a4c0a9252adb,e9ccb37ba6514cd08242f26c737843e1,1,11810,usable,,"parse,timestamp,gap,duration,constant,NaN/Inf",train
acceleration_192114a4deac39,HNU11060,HNU11060,9e2299211274450c9a05880717c9cfda,watch,acceleration,acceleration-1784877121169-c0ba0a7c49c54859b1ab304aa30f4948.zip,Data/acceleration/acceleration-1784877121169-c0ba0a7c49c54859b1ab304aa30f4948.zip,2026/7/24 15:09,2026-07-24 15:09:00,100,g,118.104,"x,y,z",ok,usable,,paired_exact_subject_id,d12_8db996d577a3eb,exact HNU matches one d12 record,ed86e9fbddd24b8d882aacede7d976f4,d4cf9873428c45c385b0575241c093e2,1,11810,usable,,"parse,timestamp,gap,duration,constant,NaN/Inf",validation
acceleration_9ff6d5f35a23a0,HNU11077,HNU11077,f24b84e29a554d67afc1c796f2428b9a,watch,acceleration,acceleration-1784972926037-972a6cc18bbf4a2c8438aaacfe0c143b.zip,Data/acceleration/acceleration-1784972926037-972a6cc18bbf4a2c8438aaacfe0c143b.zip,2026/7/25 17:48,2026-07-25 17:48:00,100,g,14.43,"x,y,z",ok,review,duration <30 sec,paired_exact_subject_id,d12_beca710ccb8308,exact HNU matches one d12 record,ec1fa28645d6481a9f9903266e764249,e9ccb37ba6514cd08242f26c737843e1,1,1450,review,duration <30 sec,"parse,timestamp,gap,duration,constant,NaN/Inf",train
acceleration_1bb3eb4c19fb0a,HNU11010,HNU11010,ab0d44f2c6af4ee5aa7defc0cd54bf97,watch,acceleration,acceleration-1784635463591-2d9510d7c2c24a4692b8b4dddb2e1608.zip,Data/acceleration/acceleration-1784635463591-2d9510d7c2c24a4692b8b4dddb2e1608.zip,2026/7/21 20:02,2026-07-21 20:02:00,100,g,117.554,"x,y,z",ok,usable,,paired_exact_subject_id,d12_be78fc5187f046,exact HNU matches one d12 record,e739b623c27d462ca178d9e3b844b412,d4cf9873428c45c385b0575241c093e2,1,11760,usable,,"parse,timestamp,gap,duration,constant,NaN/Inf",train
acceleration_7b84644ecf119f,HNU11004,HNU11004,18e68fee0c8c4b90bd74315e2cc9bf3a,watch,acceleration,acceleration-1784626005397-2715885c145f4b8aa04146d51d9f1de5.zip,Data/acceleration/acceleration-1784626005397-2715885c145f4b8aa04146d51d9f1de5.zip,2026/7/21 17:24,2026-07-21 17:24:00,100,g,117.561,"x,y,z",ok,usable,,paired_exact_subject_id,d12_6b52d28690cdb8,exact HNU matches one d12 record,e722de5934284024aef5281e19571700,d4cf9873428c45c385b0575241c093e2,1,11760,usable,,"parse,timestamp,gap,duration,constant,NaN/Inf",train
acceleration_14a7514f145c08,HNU11075,HNU11075,2d375ea08ac04f38b68151f7f64293d1,watch,acceleration,acceleration-1784970274969-761e69fed7e342aba4623a8993900ec0.zip,Data/acceleration/acceleration-1784970274969-761e69fed7e342aba4623a8993900ec0.zip,2026/7/25 17:02,2026-07-25 17:02:00,100,g,117.861,"x,y,z",ok,usable,,paired_exact_subject_id,d12_b10d007b238f24,exact HNU matches one d12 record,e7139c4083ce4966ad47348508ce4f5d,e9ccb37ba6514cd08242f26c737843e1,1,11780,usable,,"parse,timestamp,gap,duration,constant,NaN/Inf",train
acceleration_d5b8005c90b829,HNU11043,HNU11043,7656f0742bc24e5481bf34a1958adce9,watch,acceleration,acceleration-1784792923540-75bb0a1e67af415c8feb2dd2849da0ab.zip,Data/acceleration/acceleration-1784792923540-75bb0a1e67af415c8feb2dd2849da0ab.zip,2026/7/23 15:46,2026-07-23 15:46:00,100,g,119.473,"x,y,z",ok,review,obvious time gaps: 1,paired_exact_subject_id,d12_ca2cde8608704b,exact HNU matches one d12 record,e684e21a2ab04994b2fb8f201e161a3e,d4cf9873428c45c385b0575241c093e2,1,11770,review,obvious time gaps: 1,"parse,timestamp,gap,duration,constant,NaN/Inf",train
acceleration_91fec0cf3bdc2f,HNU11007,HNU11007,ef42c287300048dab338756e1d699517,watch,acceleration,acceleration-1784634347564-57eb0c1a58764dc78afe199e1ee22e3d.zip,Data/acceleration/acceleration-1784634347564-57eb0c1a58764dc78afe199e1ee22e3d.zip,2026/7/21 19:43,2026-07-21 19:43:00,100,g,117.888,"x,y,z",ok,review,timestamps not strictly increasing,paired_exact_subject_id,d12_05cc77f8a61e6e,exact HNU matches one d12 record,e6477bf873724653bc55d911fd9d7d36,d4cf9873428c45c385b0575241c093e2,1,11790,review,timestamps not strictly increasing,"parse,timestamp,gap,duration,constant,NaN/Inf",train
acceleration_430bb3d4531d2e,HNU11076,HNU11076,b2d99eb00d014cd380a64809a598ffce,watch,acceleration,acceleration-1784972597551-a555d856b75748e1bc1f156e1242d1d1.zip,Data/acceleration/acceleration-1784972597551-a555d856b75748e1bc1f156e1242d1d1.zip,2026/7/25 17:43,2026-07-25 17:43:00,100,g,5.939,"x,y,z",ok,review,duration <30 sec,paired_exact_subject_id,d12_1812635abce179,exact HNU matches one d12 record,e4b5269074444f5b8d0b66aec7ffd5c6,e9ccb37ba6514cd08242f26c737843e1,1,600,review,duration <30 sec,"parse,timestamp,gap,duration,constant,NaN/Inf",validation
acceleration_b1c51bdfabfef7,HNU11012,HNU11012,c74e978864b14da582b723a710dfbb2e,watch,acceleration,acceleration-1784686518252-884d88066f724f9daab743274435d535.zip,Data/acceleration/acceleration-1784686518252-884d88066f724f9daab743274435d535.zip,2026/7/22 10:13,2026-07-22 10:13:00,100,g,119.843,"x,y,z",ok,review,obvious time gaps: 1,paired_exact_subject_id,d12_79bb71da1f76e9,exact HNU matches one d12 record,e405d4fe91264e04a5766ddc55b74bce,d4cf9873428c45c385b0575241c093e2,1,11800,review,obvious time gaps: 1,"parse,timestamp,gap,duration,constant,NaN/Inf",train
acceleration_f9a2d62eb11f69,HNU11094,HNU11094,3cb51e382d1545e0ae856b9714509e61,watch,acceleration,acceleration-1785135949113-5b01e054f4b649f782d966c8d892119c.zip,Data/acceleration/acceleration-1785135949113-5b01e054f4b649f782d966c8d892119c.zip,2026/7/27 15:03,2026-07-27 15:03:00,100,g,118.835,"x,y,z",ok,review,obvious time gaps: 1,paired_exact_subject_id,d12_85274e7c560787,exact HNU matches one d12 record,e287aa2b184c41e381ecf6a4681773ac,e9ccb37ba6514cd08242f26c737843e1,1,11660,review,obvious time gaps: 1,"parse,timestamp,gap,duration,constant,NaN/Inf",train
acceleration_9c9fb0bce69811,HNU11068,HNU11068,4d3c33d5f4ef475e95a76c3f6756c2c0,watch,acceleration,acceleration-1784963688087-936544ed85b944a9b227a407736e7a6a.zip,Data/acceleration/acceleration-1784963688087-936544ed85b944a9b227a407736e7a6a.zip,2026/7/25 15:12,2026-07-25 15:12:00,100,g,117.84,"x,y,z",ok,usable,,paired_exact_subject_id,d12_8a906d4da7a608,exact HNU matches one d12 record,e190882f214449b0940f8dca56b01bea,d4cf9873428c45c385b0575241c093e2,1,11790,usable,,"parse,timestamp,gap,duration,constant,NaN/Inf",validation
acceleration_b36494a0eafad8,HNU11078,HNU11078,5ae92f12c9414fbb886b2ad3fe7fd876,watch,acceleration,acceleration-1784973417103-e8783b9363b24434a79e8412b644dd91.zip,Data/acceleration/acceleration-1784973417103-e8783b9363b24434a79e8412b644dd91.zip,2026/7/25 17:54,2026-07-25 17:54:00,100,g,118.033,"x,y,z",ok,usable,,paired_exact_subject_id,d12_8b162c7eb65881,exact HNU matches one d12 record,dd6c25aa15084702821927fc49c9ec6c,e9ccb37ba6514cd08242f26c737843e1,1,11790,usable,,"parse,timestamp,gap,duration,constant,NaN/Inf",train
acceleration_259983c3014d6a,HNU11082,HNU11082,1897aec870234c838089321f7aaae271,watch,acceleration,acceleration-1785049167670-d7326d77bb374c8b8325f61faa09ac3b.zip,Data/acceleration/acceleration-1785049167670-d7326d77bb374c8b8325f61faa09ac3b.zip,2026/7/26 14:57,2026-07-26 14:57:00,100,g,118.127,"x,y,z",ok,usable,,paired_exact_subject_id,d12_12e9a19941df75,exact HNU matches one d12 record,dd192021d32d4a69a5eb8e5c5d816b56,e9ccb37ba6514cd08242f26c737843e1,1,11810,usable,,"parse,timestamp,gap,duration,constant,NaN/Inf",train
acceleration_aa6257fae5761a,HNU11066,HNU11066,32b323c7c80041eaaf5978a42cae4a0b,watch,acceleration,acceleration-1784882510665-f34b84bd6f2d433f80651f211a71f46c.zip,Data/acceleration/acceleration-1784882510665-f34b84bd6f2d433f80651f211a71f46c.zip,2026/7/24 16:39,2026-07-24 16:39:00,100,g,119.565,"x,y,z",ok,review,obvious time gaps: 1,paired_exact_subject_id,d12_978f53a6bbc1a2,exact HNU matches one d12 record,dbcd438a2bba42bdafd4b1285f427546,d4cf9873428c45c385b0575241c093e2,1,11780,review,obvious time gaps: 1,"parse,timestamp,gap,duration,constant,NaN/Inf",train
acceleration_7803126d004a02,HNU11022,HNU11022,3dd3343b6f274bcb8b119fde10f1dea8,watch,acceleration,acceleration-1784719571375-638b2227d5a74fe69c8c564fed5f9fcd.zip,Data/acceleration/acceleration-1784719571375-638b2227d5a74fe69c8c564fed5f9fcd.zip,2026/7/22 19:24,2026-07-22 19:24:00,100,g,117.73,"x,y,z",ok,usable,,paired_exact_subject_id,d12_73b74af6caf256,exact HNU matches one d12 record,db9ade987580440da295a4902762ca80,d4cf9873428c45c385b0575241c093e2,1,11770,usable,,"parse,timestamp,gap,duration,constant,NaN/Inf",train
acceleration_2dabce491d60e1,HNU11027,HNU11027,ae51a4814aa84b9d83fbafd05cfa1216,watch,acceleration,acceleration-1784708557533-370e1b81c0b64681bafeb00ac1cbcf65.zip,Data/acceleration/acceleration-1784708557533-370e1b81c0b64681bafeb00ac1cbcf65.zip,2026/7/22 16:20,2026-07-22 16:20:00,100,g,117.929,"x,y,z",ok,usable,,paired_exact_subject_id,d12_e2f88f8aae3a9b,exact HNU matches one d12 record,d95ebcfb527745b58fa9998ca5a69bae,d4cf9873428c45c385b0575241c093e2,1,11790,usable,,"parse,timestamp,gap,duration,constant,NaN/Inf",train
acceleration_1f9fa24b1e99b9,HNU11076,HNU11076,ffa84194a7164c1fb310f7d2acf213cd,watch,acceleration,acceleration-1785402183881-08a6a9aeacc34fd4aa726c9436b935ff.zip,Data/acceleration/acceleration-1785402183881-08a6a9aeacc34fd4aa726c9436b935ff.zip,2026/7/30 17:01,2026-07-30 17:01:00,100,g,119.402,"x,y,z",ok,review,obvious time gaps: 1,paired_exact_subject_id,d12_1812635abce179,exact HNU matches one d12 record,d88d150c2fdd45608da1373af6584fa1,e9ccb37ba6514cd08242f26c737843e1,1,11670,review,obvious time gaps: 1,"parse,timestamp,gap,duration,constant,NaN/Inf",validation
acceleration_b25b8eb5ccd905,7DE,7DE,dfad1cad07104ab0a2e41c9b81dafdf2,watch,acceleration,acceleration-1784271170221-f1a3914df4cc4ce48af268aa5c06eb76.zip,Data/acceleration/acceleration-1784271170221-f1a3914df4cc4ce48af268aa5c06eb76.zip,2026/7/17 14:50,2026-07-17 14:50:00,100,g,119.079,"x,y,z",ok,review,obvious time gaps: 1,review_missing_d12,,no d12 record with same HNU,d0eb19ee9aaa42ef9e1b199724fe46ef,d4cf9873428c45c385b0575241c093e2,1,11700,review,obvious time gaps: 1,"parse,timestamp,gap,duration,constant,NaN/Inf",train
acceleration_82dbaa6ef15185,HNU11053,HNU11053,2b75f7da5c3b4fb3b06814c893906c51,watch,acceleration,acceleration-1784859583490-6d0b1faae68547f799ae8dc3704a0f89.zip,Data/acceleration/acceleration-1784859583490-6d0b1faae68547f799ae8dc3704a0f89.zip,2026/7/24 10:17,2026-07-24 10:17:00,100,g,117.747,"x,y,z",ok,review,timestamps not strictly increasing,paired_exact_subject_id,d12_b10757ed8a53eb,exact HNU matches one d12 record,cdce58ceaa164e419217bbbaaef118b3,d4cf9873428c45c385b0575241c093e2,1,11680,review,timestamps not strictly increasing,"parse,timestamp,gap,duration,constant,NaN/Inf",train
acceleration_e3c5c6f21ba6c1,HNU11097,HNU11097,cee695c4f62f4c1d9e0c2cf239ef1bd3,watch,acceleration,acceleration-1785139264209-b8c7ead5d731475db86827d8d79b1088.zip,Data/acceleration/acceleration-1785139264209-b8c7ead5d731475db86827d8d79b1088.zip,2026/7/27 15:59,2026-07-27 15:59:00,,,,"x,y,z",read_error,reject,signal ZIP cannot be parsed; duration <30 sec; no numeric samples; sampling rate unavailable,paired_exact_subject_id,d12_ccd7eeac0e672a,exact HNU matches one d12 record,c9db91e588884a61833d7fc8c983cbb6,e9ccb37ba6514cd08242f26c737843e1,1,,reject,signal ZIP cannot be parsed; duration <30 sec; no numeric samples; sampling rate unavailable,"parse,timestamp,gap,duration,constant,NaN/Inf",train
acceleration_266daa7dfe898b,HNU11033,HNU11033,6dd815891b4443d8abc116a8c15bdb97,watch,acceleration,acceleration-1784775503616-b705bc28db614d6d82514024cd19ff7b.zip,Data/acceleration/acceleration-1784775503616-b705bc28db614d6d82514024cd19ff7b.zip,2026/7/23 10:56,2026-07-23 10:56:00,100,g,117.552,"x,y,z",ok,usable,,paired_exact_subject_id,d12_460ad0de7a2ebf,exact HNU matches one d12 record,c2de3bfcb9ae47c0b4e5b2add67f15fb,d4cf9873428c45c385b0575241c093e2,1,11750,usable,,"parse,timestamp,gap,duration,constant,NaN/Inf",train
acceleration_d2abc6da711e1b,HNU11061,HNU11061,d3314e2a1f8d431c9ddbc4804befb6c7,watch,acceleration,acceleration-1784877786158-fc2df50cea8b48e29fe0ce945ec0412c.zip,Data/acceleration/acceleration-1784877786158-fc2df50cea8b48e29fe0ce945ec0412c.zip,2026/7/24 15:21,2026-07-24 15:21:00,100,g,117.84,"x,y,z",ok,usable,,paired_exact_subject_id,d12_2955afb92d0642,exact HNU matches one d12 record,c20676a177014eb39c9d7c4ae220e3bb,d4cf9873428c45c385b0575241c093e2,1,11780,usable,,"parse,timestamp,gap,duration,constant,NaN/Inf",validation
acceleration_9566548c8bdc01,HNU11090,HNU11090,74065fa62bf24c88a59d810b53c1b4a5,watch,acceleration,acceleration-1785055677160-2c89cf3661954857b504b8ee293b0fa4.zip,Data/acceleration/acceleration-1785055677160-2c89cf3661954857b504b8ee293b0fa4.zip,2026/7/26 16:45,2026-07-26 16:45:00,100,g,117.115,"x,y,z",ok,usable,,paired_exact_subject_id,d12_0c5d2279cd0d26,exact HNU matches one d12 record,c05e8014e8db4680b3e334fc36d94a0f,e9ccb37ba6514cd08242f26c737843e1,1,11710,usable,,"parse,timestamp,gap,duration,constant,NaN/Inf",train
acceleration_c75e381fcb9bb5,HNU11101,HNU11101,8314dbb9dbd649e19be8cf0765708c72,watch,acceleration,acceleration-1785229210480-e48b0539b17d4436b80454e1f9b58fd7.zip,Data/acceleration/acceleration-1785229210480-e48b0539b17d4436b80454e1f9b58fd7.zip,2026/7/28 16:58,2026-07-28 16:58:00,100,g,118.9,"x,y,z",ok,review,obvious time gaps: 1,paired_exact_subject_id,d12_1ec9cee338b2b9,exact HNU matches one d12 record,bebde8305e5746dab859575ec758a11c,e9ccb37ba6514cd08242f26c737843e1,1,11660,review,obvious time gaps: 1,"parse,timestamp,gap,duration,constant,NaN/Inf",train
acceleration_2151b9f1b7364a,HNU11081,HNU11081,ec72f8fc24b44e08aab56e9ffbaccecb,watch,acceleration,acceleration-1785048291128-0b43f4f9ecec46abad4394a1577b4d00.zip,Data/acceleration/acceleration-1785048291128-0b43f4f9ecec46abad4394a1577b4d00.zip,2026/7/26 14:42,2026-07-26 14:42:00,100,g,117.934,"x,y,z",ok,usable,,paired_exact_subject_id,d12_da584107d6226d,exact HNU matches one d12 record,b9da32fdc9ed44e8bc30f602c99e02f4,e9ccb37ba6514cd08242f26c737843e1,1,11790,usable,,"parse,timestamp,gap,duration,constant,NaN/Inf",train
acceleration_32565ba357d223,HNU11003,HNU11003,40947543d2524af89db001c24104ad32,watch,acceleration,acceleration-1784710211664-4db88546b94e4fd69ccb6e33c2325561.zip,Data/acceleration/acceleration-1784710211664-4db88546b94e4fd69ccb6e33c2325561.zip,2026/7/22 16:50,2026-07-22 16:50:00,100,g,1.326,"x,y,z",ok,review,timestamps not strictly increasing; duration <30 sec,paired_exact_subject_id,d12_2a478d28d88149,exact HNU matches one d12 record,b9559e4630df49489d3d7e173da62317,d4cf9873428c45c385b0575241c093e2,1,130,review,timestamps not strictly increasing; duration <30 sec,"parse,timestamp,gap,duration,constant,NaN/Inf",train
acceleration_73407a39d97d2f,HNU11045,HNU11045,0b5fc20eade148e29e26d273bdfb14ce,watch,acceleration,acceleration-1784793564989-af83dfcdf49a4ace83a5d430c4d5522a.zip,Data/acceleration/acceleration-1784793564989-af83dfcdf49a4ace83a5d430c4d5522a.zip,2026/7/23 15:57,2026-07-23 15:57:00,100,g,117.746,"x,y,z",ok,usable,,paired_exact_subject_id,d12_463ed4f961ac90,exact HNU matches one d12 record,b5083b3b37be4f9bbb4faa64e67f4978,d4cf9873428c45c385b0575241c093e2,1,11770,usable,,"parse,timestamp,gap,duration,constant,NaN/Inf",train
acceleration_4df0b8fa7b7670,HNU11076,HNU11076,e1c1a1df51364f2f8c67c5284f661b34,watch,acceleration,acceleration-1785401630930-7542a974f8ec4e98a5e4052161f77dbc.zip,Data/acceleration/acceleration-1785401630930-7542a974f8ec4e98a5e4052161f77dbc.zip,2026/7/30 16:53,2026-07-30 16:53:00,100,g,10.09,"x,y,z",ok,review,duration <30 sec,paired_exact_subject_id,d12_1812635abce179,exact HNU matches one d12 record,b146f59cbb2b4ea8a377786a6a231b7d,e9ccb37ba6514cd08242f26c737843e1,1,1010,review,duration <30 sec,"parse,timestamp,gap,duration,constant,NaN/Inf",validation
acceleration_a94668cb9bfb96,HNU11095,HNU11095,3475c61d0a2d4410ae39e547138cb28f,watch,acceleration,acceleration-1785136273589-4301e736cd9649b6b134fc261ee3c2c2.zip,Data/acceleration/acceleration-1785136273589-4301e736cd9649b6b134fc261ee3c2c2.zip,2026/7/27 15:09,2026-07-27 15:09:00,100,g,119.307,"x,y,z",ok,review,obvious time gaps: 1,paired_exact_subject_id,d12_a8861d947ae5c3,exact HNU matches one d12 record,b108bd61675145d597d5ab34eea87dcc,e9ccb37ba6514cd08242f26c737843e1,1,11690,review,obvious time gaps: 1,"parse,timestamp,gap,duration,constant,NaN/Inf",train
acceleration_b130c18f2619f9,HNU11008,HNU11008,fb5b28902009488186826d4e65c90396,watch,acceleration,acceleration-1784635037301-f8565d8927104d90a6695b71ff84f620.zip,Data/acceleration/acceleration-1784635037301-f8565d8927104d90a6695b71ff84f620.zip,2026/7/21 19:55,2026-07-21 19:55:00,100,g,117.783,"x,y,z",ok,usable,,paired_exact_subject_id,d12_dce8245c318ba3,exact HNU matches one d12 record,b0e7cda528ce4eadbc48419a2eeeaf44,d4cf9873428c45c385b0575241c093e2,1,11780,usable,,"parse,timestamp,gap,duration,constant,NaN/Inf",validation
acceleration_9d4a9c54b4f8c2,HNU11070,HNU11070,e098d83c3e114b4b9114275c8a32b9ec,watch,acceleration,acceleration-1784965905794-a7decb3649b348b3a0a50f9bf16ba98d.zip,Data/acceleration/acceleration-1784965905794-a7decb3649b348b3a0a50f9bf16ba98d.zip,2026/7/25 15:49,2026-07-25 15:49:00,100,g,117.744,"x,y,z",ok,usable,,paired_exact_subject_id,d12_f1d86b19035156,exact HNU matches one d12 record,b090d219225b4a3daa7bd4521a0c76cb,e9ccb37ba6514cd08242f26c737843e1,1,11770,usable,,"parse,timestamp,gap,duration,constant,NaN/Inf",validation
acceleration_0522625cab35bc,HNU11049,HNU11049,b90ec108ce064d75a5ebd8a55bf47e62,watch,acceleration,acceleration-1784794741375-bcab607c8c4b43148aac588e18e94290.zip,Data/acceleration/acceleration-1784794741375-bcab607c8c4b43148aac588e18e94290.zip,2026/7/23 16:17,2026-07-23 16:17:00,100,g,117.888,"x,y,z",ok,usable,,paired_exact_subject_id,d12_2de2cfb0eea222,exact HNU matches one d12 record,af56674eda5a4a98913966f9f044218d,d4cf9873428c45c385b0575241c093e2,1,11790,usable,,"parse,timestamp,gap,duration,constant,NaN/Inf",validation
acceleration_df5888886d90a2,HNU11028,HNU11028,7302a0e31407480296ac5edf82c422b4,watch,acceleration,acceleration-1784708923567-b56665faa5d5464b87cc6b71e8623027.zip,Data/acceleration/acceleration-1784708923567-b56665faa5d5464b87cc6b71e8623027.zip,2026/7/22 16:26,2026-07-22 16:26:00,100,g,118.031,"x,y,z",ok,usable,,paired_exact_subject_id,d12_e923c094e4d2bf,exact HNU matches one d12 record,abcd76cfdc7b43a08379cc9836f41697,d4cf9873428c45c385b0575241c093e2,1,11800,usable,,"parse,timestamp,gap,duration,constant,NaN/Inf",train
acceleration_a1a637d0d9120d,HNU11064,HNU11064,412810b6bde7471391336c5331a36428,watch,acceleration,acceleration-1784878664299-c8735d07ae584296847de90238df1470.zip,Data/acceleration/acceleration-1784878664299-c8735d07ae584296847de90238df1470.zip,2026/7/24 15:35,2026-07-24 15:35:00,100,g,117.944,"x,y,z",ok,usable,,paired_exact_subject_id,d12_1fc3b9df64cfb4,exact HNU matches one d12 record,a8baca8f7efb4e9d87b892b22db90c54,d4cf9873428c45c385b0575241c093e2,1,11790,usable,,"parse,timestamp,gap,duration,constant,NaN/Inf",train
acceleration_abc123b90d7339,HNU11089,HNU11089,7b8ccfc051204cf3b5f89e795bb2f1ff,watch,acceleration,acceleration-1785055270383-fc6cd3ce0452466a8faf985734a084b0.zip,Data/acceleration/acceleration-1785055270383-fc6cd3ce0452466a8faf985734a084b0.zip,2026/7/26 16:39,2026-07-26 16:39:00,100,g,117.99,"x,y,z",ok,usable,,paired_exact_subject_id,d12_b61a7dac96eb72,exact HNU matches one d12 record,a56c3895c5d54d9db4b0b6713961cbde,e9ccb37ba6514cd08242f26c737843e1,1,11800,usable,,"parse,timestamp,gap,duration,constant,NaN/Inf",train
acceleration_cfa27ccc6ac86f,HNU11032,HNU11032,b94245c5e0b04d1483cd6232e0f22115,watch,acceleration,acceleration-1784774492853-fc75ea1c8f0449e8bdc39e8be98bc3ad.zip,Data/acceleration/acceleration-1784774492853-fc75ea1c8f0449e8bdc39e8be98bc3ad.zip,2026/7/23 10:39,2026-07-23 10:39:00,100,g,118.037,"x,y,z",ok,usable,,paired_exact_subject_id,d12_d462736bb9ae39,exact HNU matches one d12 record,a35d3b7e67a442cca3ec3e22438ad55a,d4cf9873428c45c385b0575241c093e2,1,11800,usable,,"parse,timestamp,gap,duration,constant,NaN/Inf",train
acceleration_897e5b5146ea8d,HNU11057,HNU11057,641fe7a862d94da1af59b63aec0ad77b,watch,acceleration,acceleration-1784860797239-df2cbb6379ec47d4a0378c28e914c2d7.zip,Data/acceleration/acceleration-1784860797239-df2cbb6379ec47d4a0378c28e914c2d7.zip,2026/7/24 10:37,2026-07-24 10:37:00,100,g,117.849,"x,y,z",ok,usable,,paired_exact_subject_id,d12_d3ed2c2e979994,exact HNU matches one d12 record,a1ee372e9c384f98b613b6ed0b37dd92,d4cf9873428c45c385b0575241c093e2,1,11780,usable,,"parse,timestamp,gap,duration,constant,NaN/Inf",validation
acceleration_5d926e80cbe3d0,HNU11007,HNU11007,68732538afcc49f8b5ff39f7280c7df8,watch,acceleration,acceleration-1784634104675-8020fce744f54bcfa3aa73d66e209ef6.zip,Data/acceleration/acceleration-1784634104675-8020fce744f54bcfa3aa73d66e209ef6.zip,2026/7/21 19:36,2026-07-21 19:36:00,100,g,6.316,"x,y,z",ok,review,duration <30 sec,paired_exact_subject_id,d12_05cc77f8a61e6e,exact HNU matches one d12 record,a1bc86eb6ce9442cbf83fd0ceba2b70a,d4cf9873428c45c385b0575241c093e2,1,640,review,duration <30 sec,"parse,timestamp,gap,duration,constant,NaN/Inf",train
acceleration_6946906c6d358f,HNU11006,HNU11006,0bdaa2b51a264ca2a384972f69529636,watch,acceleration,acceleration-1784634047204-42c75cad42c442d9a0b612a7b32e6889.zip,Data/acceleration/acceleration-1784634047204-42c75cad42c442d9a0b612a7b32e6889.zip,2026/7/21 19:31,2026-07-21 19:31:00,100,g,117.452,"x,y,z",ok,usable,,paired_exact_subject_id,d12_d12708ecccbfab,exact HNU matches one d12 record,9bed3af5ad8c44e69a422779ca1c5175,d4cf9873428c45c385b0575241c093e2,1,11740,usable,,"parse,timestamp,gap,duration,constant,NaN/Inf",train
acceleration_01f61303be9be0,HNU11079,HNU11079,ba328a681c6b4e05bd43ca9b329664ab,watch,acceleration,acceleration-1785046346641-2f181784e0e14d038bb1df3ab53520be.zip,Data/acceleration/acceleration-1785046346641-2f181784e0e14d038bb1df3ab53520be.zip,2026/7/26 14:10,2026-07-26 14:10:00,100,g,117.387,"x,y,z",ok,usable,,paired_exact_subject_id,d12_add801e8c2ef5f,exact HNU matches one d12 record,9b290f0988424354af216c74624aec85,e9ccb37ba6514cd08242f26c737843e1,1,11740,usable,,"parse,timestamp,gap,duration,constant,NaN/Inf",train
acceleration_2c1c428b9d96eb,HNU11091,HNU11091,489a3843d30d4236879ae15e0388b478,watch,acceleration,acceleration-1785057368371-fabb916548b94e1a92a62f6d3dd469e4.zip,Data/acceleration/acceleration-1785057368371-fabb916548b94e1a92a62f6d3dd469e4.zip,2026/7/26 17:14,2026-07-26 17:14:00,100,g,103.593,"x,y,z",ok,usable,,paired_exact_subject_id,d12_14e679ac6083ad,exact HNU matches one d12 record,99bc6d2bbe2c4ca885d2163757553932,e9ccb37ba6514cd08242f26c737843e1,1,10370,usable,,"parse,timestamp,gap,duration,constant,NaN/Inf",train
acceleration_37529775f3dd2c,HNU11031,HNU11031,c141cc18996b43738c8be7dfe0dc3b17,watch,acceleration,acceleration-1784772872804-a29bff9433aa451d9df9ccd538f3b3d0.zip,Data/acceleration/acceleration-1784772872804-a29bff9433aa451d9df9ccd538f3b3d0.zip,2026/7/23 10:12,2026-07-23 10:12:00,100,g,117.665,"x,y,z",ok,review,timestamps not strictly increasing,paired_exact_subject_id,d12_74c7084de676e5,exact HNU matches one d12 record,90c8a6da156c43fd909e9d781657f5c5,d4cf9873428c45c385b0575241c093e2,1,11760,review,timestamps not strictly increasing,"parse,timestamp,gap,duration,constant,NaN/Inf",validation
acceleration_eb7fdee9653ee3,HNU11098,HNU11098,57bcf124935644619c20c703de51fb95,watch,acceleration,acceleration-1785140176947-8ffa97a4b75c475cbf172654f4a13777.zip,Data/acceleration/acceleration-1785140176947-8ffa97a4b75c475cbf172654f4a13777.zip,2026/7/27 16:14,2026-07-27 16:14:00,100,g,117.737,"x,y,z",ok,usable,,paired_exact_subject_id,d12_29a4c35841389f,exact HNU matches one d12 record,8d657a84f32549d38c036435be531130,e9ccb37ba6514cd08242f26c737843e1,1,11770,usable,,"parse,timestamp,gap,duration,constant,NaN/Inf",train
acceleration_2aee0b55e44b16,HNU11029,HNU11029,65f0e223626e4dcf944bcfa860d83115,watch,acceleration,acceleration-1784711717362-558f93975ff24499af721683d7ea7356.zip,Data/acceleration/acceleration-1784711717362-558f93975ff24499af721683d7ea7356.zip,2026/7/22 17:13,2026-07-22 17:13:00,100,g,117.749,"x,y,z",ok,usable,,paired_exact_subject_id,d12_9a90f2bbf90338,exact HNU matches one d12 record,8c5ec9faf7b54dbba5050bbf1ff71165,d4cf9873428c45c385b0575241c093e2,1,11770,usable,,"parse,timestamp,gap,duration,constant,NaN/Inf",validation
acceleration_6e25a9cd084b8f,A51,A51,50d5905045b74ed5b415ade95b6f2db0,watch,acceleration,acceleration-1784800419349-cd060585e3d24853a1854437756e4bb6.zip,Data/acceleration/acceleration-1784800419349-cd060585e3d24853a1854437756e4bb6.zip,2026/7/23 17:51,2026-07-23 17:51:00,100,g,117.648,"x,y,z",ok,review,obvious time gaps: 1,review_missing_d12,,no d12 record with same HNU,8c25d8c90c1d4756a12d0411cdffed5c,d4cf9873428c45c385b0575241c093e2,1,11600,review,obvious time gaps: 1,"parse,timestamp,gap,duration,constant,NaN/Inf",validation
acceleration_9973303b7f54e2,HNU11073,HNU11073,5d898a537d0d4b499daa4b17b4e0e30b,watch,acceleration,acceleration-1784969234807-cb05c895de584580b5df6800582d253f.zip,Data/acceleration/acceleration-1784969234807-cb05c895de584580b5df6800582d253f.zip,2026/7/25 16:45,2026-07-25 16:45:00,100,g,119.665,"x,y,z",ok,review,obvious time gaps: 1,paired_exact_subject_id,d12_d392187f2e2bdb,exact HNU matches one d12 record,8bbea96d4e7f43298e9354ebce55d8b5,e9ccb37ba6514cd08242f26c737843e1,1,11790,review,obvious time gaps: 1,"parse,timestamp,gap,duration,constant,NaN/Inf",train
acceleration_823c3990e81bd4,HNU11036,HNU11036,06cd154e46434caface2e4e0fc6a7030,watch,acceleration,acceleration-1784777441114-d55128e941fb4027905de108c0dfc568.zip,Data/acceleration/acceleration-1784777441114-d55128e941fb4027905de108c0dfc568.zip,2026/7/23 11:28,2026-07-23 11:28:00,100,g,117.651,"x,y,z",ok,usable,,paired_exact_subject_id,d12_27e00bd5675229,exact HNU matches one d12 record,8a90e1cb24bd40a0ab183a34c5d871f0,d4cf9873428c45c385b0575241c093e2,1,11760,usable,,"parse,timestamp,gap,duration,constant,NaN/Inf",train
acceleration_23161b0a94940f,HNU11099,HNU11099,7ff638cb60594674868ae28494343f8a,watch,acceleration,acceleration-1785204719011-6e97aed05a5a4c58b0f56d0305ea9a56.zip,Data/acceleration/acceleration-1785204719011-6e97aed05a5a4c58b0f56d0305ea9a56.zip,2026/7/28 10:09,2026-07-28 10:09:00,100,g,117.931,"x,y,z",ok,usable,,paired_exact_subject_id,d12_97423ca24d9abb,exact HNU matches one d12 record,8a66f9e17844472a986cbceace578616,e9ccb37ba6514cd08242f26c737843e1,1,11790,usable,,"parse,timestamp,gap,duration,constant,NaN/Inf",validation
acceleration_7cf1d425f13293,HNU11039,HNU11039,938f3edd797847e489157b11d93739b1,watch,acceleration,acceleration-1784790784773-391381594f8f4c69a20713c70adb5e80.zip,Data/acceleration/acceleration-1784790784773-391381594f8f4c69a20713c70adb5e80.zip,2026/7/23 15:11,2026-07-23 15:11:00,100,g,117.84,"x,y,z",ok,usable,,paired_exact_subject_id,d12_7f1860e69f45b5,exact HNU matches one d12 record,874f9e11001044faac1a042fc96eac58,d4cf9873428c45c385b0575241c093e2,1,11780,usable,,"parse,timestamp,gap,duration,constant,NaN/Inf",train
acceleration_09c80cfdfc80e0,HNU11044,HNU11044,89a0595d00954181a4cbc7cd93a509e0,watch,acceleration,acceleration-1784793166720-f9f46df8929f4a0ab0ba26721bb1b919.zip,Data/acceleration/acceleration-1784793166720-f9f46df8929f4a0ab0ba26721bb1b919.zip,2026/7/23 15:50,2026-07-23 15:50:00,100,g,119.83,"x,y,z",ok,review,obvious time gaps: 1,paired_exact_subject_id,d12_c71f3cfe4e6257,exact HNU matches one d12 record,826cb5eeecc9439a98a6aaf103be6134,d4cf9873428c45c385b0575241c093e2,1,11760,review,obvious time gaps: 1,"parse,timestamp,gap,duration,constant,NaN/Inf",train
acceleration_3dd9b19b82a1e3,HNU11051,HNU11051,811b7066e3784f49a6f22364e806fcd4,watch,acceleration,acceleration-1784800077746-0c9103ae2e7c4a00b85015c0823fea75.zip,Data/acceleration/acceleration-1784800077746-0c9103ae2e7c4a00b85015c0823fea75.zip,2026/7/23 17:45,2026-07-23 17:45:00,100,g,119.708,"x,y,z",ok,review,obvious time gaps: 1,paired_exact_subject_id,d12_bcbd97e6a622b0,exact HNU matches one d12 record,8039c476ae114512bcb619f48ec5bb42,d4cf9873428c45c385b0575241c093e2,1,11700,review,obvious time gaps: 1,"parse,timestamp,gap,duration,constant,NaN/Inf",validation
acceleration_8c292ba6302c83,HNU11020,HNU11020,b621cd6871584d55abf398dda2187a20,watch,acceleration,acceleration-1784690420022-9ae26245ad8a41cfbad1d716b89e871f.zip,Data/acceleration/acceleration-1784690420022-9ae26245ad8a41cfbad1d716b89e871f.zip,2026/7/22 11:18,2026-07-22 11:18:00,100,g,117.845,"x,y,z",ok,usable,,paired_exact_subject_id,d12_9896b26fa933ef,exact HNU matches one d12 record,7dfd46a0020b45dabfb2df5e225e0513,d4cf9873428c45c385b0575241c093e2,1,11780,usable,,"parse,timestamp,gap,duration,constant,NaN/Inf",train
acceleration_4bc184ec01bf8b,HNU11050,HNU11050,74dd2630e49545ec864ec11fd248e3b5,watch,acceleration,acceleration-1784795980109-bb8db017c87649aca3cfa355cda8e1f3.zip,Data/acceleration/acceleration-1784795980109-bb8db017c87649aca3cfa355cda8e1f3.zip,2026/7/23 16:37,2026-07-23 16:37:00,100,g,117.855,"x,y,z",ok,usable,,paired_exact_subject_id,d12_f8cef52f655b7d,exact HNU matches one d12 record,7c2013b4fb314ed78f9e4a2381df7cf6,d4cf9873428c45c385b0575241c093e2,1,11790,usable,,"parse,timestamp,gap,duration,constant,NaN/Inf",train
acceleration_6c71629f012bae,HNU11042,HNU11042,f24b81931f2d4a12843849dc195954ee,watch,acceleration,acceleration-1784792249540-c9684864cb71402f96ca9034628119e7.zip,Data/acceleration/acceleration-1784792249540-c9684864cb71402f96ca9034628119e7.zip,2026/7/23 15:35,2026-07-23 15:35:00,100,g,117.932,"x,y,z",ok,usable,,paired_exact_subject_id,d12_ee67333557b702,exact HNU matches one d12 record,7b5bfb53e5184b9cbabdccd9322a7e74,d4cf9873428c45c385b0575241c093e2,1,11790,usable,,"parse,timestamp,gap,duration,constant,NaN/Inf",train
acceleration_b960aa15f803fd,HNU11096,HNU11096,ef37efbae4d841aaa605c8305245fc98,watch,acceleration,acceleration-1785136524791-ca56815818554d8a819856c3800a09f6.zip,Data/acceleration/acceleration-1785136524791-ca56815818554d8a819856c3800a09f6.zip,2026/7/27 15:13,2026-07-27 15:13:00,100,g,119.66,"x,y,z",ok,review,obvious time gaps: 1,paired_exact_subject_id,d12_cffb230e0e9aa3,exact HNU matches one d12 record,7b3bd6f0eb7b4ce7b33f6ab65edd2b77,e9ccb37ba6514cd08242f26c737843e1,1,11680,review,obvious time gaps: 1,"parse,timestamp,gap,duration,constant,NaN/Inf",train
acceleration_35aaf48fa7e6a0,HNU11092,HNU11092,7b541fb849d04e399556a504ff1b4b6f,watch,acceleration,acceleration-1785118806287-eefd037bcdb642b9ac36af66a6c0fc5a.zip,Data/acceleration/acceleration-1785118806287-eefd037bcdb642b9ac36af66a6c0fc5a.zip,2026/7/27 10:18,2026-07-27 10:18:00,100,g,117.948,"x,y,z",ok,review,timestamps not strictly increasing,paired_exact_subject_id,d12_af4ffaccfcd77f,exact HNU matches one d12 record,78280e7453004a3b9ddc2dde55accd17,e9ccb37ba6514cd08242f26c737843e1,1,11800,review,timestamps not strictly increasing,"parse,timestamp,gap,duration,constant,NaN/Inf",train
acceleration_b842e7d5ef772c,HNU11065,HNU11065,8f2f295209c743a8a80de9a624733521,watch,acceleration,acceleration-1784879982346-1fd948b6bfb04b8f9b9a20f46a0a83f5.zip,Data/acceleration/acceleration-1784879982346-1fd948b6bfb04b8f9b9a20f46a0a83f5.zip,2026/7/24 15:57,2026-07-24 15:57:00,100,g,117.764,"x,y,z",ok,usable,,paired_exact_subject_id,d12_0a5d33eea70d46,exact HNU matches one d12 record,7743db1c79c24592abce1d4279f415c6,d4cf9873428c45c385b0575241c093e2,1,11770,usable,,"parse,timestamp,gap,duration,constant,NaN/Inf",train
acceleration_6aac482bcac8f6,HNU11056,HNU11056,9ab8872dc144454c928058ce1c63e1d6,watch,acceleration,acceleration-1784860511402-2b94b93a153943d4b2af8ca3e283c8f7.zip,Data/acceleration/acceleration-1784860511402-2b94b93a153943d4b2af8ca3e283c8f7.zip,2026/7/24 10:33,2026-07-24 10:33:00,100,g,119.646,"x,y,z",ok,review,obvious time gaps: 1,paired_exact_subject_id,d12_4f0618718eae4a,exact HNU matches one d12 record,7611768508784ce9a2aaa119703a34db,d4cf9873428c45c385b0575241c093e2,1,11720,review,obvious time gaps: 1,"parse,timestamp,gap,duration,constant,NaN/Inf",train
acceleration_6bcd741e8f1485,HNU11071,HNU11071,eae3eec59e8243b0ae62d75176d0ba01,watch,acceleration,acceleration-1784966473877-dc831bb9479e46aa84eb0c8a8df9af71.zip,Data/acceleration/acceleration-1784966473877-dc831bb9479e46aa84eb0c8a8df9af71.zip,2026/7/25 15:59,2026-07-25 15:59:00,100,g,117.749,"x,y,z",ok,usable,,paired_exact_subject_id,d12_97b1bbdd984592,exact HNU matches one d12 record,74844ecbc4374849b79e5fe8255a8fdc,e9ccb37ba6514cd08242f26c737843e1,1,11770,usable,,"parse,timestamp,gap,duration,constant,NaN/Inf",train
acceleration_029a451047fa1f,HNU11038,HNU11038,414e3df747394d7b82b42b7cdf8cefb6,watch,acceleration,acceleration-1784790486368-98afd16f27864f488382c6c06ec1d02f.zip,Data/acceleration/acceleration-1784790486368-98afd16f27864f488382c6c06ec1d02f.zip,2026/7/23 15:06,2026-07-23 15:06:00,100,g,117.925,"x,y,z",ok,usable,,paired_exact_subject_id,d12_71c9ff8708e535,exact HNU matches one d12 record,6f2287d0b61c4f3b8985eb1cf69850a4,d4cf9873428c45c385b0575241c093e2,1,11800,usable,,"parse,timestamp,gap,duration,constant,NaN/Inf",train
acceleration_cb43e557709a8f,HNU11023,HNU11023,f535ef347e884d1c9a98b2567dfa8c8c,watch,acceleration,acceleration-1784704077169-133fff7cd521482cbdf1a4ffc32f89f8.zip,Data/acceleration/acceleration-1784704077169-133fff7cd521482cbdf1a4ffc32f89f8.zip,2026/7/22 15:05,2026-07-22 15:05:00,100,g,117.929,"x,y,z",ok,usable,,paired_exact_subject_id,d12_79923f75fb4746,exact HNU matches one d12 record,6f13a0bc87f240f7a023e9731b703faa,d4cf9873428c45c385b0575241c093e2,1,11800,usable,,"parse,timestamp,gap,duration,constant,NaN/Inf",train
acceleration_3d509b2dd1bd11,HNU11033,HNU11033,687688b9c43e4ccf94bf86630b132f14,watch,acceleration,acceleration-1784775308923-32cf443f28b3472398fa7d8d0184b933.zip,Data/acceleration/acceleration-1784775308923-32cf443f28b3472398fa7d8d0184b933.zip,2026/7/23 10:54,2026-07-23 10:54:00,100,g,47.002,"x,y,z",ok,review,duration 30-90 sec,paired_exact_subject_id,d12_460ad0de7a2ebf,exact HNU matches one d12 record,6c04ed0a3e844382aa6424c58b170311,d4cf9873428c45c385b0575241c093e2,1,4710,review,duration 30-90 sec,"parse,timestamp,gap,duration,constant,NaN/Inf",train
acceleration_572afd2a36d178,HNU11058,HNU11058,fe10166ca6a44ee4a0e6e70dc290cd48,watch,acceleration,acceleration-1784861078554-b30374989bc248c6a2385d1e7157ca44.zip,Data/acceleration/acceleration-1784861078554-b30374989bc248c6a2385d1e7157ca44.zip,2026/7/24 10:42,2026-07-24 10:42:00,100,g,119.632,"x,y,z",ok,review,obvious time gaps: 1,paired_exact_subject_id,d12_4320ee1a2247cf,exact HNU matches one d12 record,6bf71fa18cfc485fb3feaed00762ef67,d4cf9873428c45c385b0575241c093e2,1,11810,review,obvious time gaps: 1,"parse,timestamp,gap,duration,constant,NaN/Inf",train
acceleration_fa92929f3c32f2,HNU11100,HNU11100,b0cb4183a6f34f0c94c8b37b7336a5cd,watch,acceleration,acceleration-1785221910480-0194b7a40c284dafa8466112ed0c32e9.zip,Data/acceleration/acceleration-1785221910480-0194b7a40c284dafa8466112ed0c32e9.zip,2026/7/28 14:56,2026-07-28 14:56:00,100,g,103.429,"x,y,z",ok,usable,,paired_exact_subject_id,d12_e56509d8b6860d,exact HNU matches one d12 record,6b006183c2f6452492d3c55e112ea017,e9ccb37ba6514cd08242f26c737843e1,1,10340,usable,,"parse,timestamp,gap,duration,constant,NaN/Inf",train
acceleration_c96c41035b7839,HNU11059,HNU11059,dec35f77107943f3b00ccde8f003eb0d,watch,acceleration,acceleration-1784863029148-15a3c9194e2944e3b0e3ceddaff3871a.zip,Data/acceleration/acceleration-1784863029148-15a3c9194e2944e3b0e3ceddaff3871a.zip,2026/7/24 11:15,2026-07-24 11:15:00,100,g,117.737,"x,y,z",ok,usable,,paired_exact_subject_id,d12_1c235c205c25c5,exact HNU matches one d12 record,6a0c5f39527d454d828a8f0ce27dc945,d4cf9873428c45c385b0575241c093e2,1,11780,usable,,"parse,timestamp,gap,duration,constant,NaN/Inf",train
acceleration_d25b374a60e3c3,HNU11047,HNU11047,4c41727deeb2461791b188671187cb8d,watch,acceleration,acceleration-1784794130579-ca59d3dd88ae4d1e9a5fdef745c242d6.zip,Data/acceleration/acceleration-1784794130579-ca59d3dd88ae4d1e9a5fdef745c242d6.zip,2026/7/23 16:06,2026-07-23 16:06:00,100,g,117.754,"x,y,z",ok,usable,,paired_exact_subject_id,d12_f6f77ba435974f,exact HNU matches one d12 record,69646b8a398742db84f08938fb0b92c9,d4cf9873428c45c385b0575241c093e2,1,11710,usable,,"parse,timestamp,gap,duration,constant,NaN/Inf",train
acceleration_d3f448e35ee29f,HNU11054,HNU11054,e6c8b93b483c4dd0b18c728b5a29df2f,watch,acceleration,acceleration-1784859851026-0aa0c4aeec5b46f1bb9342c82f7df79e.zip,Data/acceleration/acceleration-1784859851026-0aa0c4aeec5b46f1bb9342c82f7df79e.zip,2026/7/24 10:22,2026-07-24 10:22:00,100,g,117.56,"x,y,z",ok,review,obvious time gaps: 1,paired_exact_subject_id,d12_3fdafd49fbef07,exact HNU matches one d12 record,6607ad6025624dc68aa05c0ded69d94b,d4cf9873428c45c385b0575241c093e2,1,11540,review,obvious time gaps: 1,"parse,timestamp,gap,duration,constant,NaN/Inf",validation
acceleration_e3291f73905e31,HNU11092,HNU11092,fecd7b4846b64feba7719f98f569bac7,watch,acceleration,acceleration-1785118680182-5a9ab08f05dc4cebadc05965db667b0d.zip,Data/acceleration/acceleration-1785118680182-5a9ab08f05dc4cebadc05965db667b0d.zip,2026/7/27 10:17,2026-07-27 10:17:00,100,g,11.222,"x,y,z",ok,review,duration <30 sec,paired_exact_subject_id,d12_af4ffaccfcd77f,exact HNU matches one d12 record,64b9d78bca1f47758e2167f81e9fede4,e9ccb37ba6514cd08242f26c737843e1,1,1130,review,duration <30 sec,"parse,timestamp,gap,duration,constant,NaN/Inf",train
acceleration_28561880fd3a8d,HNU11037,HNU11037,0f259d9ff9534c32a7f7f2b8848efed1,watch,acceleration,acceleration-1784777707022-81e261a043a24c74854085c85a4142ac.zip,Data/acceleration/acceleration-1784777707022-81e261a043a24c74854085c85a4142ac.zip,2026/7/23 11:33,2026-07-23 11:33:00,100,g,117.371,"x,y,z",ok,usable,,paired_exact_subject_id,d12_d219e0485a541a,exact HNU matches one d12 record,63452783cde944d1b8a7ddca51f1250e,d4cf9873428c45c385b0575241c093e2,1,11720,usable,,"parse,timestamp,gap,duration,constant,NaN/Inf",train
acceleration_63dfd43d7aa232,HNU11080,HNU11080,c08d7b7ae4844f96adc6874b586c78fd,watch,acceleration,acceleration-1785046651895-17ca287af3d04fccbb48b4cd9b9ffe87.zip,Data/acceleration/acceleration-1785046651895-17ca287af3d04fccbb48b4cd9b9ffe87.zip,2026/7/26 14:15,2026-07-26 14:15:00,100,g,117.86,"x,y,z",ok,usable,,paired_exact_subject_id,d12_534a58127d2afc,exact HNU matches one d12 record,5e957e10330e4c87a061de838aecdc5f,e9ccb37ba6514cd08242f26c737843e1,1,11790,usable,,"parse,timestamp,gap,duration,constant,NaN/Inf",train
acceleration_6b9dce28bf14bc,HNU11011,HNU11011,d89fec5f855845bfa4b60dbe3235d354,watch,acceleration,acceleration-1784686061958-419e9b36fa1c42a4bb5c4eebb5424477.zip,Data/acceleration/acceleration-1784686061958-419e9b36fa1c42a4bb5c4eebb5424477.zip,2026/7/22 10:05,2026-07-22 10:05:00,100,g,117.856,"x,y,z",ok,usable,,paired_exact_subject_id,d12_54b59401b7c03a,exact HNU matches one d12 record,5dc4d718020d471593cae8be93a24a56,d4cf9873428c45c385b0575241c093e2,1,11780,usable,,"parse,timestamp,gap,duration,constant,NaN/Inf",train
acceleration_9f4a71d3a100d5,HNU11062,HNU11062,de6b978835cf4baa96d6da99116e70a0,watch,acceleration,acceleration-1784878132227-259dafde8a784f038e5560e3fe5478af.zip,Data/acceleration/acceleration-1784878132227-259dafde8a784f038e5560e3fe5478af.zip,2026/7/24 15:26,2026-07-24 15:26:00,100,g,118.053,"x,y,z",ok,usable,,paired_exact_subject_id,d12_461a557ba84193,exact HNU matches one d12 record,5d7f6860e2014ae3985c6b1d39bd419a,d4cf9873428c45c385b0575241c093e2,1,11800,usable,,"parse,timestamp,gap,duration,constant,NaN/Inf",validation
acceleration_189ecdc01f8277,HNU11007,HNU11007,d05049ca8a5345c68677946b892958d8,watch,acceleration,acceleration-1784634107289-8693d3c5d3ee43f3a07cc8ce8de70dbb.zip,Data/acceleration/acceleration-1784634107289-8693d3c5d3ee43f3a07cc8ce8de70dbb.zip,2026/7/21 19:37,2026-07-21 19:37:00,100,g,118.05,"x,y,z",ok,usable,,paired_exact_subject_id,d12_05cc77f8a61e6e,exact HNU matches one d12 record,5ce9c60480584393ad9e4933df92a050,d4cf9873428c45c385b0575241c093e2,1,11720,usable,,"parse,timestamp,gap,duration,constant,NaN/Inf",train
acceleration_50a5777359d627,HNU11030,HNU11030,05f290ec073748898f2f6154f37b0117,watch,acceleration,acceleration-1784772539910-2321ee5eee4d4e1fabb85310ef749ba9.zip,Data/acceleration/acceleration-1784772539910-2321ee5eee4d4e1fabb85310ef749ba9.zip,2026/7/23 10:06,2026-07-23 10:06:00,100,g,117.744,"x,y,z",ok,usable,,paired_exact_subject_id,d12_9b3cc7e2573092,exact HNU matches one d12 record,5c301577c72d49f8bf272d48421adb4f,d4cf9873428c45c385b0575241c093e2,1,11770,usable,,"parse,timestamp,gap,duration,constant,NaN/Inf",train
acceleration_1c8216bc696880,HNU11101,HNU11101,65726b2dffb44762b38af28e64a08e3a,watch,acceleration,acceleration-1785229084322-f87bf61dd6734e2ca7390137a0c1867b.zip,Data/acceleration/acceleration-1785229084322-f87bf61dd6734e2ca7390137a0c1867b.zip,2026/7/28 16:56,2026-07-28 16:56:00,100,g,77.943,"x,y,z",ok,review,obvious time gaps: 1; duration 30-90 sec,paired_exact_subject_id,d12_1ec9cee338b2b9,exact HNU matches one d12 record,5a73795bb24d4d6c958e5908a70bec7d,e9ccb37ba6514cd08242f26c737843e1,1,7590,review,obvious time gaps: 1; duration 30-90 sec,"parse,timestamp,gap,duration,constant,NaN/Inf",train
acceleration_13d52166d7510d,HNU11100,HNU11100,bd2cd42a89b547f6b9b5b8cf0dd579ab,watch,acceleration,acceleration-1785222070913-a34850892ea74b0eab6d5d43ae9078a4.zip,Data/acceleration/acceleration-1785222070913-a34850892ea74b0eab6d5d43ae9078a4.zip,2026/7/28 14:59,2026-07-28 14:59:00,100,g,117.389,"x,y,z",ok,usable,,paired_exact_subject_id,d12_e56509d8b6860d,exact HNU matches one d12 record,57e107cc646c4e80aedefecfd7bf1e3b,e9ccb37ba6514cd08242f26c737843e1,1,11740,usable,,"parse,timestamp,gap,duration,constant,NaN/Inf",train
acceleration_ed8b1e06e2dc15,HNU11068,HNU11068,5a076a4ba8124ee885581a3a263a1ea6,watch,acceleration,acceleration-1784963432723-757ce08440eb4aad8f5db7d3cafc14fd.zip,Data/acceleration/acceleration-1784963432723-757ce08440eb4aad8f5db7d3cafc14fd.zip,2026/7/25 15:08,2026-07-25 15:08:00,100,g,117.915,"x,y,z",ok,usable,,paired_exact_subject_id,d12_8a906d4da7a608,exact HNU matches one d12 record,5635c594da28488d85b879a21bbfe24e,d4cf9873428c45c385b0575241c093e2,1,11700,usable,,"parse,timestamp,gap,duration,constant,NaN/Inf",validation
acceleration_6a1914d0b386ea,HNU11021,HNU11021,0ec90c31ee48432b94066bd99561250b,watch,acceleration,acceleration-1784689848237-b0d2e9f1f36447cc9bf7c948f980d896.zip,Data/acceleration/acceleration-1784689848237-b0d2e9f1f36447cc9bf7c948f980d896.zip,2026/7/22 11:08,2026-07-22 11:08:00,100,g,117.747,"x,y,z",ok,usable,,paired_exact_subject_id,d12_6972d607394654,exact HNU matches one d12 record,528570006f0341f1949a47c278708d12,d4cf9873428c45c385b0575241c093e2,1,11770,usable,,"parse,timestamp,gap,duration,constant,NaN/Inf",train
acceleration_c3612834951bb9,HNU11086,HNU11086,9a3c3c309efe475888215051ea396a72,watch,acceleration,acceleration-1785053013580-644679f23990451e8b4f79e0e7461e80.zip,Data/acceleration/acceleration-1785053013580-644679f23990451e8b4f79e0e7461e80.zip,2026/7/26 16:01,2026-07-26 16:01:00,100,g,117.747,"x,y,z",ok,usable,,paired_exact_subject_id,d12_a27f81682d6d56,exact HNU matches one d12 record,5278682449034eb38a225cefc88e18a3,e9ccb37ba6514cd08242f26c737843e1,1,11780,usable,,"parse,timestamp,gap,duration,constant,NaN/Inf",train
acceleration_9c54530e5c842b,HNU11034,HNU11034,628fce65f0b444a38813ae1beb8f4c1c,watch,acceleration,acceleration-1784775847137-c846f594f4f3425db4b8dfcef4b38c8e.zip,Data/acceleration/acceleration-1784775847137-c846f594f4f3425db4b8dfcef4b38c8e.zip,2026/7/23 11:02,2026-07-23 11:02:00,100,g,118.028,"x,y,z",ok,usable,,paired_exact_subject_id,d12_6dbd2e6358a534,exact HNU matches one d12 record,4fb2b732beb642cd96de09ff2b62c277,d4cf9873428c45c385b0575241c093e2,1,11800,usable,,"parse,timestamp,gap,duration,constant,NaN/Inf",train
acceleration_33e5e2338a8f41,HNU11015,HNU11015,1a05caf8bd964ce78a4c6f504e001e39,watch,acceleration,acceleration-1784687661472-c2b7ea8247bc46f083786e1aae1fff98.zip,Data/acceleration/acceleration-1784687661472-c2b7ea8247bc46f083786e1aae1fff98.zip,2026/7/22 10:32,2026-07-22 10:32:00,100,g,117.743,"x,y,z",ok,usable,,paired_exact_subject_id,d12_41ecff1837d533,exact HNU matches one d12 record,4e72db5169ce4b3c8325d6440fcf2ae9,d4cf9873428c45c385b0575241c093e2,1,11770,usable,,"parse,timestamp,gap,duration,constant,NaN/Inf",train
acceleration_7f4bfb5f710274,HNU11002,HNU11002,6f9f333097484f86a12537f3db4ecddf,watch,acceleration,acceleration-1784624347916-b7031188a88245298f87290528c15150.zip,Data/acceleration/acceleration-1784624347916-b7031188a88245298f87290528c15150.zip,2026/7/21 16:57,2026-07-21 16:57:00,100,g,117.931,"x,y,z",ok,usable,,paired_exact_subject_id,d12_0100000d4f7822,exact HNU matches one d12 record,4c12d063013f42449ee865de50d91532,d4cf9873428c45c385b0575241c093e2,1,11800,usable,,"parse,timestamp,gap,duration,constant,NaN/Inf",train
acceleration_d05eee886f8540,HNU11087,HNU11087,ef9ec00306624b4ca431692cf4cf83ad,watch,acceleration,acceleration-1785053470716-cdb7acf576b44228b03d2edac741928a.zip,Data/acceleration/acceleration-1785053470716-cdb7acf576b44228b03d2edac741928a.zip,2026/7/26 16:09,2026-07-26 16:09:00,100,g,117.281,"x,y,z",ok,usable,,paired_exact_subject_id,d12_145af1ec7842b7,exact HNU matches one d12 record,4bea01a438df48bf90120cedfee038b3,e9ccb37ba6514cd08242f26c737843e1,1,11730,usable,,"parse,timestamp,gap,duration,constant,NaN/Inf",train
acceleration_f740eb42466c9b,A51,A51,169dee2eb14442499473375e1e93c4d5,watch,acceleration,acceleration-1784614967240-dbcd12a5609843a5a20f55cac491a2b5.zip,Data/acceleration/acceleration-1784614967240-dbcd12a5609843a5a20f55cac491a2b5.zip,2026/7/21 14:22,2026-07-21 14:22:00,100,g,27.836,"x,y,z",ok,review,obvious time gaps: 1; duration <30 sec,review_missing_d12,,no d12 record with same HNU,48773eb75e184fdb9c1c7a25fd41dbf8,d4cf9873428c45c385b0575241c093e2,1,2620,review,obvious time gaps: 1; duration <30 sec,"parse,timestamp,gap,duration,constant,NaN/Inf",validation
acceleration_8b65cb53efbd0a,HNU11046,HNU11046,6825216a7fe04172829809b645b2941d,watch,acceleration,acceleration-1784793860264-7b2339d3256a423fafe8229c3d9008a0.zip,Data/acceleration/acceleration-1784793860264-7b2339d3256a423fafe8229c3d9008a0.zip,2026/7/23 16:02,2026-07-23 16:02:00,100,g,117.843,"x,y,z",ok,usable,,paired_exact_subject_id,d12_d1b1e27eb482c7,exact HNU matches one d12 record,44e7dde1f8944121ab5736ab798a6926,d4cf9873428c45c385b0575241c093e2,1,11790,usable,,"parse,timestamp,gap,duration,constant,NaN/Inf",validation
acceleration_c77a8197ee8c50,HNU11003,HNU11003,9e0c18cedec744e59f49e75afb6d5452,watch,acceleration,acceleration-1784710339574-e47facff02a24cd38e79a43bc7be6d03.zip,Data/acceleration/acceleration-1784710339574-e47facff02a24cd38e79a43bc7be6d03.zip,2026/7/22 16:50,2026-07-22 16:50:00,100,g,119.476,"x,y,z",ok,review,obvious time gaps: 1,paired_exact_subject_id,d12_2a478d28d88149,exact HNU matches one d12 record,448fbe74ffd94b9a91a0b6b9944f4538,d4cf9873428c45c385b0575241c093e2,1,11770,review,obvious time gaps: 1,"parse,timestamp,gap,duration,constant,NaN/Inf",train
acceleration_776cd6e6d50b6c,HNU11041,HNU11041,c83dbf51d61d4cab9c3f913b5da1e0b2,watch,acceleration,acceleration-1784791442700-bc43783dd9e74296a30d431141e63ac4.zip,Data/acceleration/acceleration-1784791442700-bc43783dd9e74296a30d431141e63ac4.zip,2026/7/23 15:22,2026-07-23 15:22:00,100,g,117.939,"x,y,z",ok,usable,,paired_exact_subject_id,d12_35d23ecb4dea20,exact HNU matches one d12 record,4325ae9e350f4da7a96e1816dd940ca9,d4cf9873428c45c385b0575241c093e2,1,11790,usable,,"parse,timestamp,gap,duration,constant,NaN/Inf",train
acceleration_23f6497e1e44e2,HNU11076,HNU11076,449ba868e8a74ef899ae01c499086890,watch,acceleration,acceleration-1785401656693-9cd9b0a258a942998ebf3c7b4d0ef662.zip,Data/acceleration/acceleration-1785401656693-9cd9b0a258a942998ebf3c7b4d0ef662.zip,2026/7/30 16:54,2026-07-30 16:54:00,100,g,10.939,"x,y,z",ok,review,duration <30 sec,paired_exact_subject_id,d12_1812635abce179,exact HNU matches one d12 record,42c2dc8327df4e6aae459487f6155f81,e9ccb37ba6514cd08242f26c737843e1,1,1100,review,duration <30 sec,"parse,timestamp,gap,duration,constant,NaN/Inf",validation
acceleration_33bef9f0572710,HNU11085,HNU11085,5830fe449e734d7295cdf61d6699a386,watch,acceleration,acceleration-1785051797266-a837983d2c9b4ce6bb35d700fef9a0a9.zip,Data/acceleration/acceleration-1785051797266-a837983d2c9b4ce6bb35d700fef9a0a9.zip,2026/7/26 15:41,2026-07-26 15:41:00,100,g,117.756,"x,y,z",ok,usable,,paired_exact_subject_id,d12_cc0c3b0df3aec2,exact HNU matches one d12 record,4254577362c94c469f47c7c9165a6376,e9ccb37ba6514cd08242f26c737843e1,1,11780,usable,,"parse,timestamp,gap,duration,constant,NaN/Inf",train
acceleration_67fec94a689a48,HNU11072,HNU11072,05b8d754ba3641b08a6161f48e936a98,watch,acceleration,acceleration-1784966894945-b711a4d3c1c14a79b6b0988bd2911b70.zip,Data/acceleration/acceleration-1784966894945-b711a4d3c1c14a79b6b0988bd2911b70.zip,2026/7/25 16:06,2026-07-25 16:06:00,100,g,119.367,"x,y,z",ok,review,obvious time gaps: 1,paired_exact_subject_id,d12_197ccfbd7661de,exact HNU matches one d12 record,3ea33a8f225948fb8d402dadb0d44226,e9ccb37ba6514cd08242f26c737843e1,1,11760,review,obvious time gaps: 1,"parse,timestamp,gap,duration,constant,NaN/Inf",train
acceleration_df1977121bf24f,HNU11016,HNU11016,241212a54ecc488592a0b7005787185f,watch,acceleration,acceleration-1784687945079-0ad1c682f4bc4d31abc1bccf5c8eff98.zip,Data/acceleration/acceleration-1784687945079-0ad1c682f4bc4d31abc1bccf5c8eff98.zip,2026/7/22 10:37,2026-07-22 10:37:00,100,g,117.567,"x,y,z",ok,usable,,paired_exact_subject_id,d12_5fd99b7f6a0359,exact HNU matches one d12 record,3c8ce3d818544a33978894f134f987ec,d4cf9873428c45c385b0575241c093e2,1,11760,usable,,"parse,timestamp,gap,duration,constant,NaN/Inf",train
acceleration_8f4322e835d8b1,HNU11024,HNU11024,6069dbb38f70477cb75c33a76f244fa4,watch,acceleration,acceleration-1784705642011-88c26695acc6485790910314adf06a52.zip,Data/acceleration/acceleration-1784705642011-88c26695acc6485790910314adf06a52.zip,2026/7/22 15:32,2026-07-22 15:32:00,100,g,117.738,"x,y,z",ok,usable,,paired_exact_subject_id,d12_1f73df7f634608,exact HNU matches one d12 record,3c39934c674d4cbd9dab2bfcfcc40f7b,d4cf9873428c45c385b0575241c093e2,1,11770,usable,,"parse,timestamp,gap,duration,constant,NaN/Inf",train
acceleration_f6c396c8fb73b1,HNU11084,HNU11084,65f153fa49fc43dc9893d1cfcf2d7b22,watch,acceleration,acceleration-1785051439691-f48a2e81f5924c4c922d32990914e591.zip,Data/acceleration/acceleration-1785051439691-f48a2e81f5924c4c922d32990914e591.zip,2026/7/26 15:35,2026-07-26 15:35:00,100,g,117.752,"x,y,z",ok,usable,,paired_exact_subject_id,d12_0b2b97044d07ae,exact HNU matches one d12 record,3bd2276330a747ec9d6bd09ddb3f2afe,e9ccb37ba6514cd08242f26c737843e1,1,11780,usable,,"parse,timestamp,gap,duration,constant,NaN/Inf",validation
acceleration_200e97113fc9a2,HNU11076,HNU11076,7cf21b5af2ff41b8b1a139f4faf11729,watch,acceleration,acceleration-1785401963965-89866a30e69b4a4f8516031b3b19ac81.zip,Data/acceleration/acceleration-1785401963965-89866a30e69b4a4f8516031b3b19ac81.zip,2026/7/30 16:57,2026-07-30 16:57:00,100,g,119.05,"x,y,z",ok,review,obvious time gaps: 1,paired_exact_subject_id,d12_1812635abce179,exact HNU matches one d12 record,36f842717005492e9f774b759832cd37,e9ccb37ba6514cd08242f26c737843e1,1,11690,review,obvious time gaps: 1,"parse,timestamp,gap,duration,constant,NaN/Inf",validation
acceleration_95dd79ce5eca2e,HNU11005,HNU11005,f724e059e6e341e89982a30c1600ebe6,watch,acceleration,acceleration-1784634032501-ebef6684f04944cba8541f44b4e2e897.zip,Data/acceleration/acceleration-1784634032501-ebef6684f04944cba8541f44b4e2e897.zip,2026/7/21 19:15,2026-07-21 19:15:00,100,g,117.646,"x,y,z",ok,usable,,paired_exact_subject_id,d12_1e5211198ea573,exact HNU matches one d12 record,36b173dc13f145bd98815cecfee5b03e,d4cf9873428c45c385b0575241c093e2,1,11760,usable,,"parse,timestamp,gap,duration,constant,NaN/Inf",train
acceleration_62297d896b6266,HNU11077,HNU11077,fcb1e0ca3d50499cbd451eea9747b787,watch,acceleration,acceleration-1784973079937-f78cf8e5d6524c75a8ada3f053a99f5a.zip,Data/acceleration/acceleration-1784973079937-f78cf8e5d6524c75a8ada3f053a99f5a.zip,2026/7/25 17:49,2026-07-25 17:49:00,100,g,117.373,"x,y,z",ok,usable,,paired_exact_subject_id,d12_beca710ccb8308,exact HNU matches one d12 record,3329854bdea04cc7a84ad1b835d35685,e9ccb37ba6514cd08242f26c737843e1,1,11740,usable,,"parse,timestamp,gap,duration,constant,NaN/Inf",train
acceleration_0ad748faf969b4,HNU11019,HNU11019,8d379d57e06b4948abef293d409041b3,watch,acceleration,acceleration-1784688902787-397bf3f456cf42b1808bf8b202666771.zip,Data/acceleration/acceleration-1784688902787-397bf3f456cf42b1808bf8b202666771.zip,2026/7/22 10:53,2026-07-22 10:53:00,100,g,117.942,"x,y,z",ok,usable,,paired_exact_subject_id,d12_6f66e0bce170ec,exact HNU matches one d12 record,2de4f383dea3426993f6ccd33566ae2a,d4cf9873428c45c385b0575241c093e2,1,11790,usable,,"parse,timestamp,gap,duration,constant,NaN/Inf",train
acceleration_4b5e973114848c,HNU11026,HNU11026,19cece2db6db4472b32f624b5c9158bb,watch,acceleration,acceleration-1784707430662-82f8ca240fe9406b87320131ccb9464d.zip,Data/acceleration/acceleration-1784707430662-82f8ca240fe9406b87320131ccb9464d.zip,2026/7/22 16:01,2026-07-22 16:01:00,100,g,119.587,"x,y,z",ok,review,obvious time gaps: 1,paired_exact_subject_id,d12_1169122ce7bb98,exact HNU matches one d12 record,2a7ecf58bbf84accaab2170d2bec6818,d4cf9873428c45c385b0575241c093e2,1,11780,review,obvious time gaps: 1,"parse,timestamp,gap,duration,constant,NaN/Inf",train
acceleration_b30b386eb2bace,HNU11063,HNU11063,bad270010fdb4f3d8a22a22906aa22e2,watch,acceleration,acceleration-1784878403693-8078d3678b954bb9a1a4b9649cac21f5.zip,Data/acceleration/acceleration-1784878403693-8078d3678b954bb9a1a4b9649cac21f5.zip,2026/7/24 15:31,2026-07-24 15:31:00,100,g,119.441,"x,y,z",ok,review,timestamps not strictly increasing; obvious time gaps: 1,paired_exact_subject_id,d12_076ea5daed5473,exact HNU matches one d12 record,2907814bc0ad45da8b28685700db1c69,d4cf9873428c45c385b0575241c093e2,1,11770,review,timestamps not strictly increasing; obvious time gaps: 1,"parse,timestamp,gap,duration,constant,NaN/Inf",train
acceleration_6f42aef8e0472d,HNU11088,HNU11088,ab8c74a24d984e1c9bd695898eb1c42a,watch,acceleration,acceleration-1785054969944-3d30570fcbd740a2b7b6024171c8d1f4.zip,Data/acceleration/acceleration-1785054969944-3d30570fcbd740a2b7b6024171c8d1f4.zip,2026/7/26 16:34,2026-07-26 16:34:00,100,g,117.181,"x,y,z",ok,usable,,paired_exact_subject_id,d12_1eab62c2755b0d,exact HNU matches one d12 record,2863a627a8d647618d5dbb21b59b780c,e9ccb37ba6514cd08242f26c737843e1,1,11720,usable,,"parse,timestamp,gap,duration,constant,NaN/Inf",train
acceleration_e965078e3adf02,HNU11025,HNU11025,ec04cf39b1264ef4a3a72f2ba3787016,watch,acceleration,acceleration-1784706978691-26b2fa4f24a7487ba30cec37aa0c8586.zip,Data/acceleration/acceleration-1784706978691-26b2fa4f24a7487ba30cec37aa0c8586.zip,2026/7/22 15:54,2026-07-22 15:54:00,100,g,117.652,"x,y,z",ok,usable,,paired_exact_subject_id,d12_5dffcd05ef1104,exact HNU matches one d12 record,25aeb33e2b244a37ae13c28656646a71,d4cf9873428c45c385b0575241c093e2,1,11760,usable,,"parse,timestamp,gap,duration,constant,NaN/Inf",validation
acceleration_b38fbe42764e6e,HNU11009,HNU11009,c3191933416149c9924e2dc26163c6df,watch,acceleration,acceleration-1784634740244-77a03df3a41246ec866805be8d0302dd.zip,Data/acceleration/acceleration-1784634740244-77a03df3a41246ec866805be8d0302dd.zip,2026/7/21 19:50,2026-07-21 19:50:00,100,g,117.658,"x,y,z",ok,usable,,paired_exact_subject_id,d12_e9f132a7b5350f,exact HNU matches one d12 record,22ad31eae8854fb3a30ca7b00c2f8109,d4cf9873428c45c385b0575241c093e2,1,11750,usable,,"parse,timestamp,gap,duration,constant,NaN/Inf",train
acceleration_a8d731d46a60b7,HNU11077,HNU11077,b45e0bb8459c4bf28fb126bead140831,watch,acceleration,acceleration-1784972955774-ed30095b17eb49c4a990c4eac31a5528.zip,Data/acceleration/acceleration-1784972955774-ed30095b17eb49c4a990c4eac31a5528.zip,2026/7/25 17:48,2026-07-25 17:48:00,100,g,16.978,"x,y,z",ok,review,duration <30 sec,paired_exact_subject_id,d12_beca710ccb8308,exact HNU matches one d12 record,224fab363a304dc990b2caa1de957dcc,e9ccb37ba6514cd08242f26c737843e1,1,1700,review,duration <30 sec,"parse,timestamp,gap,duration,constant,NaN/Inf",train
acceleration_d3ce6c1f7d445a,HNU11055,HNU11055,fc296147f0ad4faeb505aa177fe49fca,watch,acceleration,acceleration-1784860125860-b26b3143f9bc40d6ba5687256f3e4eff.zip,Data/acceleration/acceleration-1784860125860-b26b3143f9bc40d6ba5687256f3e4eff.zip,2026/7/24 10:26,2026-07-24 10:26:00,100,g,117.685,"x,y,z",ok,usable,,paired_exact_subject_id,d12_31943c13b2eab6,exact HNU matches one d12 record,209c3719ee134f6b85b81c445c44c208,d4cf9873428c45c385b0575241c093e2,1,11710,usable,,"parse,timestamp,gap,duration,constant,NaN/Inf",validation
acceleration_88a104260f1c30,HNU11014,HNU11014,f582d5d21d8c4902b776156ddedf21b7,watch,acceleration,acceleration-1784687333720-e557ce55aa2d46a29e7891e25d73c912.zip,Data/acceleration/acceleration-1784687333720-e557ce55aa2d46a29e7891e25d73c912.zip,2026/7/22 10:26,2026-07-22 10:26:00,100,g,118.025,"x,y,z",ok,usable,,paired_exact_subject_id,d12_b9e3e1526f5aac,exact HNU matches one d12 record,2057253447784a699b1b1d723be2ae68,d4cf9873428c45c385b0575241c093e2,1,11780,usable,,"parse,timestamp,gap,duration,constant,NaN/Inf",validation
acceleration_76995b2d817ccf,HNU11048,HNU11048,4290354af6104323b0e7042c77b90c2b,watch,acceleration,acceleration-1784794428303-d2d96813815b4d4c88f441b3df55636c.zip,Data/acceleration/acceleration-1784794428303-d2d96813815b4d4c88f441b3df55636c.zip,2026/7/23 16:11,2026-07-23 16:11:00,100,g,117.849,"x,y,z",ok,usable,,paired_exact_subject_id,d12_8b8cd8cfcd5d02,exact HNU matches one d12 record,203fd43c43df46469ff94380d5178a37,d4cf9873428c45c385b0575241c093e2,1,11770,usable,,"parse,timestamp,gap,duration,constant,NaN/Inf",validation
acceleration_c8a2cabdd79f5a,HNU11083,HNU11083,1783cb0a836d4a56b72e4ee0ec52efc0,watch,acceleration,acceleration-1785050718118-58d5afdaddcf4a3ea50e9d55bed66ad1.zip,Data/acceleration/acceleration-1785050718118-58d5afdaddcf4a3ea50e9d55bed66ad1.zip,2026/7/26 15:23,2026-07-26 15:23:00,100,g,117.466,"x,y,z",ok,usable,,paired_exact_subject_id,d12_d5b7f6a47c40b0,exact HNU matches one d12 record,1e56c7367bdf404290bce7675974f57c,e9ccb37ba6514cd08242f26c737843e1,1,11750,usable,,"parse,timestamp,gap,duration,constant,NaN/Inf",train
acceleration_ea4b2c4f4a0223,HNU11013,HNU11013,59241924b8e344e388ded3b05879cfcb,watch,acceleration,acceleration-1784687018496-c9c679aa79d64134b031daca93f89e38.zip,Data/acceleration/acceleration-1784687018496-c9c679aa79d64134b031daca93f89e38.zip,2026/7/22 10:21,2026-07-22 10:21:00,100,g,120.042,"x,y,z",ok,review,obvious time gaps: 1,paired_exact_subject_id,d12_ff969feb0f32a3,exact HNU matches one d12 record,18a88d120a1443b78f2f8486372410a9,d4cf9873428c45c385b0575241c093e2,1,11790,review,obvious time gaps: 1,"parse,timestamp,gap,duration,constant,NaN/Inf",train
acceleration_a32c2134baffcf,HNU11002,HNU11002,ac0ae620ac4d4e1593981bd24605a34f,watch,acceleration,acceleration-1784624223418-79e653b8a9df4adfb1daac7936226d02.zip,Data/acceleration/acceleration-1784624223418-79e653b8a9df4adfb1daac7936226d02.zip,2026/7/21 16:56,2026-07-21 16:56:00,100,g,6.599,"x,y,z",ok,review,duration <30 sec,paired_exact_subject_id,d12_0100000d4f7822,exact HNU matches one d12 record,17084929987f4b7591d0c568810c1054,d4cf9873428c45c385b0575241c093e2,1,660,review,duration <30 sec,"parse,timestamp,gap,duration,constant,NaN/Inf",train
acceleration_54e959422cf0c0,test,test,b1a00685856a4483a150b7c8bea621aa,watch,acceleration,acceleration-1785402228026-c07490f1f4e34e87aa1049aadf2bf21c.zip,Data/acceleration/acceleration-1785402228026-c07490f1f4e34e87aa1049aadf2bf21c.zip,2026/7/30 17:03,2026-07-30 17:03:00,100,g,14.875,"x,y,z",ok,review,obvious time gaps: 1; duration <30 sec,review_missing_d12,,no d12 record with same HNU,13b9f516f67c41c18cfcbd76399346c5,e9ccb37ba6514cd08242f26c737843e1,1,1310,review,obvious time gaps: 1; duration <30 sec,"parse,timestamp,gap,duration,constant,NaN/Inf",train
acceleration_99bdc396ca4723,HNU11018,HNU11018,4058e2edd2284dc2afb40d81f04d5178,watch,acceleration,acceleration-1784688576160-9c9803f69299416a8353055fa883628f.zip,Data/acceleration/acceleration-1784688576160-9c9803f69299416a8353055fa883628f.zip,2026/7/22 10:47,2026-07-22 10:47:00,100,g,119.565,"x,y,z",ok,review,obvious time gaps: 1,paired_exact_subject_id,d12_83317d672b265e,exact HNU matches one d12 record,104cf642d35e4a069812cb82f989d51d,d4cf9873428c45c385b0575241c093e2,1,11770,review,obvious time gaps: 1,"parse,timestamp,gap,duration,constant,NaN/Inf",train
acceleration_c0b10181c22c37,HNU11069,HNU11069,9ec418e3269a40269888ded45292b717,watch,acceleration,acceleration-1784964158876-9cf61a68c9e54efbbcd6dd53df84c391.zip,Data/acceleration/acceleration-1784964158876-9cf61a68c9e54efbbcd6dd53df84c391.zip,2026/7/25 15:20,2026-07-25 15:20:00,100,g,118.126,"x,y,z",ok,usable,,paired_exact_subject_id,d12_85fed2117c26e0,exact HNU matches one d12 record,103bf1fd92654cdb8964444ccde2e1aa,d4cf9873428c45c385b0575241c093e2,1,11810,usable,,"parse,timestamp,gap,duration,constant,NaN/Inf",train
acceleration_3956d952e691ca,HNU11076,HNU11076,3b173a0cb89c465293197e46402b11b6,watch,acceleration,acceleration-1784972687182-5832ce8c4ae84e28af91d3546bea07d7.zip,Data/acceleration/acceleration-1784972687182-5832ce8c4ae84e28af91d3546bea07d7.zip,2026/7/25 17:43,2026-07-25 17:43:00,100,g,82.458,"x,y,z",ok,review,duration 30-90 sec,paired_exact_subject_id,d12_1812635abce179,exact HNU matches one d12 record,077d6dc08f274325aa013c69675cd8d7,e9ccb37ba6514cd08242f26c737843e1,1,8250,review,duration 30-90 sec,"parse,timestamp,gap,duration,constant,NaN/Inf",validation
acceleration_f947ef08306d4e,HNU11074,HNU11074,950babf63a6545479b0995ddb023064d,watch,acceleration,acceleration-1784969541408-a54c6d9e519f42499914993053f4e727.zip,Data/acceleration/acceleration-1784969541408-a54c6d9e519f42499914993053f4e727.zip,2026/7/25 16:50,2026-07-25 16:50:00,100,g,117.979,"x,y,z",ok,review,timestamps not strictly increasing,paired_exact_subject_id,d12_159efea54a4622,exact HNU matches one d12 record,0775d0580565462a8bd31e6742c6d825,e9ccb37ba6514cd08242f26c737843e1,1,11790,review,timestamps not strictly increasing,"parse,timestamp,gap,duration,constant,NaN/Inf",train
acceleration_591963d630cd97,HNU11035,HNU11035,745d1ee36cea4f7e88b3d131bff3aa78,watch,acceleration,acceleration-1784777163368-2e8732a8c88846c1825e76304cd81059.zip,Data/acceleration/acceleration-1784777163368-2e8732a8c88846c1825e76304cd81059.zip,2026/7/23 11:24,2026-07-23 11:24:00,100,g,118.02,"x,y,z",ok,usable,,paired_exact_subject_id,d12_493a7d4ad9f543,exact HNU matches one d12 record,02c98b0ce75043d4a39ccc66b6cc6416,d4cf9873428c45c385b0575241c093e2,1,11800,usable,,"parse,timestamp,gap,duration,constant,NaN/Inf",train
acceleration_92528b330a2fdc,HNU11001,HNU11001,c017101036714e6e92f01dfebdc64b90,watch,acceleration,acceleration-1784617603207-a4d67bd34c5e4dd9af21dbc875aa09e5.zip,Data/acceleration/acceleration-1784617603207-a4d67bd34c5e4dd9af21dbc875aa09e5.zip,2026/7/21 15:04,2026-07-21 15:04:00,100,g,118.021,"x,y,z",ok,usable,,paired_exact_subject_id,d12_2910fb1963099a,exact HNU matches one d12 record,009b0d60abb74b5190e0682e0b9e16b5,d4cf9873428c45c385b0575241c093e2,1,11800,usable,,"parse,timestamp,gap,duration,constant,NaN/Inf",train
acceleration_a166e2ddadd512,HNU11108,HNU11108,b21c6e6078d7484f910910646c38e6f9,watch,acceleration,acceleration-1787734027567-c59988cfe6c14ab493b9f45cfa41a79d.zip,Data/acceleration/acceleration-1787734027567-c59988cfe6c14ab493b9f45cfa41a79d.zip,2026/8/26 16:45,2026-08-26 16:45:00,100,g,117.934,"x,y,z",ok,review,timestamps not strictly increasing,review_missing_d12,,no d12 record with same HNU,97a8c86834474cd8997cef350ebc1e2f,e9ccb37ba6514cd08242f26c737843e1,1,11790,review,timestamps not strictly increasing,"parse,timestamp,gap,duration,constant,NaN/Inf",train
acceleration_bae7546526de17,HNU11107,HNU11107,50048e862a4c41ce804c1059b49235e2,watch,acceleration,acceleration-1787646768219-cbe6f9c4de7440a1afff0f2acf4fa7f4.zip,Data/acceleration/acceleration-1787646768219-cbe6f9c4de7440a1afff0f2acf4fa7f4.zip,2026/8/25 16:30,2026-08-25 16:30:00,100,g,119.214,"x,y,z",ok,review,obvious time gaps: 1,review_missing_d12,,no d12 record with same HNU,1f3416f7a8d3459899dc249408c6a48d,e9ccb37ba6514cd08242f26c737843e1,1,11700,review,obvious time gaps: 1,"parse,timestamp,gap,duration,constant,NaN/Inf",train
acceleration_25a55bef586af6,HNU11107,HNU11107,1576fba66aa043629f783b8bb9f98302,watch,acceleration,acceleration-1787645819714-bb40308323ab4b7eb69a3e21fb96d17c.zip,Data/acceleration/acceleration-1787645819714-bb40308323ab4b7eb69a3e21fb96d17c.zip,2026/8/25 16:16,2026-08-25 16:16:00,100,g,51.136,"x,y,z",ok,review,obvious time gaps: 1; duration 30-90 sec,review_missing_d12,,no d12 record with same HNU,c5879269e0534922b8f467ddd377c060,e9ccb37ba6514cd08242f26c737843e1,1,4920,review,obvious time gaps: 1; duration 30-90 sec,"parse,timestamp,gap,duration,constant,NaN/Inf",train
acceleration_a5ae435130dbf1,HNU11106,HNU11106,4958cf28d87c4bd4a0dd296690c8b711,watch,acceleration,acceleration-1787644907171-f4aac74616b143269ecfff7cf86ca143.zip,Data/acceleration/acceleration-1787644907171-f4aac74616b143269ecfff7cf86ca143.zip,2026/8/25 15:59,2026-08-25 15:59:00,100,g,118.947,"x,y,z",ok,review,obvious time gaps: 1,review_missing_d12,,no d12 record with same HNU,556878681e694cbf9f6d8eda193d919d,e9ccb37ba6514cd08242f26c737843e1,1,11680,review,obvious time gaps: 1,"parse,timestamp,gap,duration,constant,NaN/Inf",train
acceleration_b7804b0b5cb801,HNU11105,HNU11105,09714ff3e6814e1f9cd399f2bc02cc01,watch,acceleration,acceleration-1787644143676-6ae3ba002bac490cb8d517cca25627b6.zip,Data/acceleration/acceleration-1787644143676-6ae3ba002bac490cb8d517cca25627b6.zip,2026/8/25 15:47,2026-08-25 15:47:00,100,g,119.23,"x,y,z",ok,review,obvious time gaps: 1,review_missing_d12,,no d12 record with same HNU,4392266da806466382976e3488e43653,e9ccb37ba6514cd08242f26c737843e1,1,11710,review,obvious time gaps: 1,"parse,timestamp,gap,duration,constant,NaN/Inf",train
acceleration_3d5e2dc47a7e71,HNU11104,HNU11104,12128f288bfb4302a1036fa7330cb0ea,watch,acceleration,acceleration-1787643127263-dd174201c2f54a61ad6afb78b9f90715.zip,Data/acceleration/acceleration-1787643127263-dd174201c2f54a61ad6afb78b9f90715.zip,2026/8/25 15:30,2026-08-25 15:30:00,100,g,118.076,"x,y,z",ok,usable,,review_missing_d12,,no d12 record with same HNU,25fc9037a9c947c9894e11db788b8cef,e9ccb37ba6514cd08242f26c737843e1,1,11810,usable,,"parse,timestamp,gap,duration,constant,NaN/Inf",validation
acceleration_5b86091b64ef63,HNU11103,HNU11103,51e4398ea01c467e8517e0c2758c3d41,watch,acceleration,acceleration-1787642380765-857878a2f4464fbd823c8ce7d4b36b78.zip,Data/acceleration/acceleration-1787642380765-857878a2f4464fbd823c8ce7d4b36b78.zip,2026/8/25 15:17,2026-08-25 15:17:00,100,g,118.033,"x,y,z",ok,usable,,review_missing_d12,,no d12 record with same HNU,182bfc2bce934ca4b055f54bcede6671,e9ccb37ba6514cd08242f26c737843e1,1,11810,usable,,"parse,timestamp,gap,duration,constant,NaN/Inf",train
acceleration_252274470eccb7,HNU11103,HNU11103,ad1444cd4da8435597687403cb4b6989,watch,acceleration,acceleration-1787642256622-6143c5841a304c54a69a990b43bcde6c.zip,Data/acceleration/acceleration-1787642256622-6143c5841a304c54a69a990b43bcde6c.zip,2026/8/25 15:17,2026-08-25 15:17:00,100,g,7.166,"x,y,z",ok,review,duration <30 sec,review_missing_d12,,no d12 record with same HNU,b3f2ff60fc8843a4826d68a3afdff335,e9ccb37ba6514cd08242f26c737843e1,1,720,review,duration <30 sec,"parse,timestamp,gap,duration,constant,NaN/Inf",train
acceleration_4ffdd53e20fd48,HNU11102,HNU11102,0a00f5c732224d5e868b0900365b51dd,watch,acceleration,acceleration-1787626009736-9711f43f40264d7bb912742d234eec74.zip,Data/acceleration/acceleration-1787626009736-9711f43f40264d7bb912742d234eec74.zip,2026/8/25 10:44,2026-08-25 10:44:00,100,g,117.851,"x,y,z",ok,usable,,review_missing_d12,,no d12 record with same HNU,51832d725afe43af90e297c4e6537470,e9ccb37ba6514cd08242f26c737843e1,1,11780,usable,,"parse,timestamp,gap,duration,constant,NaN/Inf",train
d6_7af5800d4bca9f,HNU11001,HNU11001,,ecg_machine_d6,ecg_d6,20260721-151009_HNU11001.xml,Data/心电图机d6/20260721-151009_HNU11001.xml,20260721151009,2026-07-21 15:10:09,1000,uV,120.0,"MDC_ECG_LEAD_AVF,MDC_ECG_LEAD_AVL,MDC_ECG_LEAD_AVR,MDC_ECG_LEAD_I,MDC_ECG_LEAD_II,MDC_ECG_LEAD_III,MDC_ECG_LEAD_V1,MDC_ECG_LEAD_V2,MDC_ECG_LEAD_V3,MDC_ECG_LEAD_V4,MDC_ECG_LEAD_V5,MDC_ECG_LEAD_V6",ok,usable,,,,,,,,,usable,,"parse,duration,leads,waveform,NaN/Inf",train
d6_2ea2c390e9db3a,HNU11002,HNU11002,,ecg_machine_d6,ecg_d6,20260721-170217_HNU11002.xml,Data/心电图机d6/20260721-170217_HNU11002.xml,20260721170217,2026-07-21 17:02:17,1000,uV,122.0,"MDC_ECG_LEAD_AVF,MDC_ECG_LEAD_AVL,MDC_ECG_LEAD_AVR,MDC_ECG_LEAD_I,MDC_ECG_LEAD_II,MDC_ECG_LEAD_III,MDC_ECG_LEAD_V1,MDC_ECG_LEAD_V2,MDC_ECG_LEAD_V3,MDC_ECG_LEAD_V4,MDC_ECG_LEAD_V5,MDC_ECG_LEAD_V6",ok,usable,,,,,,,,,usable,,"parse,duration,leads,waveform,NaN/Inf",train
d6_ef98dd4662a69e,HNU11004,HNU11004,,ecg_machine_d6,ecg_d6,20260721-172916_HNU11004.xml,Data/心电图机d6/20260721-172916_HNU11004.xml,20260721172916,2026-07-21 17:29:16,1000,uV,121.0,"MDC_ECG_LEAD_AVF,MDC_ECG_LEAD_AVL,MDC_ECG_LEAD_AVR,MDC_ECG_LEAD_I,MDC_ECG_LEAD_II,MDC_ECG_LEAD_III,MDC_ECG_LEAD_V1,MDC_ECG_LEAD_V2,MDC_ECG_LEAD_V3,MDC_ECG_LEAD_V4,MDC_ECG_LEAD_V5,MDC_ECG_LEAD_V6",ok,usable,,,,,,,,,usable,,"parse,duration,leads,waveform,NaN/Inf",train
d6_00427f3f5d5ed8,HNU11005,HNU11005,,ecg_machine_d6,ecg_d6,20260721-191951_HNU11005.xml,Data/心电图机d6/20260721-191951_HNU11005.xml,20260721191951,2026-07-21 19:19:51,1000,uV,122.0,"MDC_ECG_LEAD_AVF,MDC_ECG_LEAD_AVL,MDC_ECG_LEAD_AVR,MDC_ECG_LEAD_I,MDC_ECG_LEAD_II,MDC_ECG_LEAD_III,MDC_ECG_LEAD_V1,MDC_ECG_LEAD_V2,MDC_ECG_LEAD_V3,MDC_ECG_LEAD_V4,MDC_ECG_LEAD_V5,MDC_ECG_LEAD_V6",ok,usable,,,,,,,,,usable,,"parse,duration,leads,waveform,NaN/Inf",train
d6_662d949d41ea51,HNU11006,HNU11006,,ecg_machine_d6,ecg_d6,20260721-193830_HNU11006.xml,Data/心电图机d6/20260721-193830_HNU11006.xml,20260721193830,2026-07-21 19:38:30,1000,uV,146.0,"MDC_ECG_LEAD_AVF,MDC_ECG_LEAD_AVL,MDC_ECG_LEAD_AVR,MDC_ECG_LEAD_I,MDC_ECG_LEAD_II,MDC_ECG_LEAD_III,MDC_ECG_LEAD_V1,MDC_ECG_LEAD_V2,MDC_ECG_LEAD_V3,MDC_ECG_LEAD_V4,MDC_ECG_LEAD_V5,MDC_ECG_LEAD_V6",ok,usable,,,,,,,,,usable,,"parse,duration,leads,waveform,NaN/Inf",train
d6_9ee40805af0fd6,HNU11007,HNU11007,,ecg_machine_d6,ecg_d6,20260721-195038_HNU11007.xml,Data/心电图机d6/20260721-195038_HNU11007.xml,20260721195038,2026-07-21 19:50:38,1000,uV,121.0,"MDC_ECG_LEAD_AVF,MDC_ECG_LEAD_AVL,MDC_ECG_LEAD_AVR,MDC_ECG_LEAD_I,MDC_ECG_LEAD_II,MDC_ECG_LEAD_III,MDC_ECG_LEAD_V1,MDC_ECG_LEAD_V2,MDC_ECG_LEAD_V3,MDC_ECG_LEAD_V4,MDC_ECG_LEAD_V5,MDC_ECG_LEAD_V6",ok,usable,,,,,,,,,usable,,"parse,duration,leads,waveform,NaN/Inf",train
d6_45df6a87f8bbae,HNU11008,HNU11008,,ecg_machine_d6,ecg_d6,20260721-195828_HNU11008.xml,Data/心电图机d6/20260721-195828_HNU11008.xml,20260721195828,2026-07-21 19:58:28,1000,uV,121.0,"MDC_ECG_LEAD_AVF,MDC_ECG_LEAD_AVL,MDC_ECG_LEAD_AVR,MDC_ECG_LEAD_I,MDC_ECG_LEAD_II,MDC_ECG_LEAD_III,MDC_ECG_LEAD_V1,MDC_ECG_LEAD_V2,MDC_ECG_LEAD_V3,MDC_ECG_LEAD_V4,MDC_ECG_LEAD_V5,MDC_ECG_LEAD_V6",ok,usable,,,,,,,,,usable,,"parse,duration,leads,waveform,NaN/Inf",validation
d6_84abd060eafb49,HNU11009,HNU11009,,ecg_machine_d6,ecg_d6,20260721-200629_HNU11009.xml,Data/心电图机d6/20260721-200629_HNU11009.xml,20260721200629,2026-07-21 20:06:29,1000,uV,121.0,"MDC_ECG_LEAD_AVF,MDC_ECG_LEAD_AVL,MDC_ECG_LEAD_AVR,MDC_ECG_LEAD_I,MDC_ECG_LEAD_II,MDC_ECG_LEAD_III,MDC_ECG_LEAD_V1,MDC_ECG_LEAD_V2,MDC_ECG_LEAD_V3,MDC_ECG_LEAD_V4,MDC_ECG_LEAD_V5,MDC_ECG_LEAD_V6",ok,usable,,,,,,,,,usable,,"parse,duration,leads,waveform,NaN/Inf",train
d6_f371d2f66e8903,HNU11010,HNU11010,,ecg_machine_d6,ecg_d6,20260721-201356_HNU11010.xml,Data/心电图机d6/20260721-201356_HNU11010.xml,20260721201356,2026-07-21 20:13:56,1000,uV,121.0,"MDC_ECG_LEAD_AVF,MDC_ECG_LEAD_AVL,MDC_ECG_LEAD_AVR,MDC_ECG_LEAD_I,MDC_ECG_LEAD_II,MDC_ECG_LEAD_III,MDC_ECG_LEAD_V1,MDC_ECG_LEAD_V2,MDC_ECG_LEAD_V3,MDC_ECG_LEAD_V4,MDC_ECG_LEAD_V5,MDC_ECG_LEAD_V6",ok,usable,,,,,,,,,usable,,"parse,duration,leads,waveform,NaN/Inf",train
d6_e4b15cc8ab5e11,HNU11011,HNU11011,,ecg_machine_d6,ecg_d6,20260722-100934_HNU11011.xml,Data/心电图机d6/20260722-100934_HNU11011.xml,20260722100934,2026-07-22 10:09:34,1000,uV,121.0,"MDC_ECG_LEAD_AVF,MDC_ECG_LEAD_AVL,MDC_ECG_LEAD_AVR,MDC_ECG_LEAD_I,MDC_ECG_LEAD_II,MDC_ECG_LEAD_III,MDC_ECG_LEAD_V1,MDC_ECG_LEAD_V2,MDC_ECG_LEAD_V3,MDC_ECG_LEAD_V4,MDC_ECG_LEAD_V5,MDC_ECG_LEAD_V6",ok,usable,,,,,,,,,usable,,"parse,duration,leads,waveform,NaN/Inf",train
d6_5f7eec9e9e2eca,HNU11012,HNU11012,,ecg_machine_d6,ecg_d6,20260722-101816_HNU11012.xml,Data/心电图机d6/20260722-101816_HNU11012.xml,20260722101816,2026-07-22 10:18:16,1000,uV,121.0,"MDC_ECG_LEAD_AVF,MDC_ECG_LEAD_AVL,MDC_ECG_LEAD_AVR,MDC_ECG_LEAD_I,MDC_ECG_LEAD_II,MDC_ECG_LEAD_III,MDC_ECG_LEAD_V1,MDC_ECG_LEAD_V2,MDC_ECG_LEAD_V3,MDC_ECG_LEAD_V4,MDC_ECG_LEAD_V5,MDC_ECG_LEAD_V6",ok,usable,,,,,,,,,usable,,"parse,duration,leads,waveform,NaN/Inf",train
d6_5c87f6832b6513,HNU11013,HNU11013,,ecg_machine_d6,ecg_d6,20260722-102556_HNU11013.xml,Data/心电图机d6/20260722-102556_HNU11013.xml,20260722102556,2026-07-22 10:25:56,1000,uV,121.0,"MDC_ECG_LEAD_AVF,MDC_ECG_LEAD_AVL,MDC_ECG_LEAD_AVR,MDC_ECG_LEAD_I,MDC_ECG_LEAD_II,MDC_ECG_LEAD_III,MDC_ECG_LEAD_V1,MDC_ECG_LEAD_V2,MDC_ECG_LEAD_V3,MDC_ECG_LEAD_V4,MDC_ECG_LEAD_V5,MDC_ECG_LEAD_V6",ok,usable,,,,,,,,,usable,,"parse,duration,leads,waveform,NaN/Inf",train
d6_d980136059a9c6,HNU11014,HNU11014,,ecg_machine_d6,ecg_d6,20260722-103551_HNU11014.xml,Data/心电图机d6/20260722-103551_HNU11014.xml,20260722103551,2026-07-22 10:35:51,1000,uV,122.0,"MDC_ECG_LEAD_AVF,MDC_ECG_LEAD_AVL,MDC_ECG_LEAD_AVR,MDC_ECG_LEAD_I,MDC_ECG_LEAD_II,MDC_ECG_LEAD_III,MDC_ECG_LEAD_V1,MDC_ECG_LEAD_V2,MDC_ECG_LEAD_V3,MDC_ECG_LEAD_V4,MDC_ECG_LEAD_V5,MDC_ECG_LEAD_V6",ok,usable,,,,,,,,,usable,,"parse,duration,leads,waveform,NaN/Inf",validation
d6_b10178ea85acf5,HNU11015,HNU11015,,ecg_machine_d6,ecg_d6,20260722-104246_HNU11015.xml,Data/心电图机d6/20260722-104246_HNU11015.xml,20260722104246,2026-07-22 10:42:46,1000,uV,121.0,"MDC_ECG_LEAD_AVF,MDC_ECG_LEAD_AVL,MDC_ECG_LEAD_AVR,MDC_ECG_LEAD_I,MDC_ECG_LEAD_II,MDC_ECG_LEAD_III,MDC_ECG_LEAD_V1,MDC_ECG_LEAD_V2,MDC_ECG_LEAD_V3,MDC_ECG_LEAD_V4,MDC_ECG_LEAD_V5,MDC_ECG_LEAD_V6",ok,usable,,,,,,,,,usable,,"parse,duration,leads,waveform,NaN/Inf",train
d6_1927a521163854,HNU11016,HNU11016,,ecg_machine_d6,ecg_d6,20260722-105637_HNU11016.xml,Data/心电图机d6/20260722-105637_HNU11016.xml,20260722105637,2026-07-22 10:56:37,1000,uV,122.0,"MDC_ECG_LEAD_AVF,MDC_ECG_LEAD_AVL,MDC_ECG_LEAD_AVR,MDC_ECG_LEAD_I,MDC_ECG_LEAD_II,MDC_ECG_LEAD_III,MDC_ECG_LEAD_V1,MDC_ECG_LEAD_V2,MDC_ECG_LEAD_V3,MDC_ECG_LEAD_V4,MDC_ECG_LEAD_V5,MDC_ECG_LEAD_V6",ok,usable,,,,,,,,,usable,,"parse,duration,leads,waveform,NaN/Inf",train
d6_c55b0e67be96cf,HNU11017,HNU11017,,ecg_machine_d6,ecg_d6,20260722-110540_HNU11017.xml,Data/心电图机d6/20260722-110540_HNU11017.xml,20260722110540,2026-07-22 11:05:40,1000,uV,121.0,"MDC_ECG_LEAD_AVF,MDC_ECG_LEAD_AVL,MDC_ECG_LEAD_AVR,MDC_ECG_LEAD_I,MDC_ECG_LEAD_II,MDC_ECG_LEAD_III,MDC_ECG_LEAD_V1,MDC_ECG_LEAD_V2,MDC_ECG_LEAD_V3,MDC_ECG_LEAD_V4,MDC_ECG_LEAD_V5,MDC_ECG_LEAD_V6",ok,usable,,,,,,,,,usable,,"parse,duration,leads,waveform,NaN/Inf",train
d6_23918793f3b058,HNU11018,HNU11018,,ecg_machine_d6,ecg_d6,20260722-111431_HNU11018.xml,Data/心电图机d6/20260722-111431_HNU11018.xml,20260722111431,2026-07-22 11:14:31,1000,uV,121.0,"MDC_ECG_LEAD_AVF,MDC_ECG_LEAD_AVL,MDC_ECG_LEAD_AVR,MDC_ECG_LEAD_I,MDC_ECG_LEAD_II,MDC_ECG_LEAD_III,MDC_ECG_LEAD_V1,MDC_ECG_LEAD_V2,MDC_ECG_LEAD_V3,MDC_ECG_LEAD_V4,MDC_ECG_LEAD_V5,MDC_ECG_LEAD_V6",ok,usable,,,,,,,,,usable,,"parse,duration,leads,waveform,NaN/Inf",train
d6_44cc315eb74363,HNU11019,HNU11019,,ecg_machine_d6,ecg_d6,20260722-112140_HNU11019.xml,Data/心电图机d6/20260722-112140_HNU11019.xml,20260722112140,2026-07-22 11:21:40,1000,uV,122.0,"MDC_ECG_LEAD_AVF,MDC_ECG_LEAD_AVL,MDC_ECG_LEAD_AVR,MDC_ECG_LEAD_I,MDC_ECG_LEAD_II,MDC_ECG_LEAD_III,MDC_ECG_LEAD_V1,MDC_ECG_LEAD_V2,MDC_ECG_LEAD_V3,MDC_ECG_LEAD_V4,MDC_ECG_LEAD_V5,MDC_ECG_LEAD_V6",ok,usable,,,,,,,,,usable,,"parse,duration,leads,waveform,NaN/Inf",train
d6_9c0b9cf6ef13d4,HNU11020,HNU11020,,ecg_machine_d6,ecg_d6,20260722-112817_HNU11020.xml,Data/心电图机d6/20260722-112817_HNU11020.xml,20260722112817,2026-07-22 11:28:17,1000,uV,122.0,"MDC_ECG_LEAD_AVF,MDC_ECG_LEAD_AVL,MDC_ECG_LEAD_AVR,MDC_ECG_LEAD_I,MDC_ECG_LEAD_II,MDC_ECG_LEAD_III,MDC_ECG_LEAD_V1,MDC_ECG_LEAD_V2,MDC_ECG_LEAD_V3,MDC_ECG_LEAD_V4,MDC_ECG_LEAD_V5,MDC_ECG_LEAD_V6",ok,usable,,,,,,,,,usable,,"parse,duration,leads,waveform,NaN/Inf",train
d6_ec1e3323567420,HNU11021,HNU11021,,ecg_machine_d6,ecg_d6,20260722-115723_HNU11021.xml,Data/心电图机d6/20260722-115723_HNU11021.xml,20260722115723,2026-07-22 11:57:23,1000,uV,123.0,"MDC_ECG_LEAD_AVF,MDC_ECG_LEAD_AVL,MDC_ECG_LEAD_AVR,MDC_ECG_LEAD_I,MDC_ECG_LEAD_II,MDC_ECG_LEAD_III,MDC_ECG_LEAD_V1,MDC_ECG_LEAD_V2,MDC_ECG_LEAD_V3,MDC_ECG_LEAD_V4,MDC_ECG_LEAD_V5,MDC_ECG_LEAD_V6",ok,usable,,,,,,,,,usable,,"parse,duration,leads,waveform,NaN/Inf",train
d6_2838a0b160788b,HNU11023,HNU11023,,ecg_machine_d6,ecg_d6,20260722-151454_HNU11023.xml,Data/心电图机d6/20260722-151454_HNU11023.xml,20260722151454,2026-07-22 15:14:54,1000,uV,121.0,"MDC_ECG_LEAD_AVF,MDC_ECG_LEAD_AVL,MDC_ECG_LEAD_AVR,MDC_ECG_LEAD_I,MDC_ECG_LEAD_II,MDC_ECG_LEAD_III,MDC_ECG_LEAD_V1,MDC_ECG_LEAD_V2,MDC_ECG_LEAD_V3,MDC_ECG_LEAD_V4,MDC_ECG_LEAD_V5,MDC_ECG_LEAD_V6",ok,usable,,,,,,,,,usable,,"parse,duration,leads,waveform,NaN/Inf",train
d6_50de8630629e16,HNU11024,HNU11024,,ecg_machine_d6,ecg_d6,20260722-153811_HNU11024.xml,Data/心电图机d6/20260722-153811_HNU11024.xml,20260722153811,2026-07-22 15:38:11,1000,uV,121.0,"MDC_ECG_LEAD_AVF,MDC_ECG_LEAD_AVL,MDC_ECG_LEAD_AVR,MDC_ECG_LEAD_I,MDC_ECG_LEAD_II,MDC_ECG_LEAD_III,MDC_ECG_LEAD_V1,MDC_ECG_LEAD_V2,MDC_ECG_LEAD_V3,MDC_ECG_LEAD_V4,MDC_ECG_LEAD_V5,MDC_ECG_LEAD_V6",ok,usable,,,,,,,,,usable,,"parse,duration,leads,waveform,NaN/Inf",train
d6_eae617857d5fb1,HNU11025,HNU11025,,ecg_machine_d6,ecg_d6,20260722-155737_HNU11025.xml,Data/心电图机d6/20260722-155737_HNU11025.xml,20260722155737,2026-07-22 15:57:37,1000,uV,121.0,"MDC_ECG_LEAD_AVF,MDC_ECG_LEAD_AVL,MDC_ECG_LEAD_AVR,MDC_ECG_LEAD_I,MDC_ECG_LEAD_II,MDC_ECG_LEAD_III,MDC_ECG_LEAD_V1,MDC_ECG_LEAD_V2,MDC_ECG_LEAD_V3,MDC_ECG_LEAD_V4,MDC_ECG_LEAD_V5,MDC_ECG_LEAD_V6",ok,usable,,,,,,,,,usable,,"parse,duration,leads,waveform,NaN/Inf",validation
d6_109e30064250e2,HNU11026,HNU11026,,ecg_machine_d6,ecg_d6,20260722-160620_HNU11026.xml,Data/心电图机d6/20260722-160620_HNU11026.xml,20260722160620,2026-07-22 16:06:20,1000,uV,121.0,"MDC_ECG_LEAD_AVF,MDC_ECG_LEAD_AVL,MDC_ECG_LEAD_AVR,MDC_ECG_LEAD_I,MDC_ECG_LEAD_II,MDC_ECG_LEAD_III,MDC_ECG_LEAD_V1,MDC_ECG_LEAD_V2,MDC_ECG_LEAD_V3,MDC_ECG_LEAD_V4,MDC_ECG_LEAD_V5,MDC_ECG_LEAD_V6",ok,usable,,,,,,,,,usable,,"parse,duration,leads,waveform,NaN/Inf",train
d6_d711dddaa3678a,HNU11027,HNU11027,,ecg_machine_d6,ecg_d6,20260722-162520_HNU11027.xml,Data/心电图机d6/20260722-162520_HNU11027.xml,20260722162520,2026-07-22 16:25:20,1000,uV,121.0,"MDC_ECG_LEAD_AVF,MDC_ECG_LEAD_AVL,MDC_ECG_LEAD_AVR,MDC_ECG_LEAD_I,MDC_ECG_LEAD_II,MDC_ECG_LEAD_III,MDC_ECG_LEAD_V1,MDC_ECG_LEAD_V2,MDC_ECG_LEAD_V3,MDC_ECG_LEAD_V4,MDC_ECG_LEAD_V5,MDC_ECG_LEAD_V6",ok,usable,,,,,,,,,usable,,"parse,duration,leads,waveform,NaN/Inf",train
d6_be2f880286039a,HNU11028,HNU11028,,ecg_machine_d6,ecg_d6,20260722-163712_HNU11028.xml,Data/心电图机d6/20260722-163712_HNU11028.xml,20260722163712,2026-07-22 16:37:12,1000,uV,121.0,"MDC_ECG_LEAD_AVF,MDC_ECG_LEAD_AVL,MDC_ECG_LEAD_AVR,MDC_ECG_LEAD_I,MDC_ECG_LEAD_II,MDC_ECG_LEAD_III,MDC_ECG_LEAD_V1,MDC_ECG_LEAD_V2,MDC_ECG_LEAD_V3,MDC_ECG_LEAD_V4,MDC_ECG_LEAD_V5,MDC_ECG_LEAD_V6",ok,usable,,,,,,,,,usable,,"parse,duration,leads,waveform,NaN/Inf",train
d6_c156434fe1c4b9,HNU11003,HNU11003,,ecg_machine_d6,ecg_d6,20260722-165355_HNU11003.xml,Data/心电图机d6/20260722-165355_HNU11003.xml,20260722165355,2026-07-22 16:53:55,1000,uV,130.0,"MDC_ECG_LEAD_AVF,MDC_ECG_LEAD_AVL,MDC_ECG_LEAD_AVR,MDC_ECG_LEAD_I,MDC_ECG_LEAD_II,MDC_ECG_LEAD_III,MDC_ECG_LEAD_V1,MDC_ECG_LEAD_V2,MDC_ECG_LEAD_V3,MDC_ECG_LEAD_V4,MDC_ECG_LEAD_V5,MDC_ECG_LEAD_V6",ok,usable,,,,,,,,,usable,,"parse,duration,leads,waveform,NaN/Inf",train
d6_ea2d415b02cdf6,HNU11029,HNU11029,,ecg_machine_d6,ecg_d6,20260722-171725_HNU11029.xml,Data/心电图机d6/20260722-171725_HNU11029.xml,20260722171725,2026-07-22 17:17:25,1000,uV,121.0,"MDC_ECG_LEAD_AVF,MDC_ECG_LEAD_AVL,MDC_ECG_LEAD_AVR,MDC_ECG_LEAD_I,MDC_ECG_LEAD_II,MDC_ECG_LEAD_III,MDC_ECG_LEAD_V1,MDC_ECG_LEAD_V2,MDC_ECG_LEAD_V3,MDC_ECG_LEAD_V4,MDC_ECG_LEAD_V5,MDC_ECG_LEAD_V6",ok,usable,,,,,,,,,usable,,"parse,duration,leads,waveform,NaN/Inf",validation
d6_410a6e20db153d,HNU11022,HNU11022,,ecg_machine_d6,ecg_d6,20260722-193000_HNU11022.xml,Data/心电图机d6/20260722-193000_HNU11022.xml,20260722193000,2026-07-22 19:30:00,1000,uV,121.0,"MDC_ECG_LEAD_AVF,MDC_ECG_LEAD_AVL,MDC_ECG_LEAD_AVR,MDC_ECG_LEAD_I,MDC_ECG_LEAD_II,MDC_ECG_LEAD_III,MDC_ECG_LEAD_V1,MDC_ECG_LEAD_V2,MDC_ECG_LEAD_V3,MDC_ECG_LEAD_V4,MDC_ECG_LEAD_V5,MDC_ECG_LEAD_V6",ok,usable,,,,,,,,,usable,,"parse,duration,leads,waveform,NaN/Inf",train
d6_3b0f4b48d18481,HNU11030,HNU11030,,ecg_machine_d6,ecg_d6,20260723-101230_HNU11030.xml,Data/心电图机d6/20260723-101230_HNU11030.xml,20260723101230,2026-07-23 10:12:30,1000,uV,121.0,"MDC_ECG_LEAD_AVF,MDC_ECG_LEAD_AVL,MDC_ECG_LEAD_AVR,MDC_ECG_LEAD_I,MDC_ECG_LEAD_II,MDC_ECG_LEAD_III,MDC_ECG_LEAD_V1,MDC_ECG_LEAD_V2,MDC_ECG_LEAD_V3,MDC_ECG_LEAD_V4,MDC_ECG_LEAD_V5,MDC_ECG_LEAD_V6",ok,usable,,,,,,,,,usable,,"parse,duration,leads,waveform,NaN/Inf",train
d6_6ba70b08b3e26f,HNU11031,HNU11031,,ecg_machine_d6,ecg_d6,20260723-102117_HNU11031.xml,Data/心电图机d6/20260723-102117_HNU11031.xml,20260723102117,2026-07-23 10:21:17,1000,uV,121.0,"MDC_ECG_LEAD_AVF,MDC_ECG_LEAD_AVL,MDC_ECG_LEAD_AVR,MDC_ECG_LEAD_I,MDC_ECG_LEAD_II,MDC_ECG_LEAD_III,MDC_ECG_LEAD_V1,MDC_ECG_LEAD_V2,MDC_ECG_LEAD_V3,MDC_ECG_LEAD_V4,MDC_ECG_LEAD_V5,MDC_ECG_LEAD_V6",ok,usable,,,,,,,,,usable,,"parse,duration,leads,waveform,NaN/Inf",validation
d6_836c6c2896f030,HNU11032,HNU11032,,ecg_machine_d6,ecg_d6,20260723-104244_HNU11032.xml,Data/心电图机d6/20260723-104244_HNU11032.xml,20260723104244,2026-07-23 10:42:44,1000,uV,121.0,"MDC_ECG_LEAD_AVF,MDC_ECG_LEAD_AVL,MDC_ECG_LEAD_AVR,MDC_ECG_LEAD_I,MDC_ECG_LEAD_II,MDC_ECG_LEAD_III,MDC_ECG_LEAD_V1,MDC_ECG_LEAD_V2,MDC_ECG_LEAD_V3,MDC_ECG_LEAD_V4,MDC_ECG_LEAD_V5,MDC_ECG_LEAD_V6",ok,usable,,,,,,,,,usable,,"parse,duration,leads,waveform,NaN/Inf",train
d6_8ca29ab6e1a946,HNU11033,HNU11033,,ecg_machine_d6,ecg_d6,20260723-110000_HNU11033.xml,Data/心电图机d6/20260723-110000_HNU11033.xml,20260723110000,2026-07-23 11:00:00,1000,uV,121.0,"MDC_ECG_LEAD_AVF,MDC_ECG_LEAD_AVL,MDC_ECG_LEAD_AVR,MDC_ECG_LEAD_I,MDC_ECG_LEAD_II,MDC_ECG_LEAD_III,MDC_ECG_LEAD_V1,MDC_ECG_LEAD_V2,MDC_ECG_LEAD_V3,MDC_ECG_LEAD_V4,MDC_ECG_LEAD_V5,MDC_ECG_LEAD_V6",ok,usable,,,,,,,,,usable,,"parse,duration,leads,waveform,NaN/Inf",train
d6_7a4126aba0f2c3,HNU11034,HNU11034,,ecg_machine_d6,ecg_d6,20260723-110802_HNU11034.xml,Data/心电图机d6/20260723-110802_HNU11034.xml,20260723110802,2026-07-23 11:08:02,1000,uV,121.0,"MDC_ECG_LEAD_AVF,MDC_ECG_LEAD_AVL,MDC_ECG_LEAD_AVR,MDC_ECG_LEAD_I,MDC_ECG_LEAD_II,MDC_ECG_LEAD_III,MDC_ECG_LEAD_V1,MDC_ECG_LEAD_V2,MDC_ECG_LEAD_V3,MDC_ECG_LEAD_V4,MDC_ECG_LEAD_V5,MDC_ECG_LEAD_V6",ok,usable,,,,,,,,,usable,,"parse,duration,leads,waveform,NaN/Inf",train
d6_9fcc7b5f2c2933,HNU11035,HNU11035,,ecg_machine_d6,ecg_d6,20260723-112954_HNU11035.xml,Data/心电图机d6/20260723-112954_HNU11035.xml,20260723112954,2026-07-23 11:29:54,1000,uV,122.0,"MDC_ECG_LEAD_AVF,MDC_ECG_LEAD_AVL,MDC_ECG_LEAD_AVR,MDC_ECG_LEAD_I,MDC_ECG_LEAD_II,MDC_ECG_LEAD_III,MDC_ECG_LEAD_V1,MDC_ECG_LEAD_V2,MDC_ECG_LEAD_V3,MDC_ECG_LEAD_V4,MDC_ECG_LEAD_V5,MDC_ECG_LEAD_V6",ok,usable,,,,,,,,,usable,,"parse,duration,leads,waveform,NaN/Inf",train
d6_8e148e24d86b18,HNU11036,HNU11036,,ecg_machine_d6,ecg_d6,20260723-113935_HNU11036.xml,Data/心电图机d6/20260723-113935_HNU11036.xml,20260723113935,2026-07-23 11:39:35,1000,uV,120.0,"MDC_ECG_LEAD_AVF,MDC_ECG_LEAD_AVL,MDC_ECG_LEAD_AVR,MDC_ECG_LEAD_I,MDC_ECG_LEAD_II,MDC_ECG_LEAD_III,MDC_ECG_LEAD_V1,MDC_ECG_LEAD_V2,MDC_ECG_LEAD_V3,MDC_ECG_LEAD_V4,MDC_ECG_LEAD_V5,MDC_ECG_LEAD_V6",ok,usable,,,,,,,,,usable,,"parse,duration,leads,waveform,NaN/Inf",train
d6_b01ea9b3f1cb2a,HNU11037,HNU11037,,ecg_machine_d6,ecg_d6,20260723-114755_HNU11037.xml,Data/心电图机d6/20260723-114755_HNU11037.xml,20260723114755,2026-07-23 11:47:55,1000,uV,120.0,"MDC_ECG_LEAD_AVF,MDC_ECG_LEAD_AVL,MDC_ECG_LEAD_AVR,MDC_ECG_LEAD_I,MDC_ECG_LEAD_II,MDC_ECG_LEAD_III,MDC_ECG_LEAD_V1,MDC_ECG_LEAD_V2,MDC_ECG_LEAD_V3,MDC_ECG_LEAD_V4,MDC_ECG_LEAD_V5,MDC_ECG_LEAD_V6",ok,usable,,,,,,,,,usable,,"parse,duration,leads,waveform,NaN/Inf",train
d6_799bf30d4142ed,HNU11038,HNU11038,,ecg_machine_d6,ecg_d6,20260723-151138_HNU11038.xml,Data/心电图机d6/20260723-151138_HNU11038.xml,20260723151138,2026-07-23 15:11:38,1000,uV,120.0,"MDC_ECG_LEAD_AVF,MDC_ECG_LEAD_AVL,MDC_ECG_LEAD_AVR,MDC_ECG_LEAD_I,MDC_ECG_LEAD_II,MDC_ECG_LEAD_III,MDC_ECG_LEAD_V1,MDC_ECG_LEAD_V2,MDC_ECG_LEAD_V3,MDC_ECG_LEAD_V4,MDC_ECG_LEAD_V5,MDC_ECG_LEAD_V6",ok,usable,,,,,,,,,usable,,"parse,duration,leads,waveform,NaN/Inf",train
d6_32268cfe11ca5a,HNU11039,HNU11039,,ecg_machine_d6,ecg_d6,20260723-152209_HNU11039.xml,Data/心电图机d6/20260723-152209_HNU11039.xml,20260723152209,2026-07-23 15:22:09,1000,uV,121.0,"MDC_ECG_LEAD_AVF,MDC_ECG_LEAD_AVL,MDC_ECG_LEAD_AVR,MDC_ECG_LEAD_I,MDC_ECG_LEAD_II,MDC_ECG_LEAD_III,MDC_ECG_LEAD_V1,MDC_ECG_LEAD_V2,MDC_ECG_LEAD_V3,MDC_ECG_LEAD_V4,MDC_ECG_LEAD_V5,MDC_ECG_LEAD_V6",ok,usable,,,,,,,,,usable,,"parse,duration,leads,waveform,NaN/Inf",train
d6_8c603869eb59f8,HNU11040,HNU11040,,ecg_machine_d6,ecg_d6,20260723-152947_HNU11040.xml,Data/心电图机d6/20260723-152947_HNU11040.xml,20260723152947,2026-07-23 15:29:47,1000,uV,121.0,"MDC_ECG_LEAD_AVF,MDC_ECG_LEAD_AVL,MDC_ECG_LEAD_AVR,MDC_ECG_LEAD_I,MDC_ECG_LEAD_II,MDC_ECG_LEAD_III,MDC_ECG_LEAD_V1,MDC_ECG_LEAD_V2,MDC_ECG_LEAD_V3,MDC_ECG_LEAD_V4,MDC_ECG_LEAD_V5,MDC_ECG_LEAD_V6",ok,usable,,,,,,,,,usable,,"parse,duration,leads,waveform,NaN/Inf",train
d6_fa56ebe6ee0443,HNU11041,HNU11041,,ecg_machine_d6,ecg_d6,20260723-153803_HNU11041.xml,Data/心电图机d6/20260723-153803_HNU11041.xml,20260723153803,2026-07-23 15:38:03,1000,uV,121.0,"MDC_ECG_LEAD_AVF,MDC_ECG_LEAD_AVL,MDC_ECG_LEAD_AVR,MDC_ECG_LEAD_I,MDC_ECG_LEAD_II,MDC_ECG_LEAD_III,MDC_ECG_LEAD_V1,MDC_ECG_LEAD_V2,MDC_ECG_LEAD_V3,MDC_ECG_LEAD_V4,MDC_ECG_LEAD_V5,MDC_ECG_LEAD_V6",ok,usable,,,,,,,,,usable,,"parse,duration,leads,waveform,NaN/Inf",train
d6_975b30b129f28b,HNU11042,HNU11042,,ecg_machine_d6,ecg_d6,20260723-154836_HNU11042.xml,Data/心电图机d6/20260723-154836_HNU11042.xml,20260723154836,2026-07-23 15:48:36,1000,uV,121.0,"MDC_ECG_LEAD_AVF,MDC_ECG_LEAD_AVL,MDC_ECG_LEAD_AVR,MDC_ECG_LEAD_I,MDC_ECG_LEAD_II,MDC_ECG_LEAD_III,MDC_ECG_LEAD_V1,MDC_ECG_LEAD_V2,MDC_ECG_LEAD_V3,MDC_ECG_LEAD_V4,MDC_ECG_LEAD_V5,MDC_ECG_LEAD_V6",ok,usable,,,,,,,,,usable,,"parse,duration,leads,waveform,NaN/Inf",train
d6_2233db90322964,HNU11043,HNU11043,,ecg_machine_d6,ecg_d6,20260723-155837_HNU11043.xml,Data/心电图机d6/20260723-155837_HNU11043.xml,20260723155837,2026-07-23 15:58:37,1000,uV,121.0,"MDC_ECG_LEAD_AVF,MDC_ECG_LEAD_AVL,MDC_ECG_LEAD_AVR,MDC_ECG_LEAD_I,MDC_ECG_LEAD_II,MDC_ECG_LEAD_III,MDC_ECG_LEAD_V1,MDC_ECG_LEAD_V2,MDC_ECG_LEAD_V3,MDC_ECG_LEAD_V4,MDC_ECG_LEAD_V5,MDC_ECG_LEAD_V6",ok,usable,,,,,,,,,usable,,"parse,duration,leads,waveform,NaN/Inf",train
d6_49a9b514397277,HNU11044,HNU11044,,ecg_machine_d6,ecg_d6,20260723-160520_HNU11044.xml,Data/心电图机d6/20260723-160520_HNU11044.xml,20260723160520,2026-07-23 16:05:20,1000,uV,121.0,"MDC_ECG_LEAD_AVF,MDC_ECG_LEAD_AVL,MDC_ECG_LEAD_AVR,MDC_ECG_LEAD_I,MDC_ECG_LEAD_II,MDC_ECG_LEAD_III,MDC_ECG_LEAD_V1,MDC_ECG_LEAD_V2,MDC_ECG_LEAD_V3,MDC_ECG_LEAD_V4,MDC_ECG_LEAD_V5,MDC_ECG_LEAD_V6",ok,usable,,,,,,,,,usable,,"parse,duration,leads,waveform,NaN/Inf",train
d6_e67c6c505f3fbc,HNU11045,HNU11045,,ecg_machine_d6,ecg_d6,20260723-161259_HNU11045.xml,Data/心电图机d6/20260723-161259_HNU11045.xml,20260723161259,2026-07-23 16:12:59,1000,uV,121.0,"MDC_ECG_LEAD_AVF,MDC_ECG_LEAD_AVL,MDC_ECG_LEAD_AVR,MDC_ECG_LEAD_I,MDC_ECG_LEAD_II,MDC_ECG_LEAD_III,MDC_ECG_LEAD_V1,MDC_ECG_LEAD_V2,MDC_ECG_LEAD_V3,MDC_ECG_LEAD_V4,MDC_ECG_LEAD_V5,MDC_ECG_LEAD_V6",ok,usable,,,,,,,,,usable,,"parse,duration,leads,waveform,NaN/Inf",train
d6_e8809eaa48719f,HNU11046,HNU11046,,ecg_machine_d6,ecg_d6,20260723-162011_HNU11046.xml,Data/心电图机d6/20260723-162011_HNU11046.xml,20260723162011,2026-07-23 16:20:11,1000,uV,121.0,"MDC_ECG_LEAD_AVF,MDC_ECG_LEAD_AVL,MDC_ECG_LEAD_AVR,MDC_ECG_LEAD_I,MDC_ECG_LEAD_II,MDC_ECG_LEAD_III,MDC_ECG_LEAD_V1,MDC_ECG_LEAD_V2,MDC_ECG_LEAD_V3,MDC_ECG_LEAD_V4,MDC_ECG_LEAD_V5,MDC_ECG_LEAD_V6",ok,usable,,,,,,,,,usable,,"parse,duration,leads,waveform,NaN/Inf",validation
d6_ed21e03d17e9b8,HNU11047,HNU11047,,ecg_machine_d6,ecg_d6,20260723-162731_HNU11047.xml,Data/心电图机d6/20260723-162731_HNU11047.xml,20260723162731,2026-07-23 16:27:31,1000,uV,121.0,"MDC_ECG_LEAD_AVF,MDC_ECG_LEAD_AVL,MDC_ECG_LEAD_AVR,MDC_ECG_LEAD_I,MDC_ECG_LEAD_II,MDC_ECG_LEAD_III,MDC_ECG_LEAD_V1,MDC_ECG_LEAD_V2,MDC_ECG_LEAD_V3,MDC_ECG_LEAD_V4,MDC_ECG_LEAD_V5,MDC_ECG_LEAD_V6",ok,usable,,,,,,,,,usable,,"parse,duration,leads,waveform,NaN/Inf",train
d6_97a4b3d44a7584,HNU11048,HNU11048,,ecg_machine_d6,ecg_d6,20260723-164137_HNU11048.xml,Data/心电图机d6/20260723-164137_HNU11048.xml,20260723164137,2026-07-23 16:41:37,1000,uV,121.0,"MDC_ECG_LEAD_AVF,MDC_ECG_LEAD_AVL,MDC_ECG_LEAD_AVR,MDC_ECG_LEAD_I,MDC_ECG_LEAD_II,MDC_ECG_LEAD_III,MDC_ECG_LEAD_V1,MDC_ECG_LEAD_V2,MDC_ECG_LEAD_V3,MDC_ECG_LEAD_V4,MDC_ECG_LEAD_V5,MDC_ECG_LEAD_V6",ok,usable,,,,,,,,,usable,,"parse,duration,leads,waveform,NaN/Inf",validation
d6_ebfe8553eb5d35,HNU11049,HNU11049,,ecg_machine_d6,ecg_d6,20260723-164935_HNU11049.xml,Data/心电图机d6/20260723-164935_HNU11049.xml,20260723164935,2026-07-23 16:49:35,1000,uV,121.0,"MDC_ECG_LEAD_AVF,MDC_ECG_LEAD_AVL,MDC_ECG_LEAD_AVR,MDC_ECG_LEAD_I,MDC_ECG_LEAD_II,MDC_ECG_LEAD_III,MDC_ECG_LEAD_V1,MDC_ECG_LEAD_V2,MDC_ECG_LEAD_V3,MDC_ECG_LEAD_V4,MDC_ECG_LEAD_V5,MDC_ECG_LEAD_V6",ok,usable,,,,,,,,,usable,,"parse,duration,leads,waveform,NaN/Inf",validation
d6_be95c542d5586d,HNU11050,HNU11050,,ecg_machine_d6,ecg_d6,20260723-170048_HNU11050.xml,Data/心电图机d6/20260723-170048_HNU11050.xml,20260723170048,2026-07-23 17:00:48,1000,uV,121.0,"MDC_ECG_LEAD_AVF,MDC_ECG_LEAD_AVL,MDC_ECG_LEAD_AVR,MDC_ECG_LEAD_I,MDC_ECG_LEAD_II,MDC_ECG_LEAD_III,MDC_ECG_LEAD_V1,MDC_ECG_LEAD_V2,MDC_ECG_LEAD_V3,MDC_ECG_LEAD_V4,MDC_ECG_LEAD_V5,MDC_ECG_LEAD_V6",ok,usable,,,,,,,,,usable,,"parse,duration,leads,waveform,NaN/Inf",train
d6_25352860d20380,HNU11051,HNU11051,,ecg_machine_d6,ecg_d6,20260723-174952_HNU11051.xml,Data/心电图机d6/20260723-174952_HNU11051.xml,20260723174952,2026-07-23 17:49:52,1000,uV,122.0,"MDC_ECG_LEAD_AVF,MDC_ECG_LEAD_AVL,MDC_ECG_LEAD_AVR,MDC_ECG_LEAD_I,MDC_ECG_LEAD_II,MDC_ECG_LEAD_III,MDC_ECG_LEAD_V1,MDC_ECG_LEAD_V2,MDC_ECG_LEAD_V3,MDC_ECG_LEAD_V4,MDC_ECG_LEAD_V5,MDC_ECG_LEAD_V6",ok,usable,,,,,,,,,usable,,"parse,duration,leads,waveform,NaN/Inf",validation
d6_597a13b205ea14,HNU11052,HNU11052,,ecg_machine_d6,ecg_d6,20260723-175840_HNU11052.xml,Data/心电图机d6/20260723-175840_HNU11052.xml,20260723175840,2026-07-23 17:58:40,1000,uV,121.0,"MDC_ECG_LEAD_AVF,MDC_ECG_LEAD_AVL,MDC_ECG_LEAD_AVR,MDC_ECG_LEAD_I,MDC_ECG_LEAD_II,MDC_ECG_LEAD_III,MDC_ECG_LEAD_V1,MDC_ECG_LEAD_V2,MDC_ECG_LEAD_V3,MDC_ECG_LEAD_V4,MDC_ECG_LEAD_V5,MDC_ECG_LEAD_V6",ok,usable,,,,,,,,,usable,,"parse,duration,leads,waveform,NaN/Inf",train
d6_693da4e1108833,HNU11053,HNU11053,,ecg_machine_d6,ecg_d6,20260724-102336_HNU11053.xml,Data/心电图机d6/20260724-102336_HNU11053.xml,20260724102336,2026-07-24 10:23:36,1000,uV,121.0,"MDC_ECG_LEAD_AVF,MDC_ECG_LEAD_AVL,MDC_ECG_LEAD_AVR,MDC_ECG_LEAD_I,MDC_ECG_LEAD_II,MDC_ECG_LEAD_III,MDC_ECG_LEAD_V1,MDC_ECG_LEAD_V2,MDC_ECG_LEAD_V3,MDC_ECG_LEAD_V4,MDC_ECG_LEAD_V5,MDC_ECG_LEAD_V6",ok,usable,,,,,,,,,usable,,"parse,duration,leads,waveform,NaN/Inf",train
d6_a88f58175064e8,HNU11054,HNU11054,,ecg_machine_d6,ecg_d6,20260724-103222_HNU11054.xml,Data/心电图机d6/20260724-103222_HNU11054.xml,20260724103222,2026-07-24 10:32:22,1000,uV,121.0,"MDC_ECG_LEAD_AVF,MDC_ECG_LEAD_AVL,MDC_ECG_LEAD_AVR,MDC_ECG_LEAD_I,MDC_ECG_LEAD_II,MDC_ECG_LEAD_III,MDC_ECG_LEAD_V1,MDC_ECG_LEAD_V2,MDC_ECG_LEAD_V3,MDC_ECG_LEAD_V4,MDC_ECG_LEAD_V5,MDC_ECG_LEAD_V6",ok,usable,,,,,,,,,usable,,"parse,duration,leads,waveform,NaN/Inf",validation
d6_7852735580f463,HNU11055,HNU11055,,ecg_machine_d6,ecg_d6,20260724-103958_HNU11055.xml,Data/心电图机d6/20260724-103958_HNU11055.xml,20260724103958,2026-07-24 10:39:58,1000,uV,121.0,"MDC_ECG_LEAD_AVF,MDC_ECG_LEAD_AVL,MDC_ECG_LEAD_AVR,MDC_ECG_LEAD_I,MDC_ECG_LEAD_II,MDC_ECG_LEAD_III,MDC_ECG_LEAD_V1,MDC_ECG_LEAD_V2,MDC_ECG_LEAD_V3,MDC_ECG_LEAD_V4,MDC_ECG_LEAD_V5,MDC_ECG_LEAD_V6",ok,usable,,,,,,,,,usable,,"parse,duration,leads,waveform,NaN/Inf",validation
d6_04a4a8634f3a04,HNU11056,HNU11056,,ecg_machine_d6,ecg_d6,20260724-105039_HNU11056.xml,Data/心电图机d6/20260724-105039_HNU11056.xml,20260724105039,2026-07-24 10:50:39,1000,uV,124.0,"MDC_ECG_LEAD_AVF,MDC_ECG_LEAD_AVL,MDC_ECG_LEAD_AVR,MDC_ECG_LEAD_I,MDC_ECG_LEAD_II,MDC_ECG_LEAD_III,MDC_ECG_LEAD_V1,MDC_ECG_LEAD_V2,MDC_ECG_LEAD_V3,MDC_ECG_LEAD_V4,MDC_ECG_LEAD_V5,MDC_ECG_LEAD_V6",ok,usable,,,,,,,,,usable,,"parse,duration,leads,waveform,NaN/Inf",train
d6_ad54defe6244cf,HNU11057,HNU11057,,ecg_machine_d6,ecg_d6,20260724-110317_HNU11057.xml,Data/心电图机d6/20260724-110317_HNU11057.xml,20260724110317,2026-07-24 11:03:17,1000,uV,121.0,"MDC_ECG_LEAD_AVF,MDC_ECG_LEAD_AVL,MDC_ECG_LEAD_AVR,MDC_ECG_LEAD_I,MDC_ECG_LEAD_II,MDC_ECG_LEAD_III,MDC_ECG_LEAD_V1,MDC_ECG_LEAD_V2,MDC_ECG_LEAD_V3,MDC_ECG_LEAD_V4,MDC_ECG_LEAD_V5,MDC_ECG_LEAD_V6",ok,usable,,,,,,,,,usable,,"parse,duration,leads,waveform,NaN/Inf",validation
d6_729d89fa3f4974,HNU11058,HNU11058,,ecg_machine_d6,ecg_d6,20260724-111626_HNU11058.xml,Data/心电图机d6/20260724-111626_HNU11058.xml,20260724111626,2026-07-24 11:16:26,1000,uV,121.0,"MDC_ECG_LEAD_AVF,MDC_ECG_LEAD_AVL,MDC_ECG_LEAD_AVR,MDC_ECG_LEAD_I,MDC_ECG_LEAD_II,MDC_ECG_LEAD_III,MDC_ECG_LEAD_V1,MDC_ECG_LEAD_V2,MDC_ECG_LEAD_V3,MDC_ECG_LEAD_V4,MDC_ECG_LEAD_V5,MDC_ECG_LEAD_V6",ok,usable,,,,,,,,,usable,,"parse,duration,leads,waveform,NaN/Inf",train
d6_a5e88c82530a58,HNU11059,HNU11059,,ecg_machine_d6,ecg_d6,20260724-112502_HNU11059.xml,Data/心电图机d6/20260724-112502_HNU11059.xml,20260724112502,2026-07-24 11:25:02,1000,uV,138.0,"MDC_ECG_LEAD_AVF,MDC_ECG_LEAD_AVL,MDC_ECG_LEAD_AVR,MDC_ECG_LEAD_I,MDC_ECG_LEAD_II,MDC_ECG_LEAD_III,MDC_ECG_LEAD_V1,MDC_ECG_LEAD_V2,MDC_ECG_LEAD_V3,MDC_ECG_LEAD_V4,MDC_ECG_LEAD_V5,MDC_ECG_LEAD_V6",ok,usable,,,,,,,,,usable,,"parse,duration,leads,waveform,NaN/Inf",train
d6_089e743c6e7cd9,HNU11060,HNU11060,,ecg_machine_d6,ecg_d6,20260724-152447_HNU11060.xml,Data/心电图机d6/20260724-152447_HNU11060.xml,20260724152447,2026-07-24 15:24:47,1000,uV,121.0,"MDC_ECG_LEAD_AVF,MDC_ECG_LEAD_AVL,MDC_ECG_LEAD_AVR,MDC_ECG_LEAD_I,MDC_ECG_LEAD_II,MDC_ECG_LEAD_III,MDC_ECG_LEAD_V1,MDC_ECG_LEAD_V2,MDC_ECG_LEAD_V3,MDC_ECG_LEAD_V4,MDC_ECG_LEAD_V5,MDC_ECG_LEAD_V6",ok,usable,,,,,,,,,usable,,"parse,duration,leads,waveform,NaN/Inf",validation
d6_2a158d3c5cdc0e,HNU11061,HNU11061,,ecg_machine_d6,ecg_d6,20260724-153251_HNU11061.xml,Data/心电图机d6/20260724-153251_HNU11061.xml,20260724153251,2026-07-24 15:32:51,1000,uV,121.0,"MDC_ECG_LEAD_AVF,MDC_ECG_LEAD_AVL,MDC_ECG_LEAD_AVR,MDC_ECG_LEAD_I,MDC_ECG_LEAD_II,MDC_ECG_LEAD_III,MDC_ECG_LEAD_V1,MDC_ECG_LEAD_V2,MDC_ECG_LEAD_V3,MDC_ECG_LEAD_V4,MDC_ECG_LEAD_V5,MDC_ECG_LEAD_V6",ok,usable,,,,,,,,,usable,,"parse,duration,leads,waveform,NaN/Inf",validation
d6_89db018da50751,HNU11063,HNU11063,,ecg_machine_d6,ecg_d6,20260724-154149_HNU11063.xml,Data/心电图机d6/20260724-154149_HNU11063.xml,20260724154149,2026-07-24 15:41:49,1000,uV,125.0,"MDC_ECG_LEAD_AVF,MDC_ECG_LEAD_AVL,MDC_ECG_LEAD_AVR,MDC_ECG_LEAD_I,MDC_ECG_LEAD_II,MDC_ECG_LEAD_III,MDC_ECG_LEAD_V1,MDC_ECG_LEAD_V2,MDC_ECG_LEAD_V3,MDC_ECG_LEAD_V4,MDC_ECG_LEAD_V5,MDC_ECG_LEAD_V6",ok,usable,,,,,,,,,usable,,"parse,duration,leads,waveform,NaN/Inf",train
d6_910f3c54c43a2d,HNU11062,HNU11062,,ecg_machine_d6,ecg_d6,20260724-155004_HNU11062.xml,Data/心电图机d6/20260724-155004_HNU11062.xml,20260724155004,2026-07-24 15:50:04,1000,uV,121.0,"MDC_ECG_LEAD_AVF,MDC_ECG_LEAD_AVL,MDC_ECG_LEAD_AVR,MDC_ECG_LEAD_I,MDC_ECG_LEAD_II,MDC_ECG_LEAD_III,MDC_ECG_LEAD_V1,MDC_ECG_LEAD_V2,MDC_ECG_LEAD_V3,MDC_ECG_LEAD_V4,MDC_ECG_LEAD_V5,MDC_ECG_LEAD_V6",ok,usable,,,,,,,,,usable,,"parse,duration,leads,waveform,NaN/Inf",validation
d6_33a475841dcfd0,HNU11064,HNU11064,,ecg_machine_d6,ecg_d6,20260724-155953_HNU11064.xml,Data/心电图机d6/20260724-155953_HNU11064.xml,20260724155953,2026-07-24 15:59:53,1000,uV,121.0,"MDC_ECG_LEAD_AVF,MDC_ECG_LEAD_AVL,MDC_ECG_LEAD_AVR,MDC_ECG_LEAD_I,MDC_ECG_LEAD_II,MDC_ECG_LEAD_III,MDC_ECG_LEAD_V1,MDC_ECG_LEAD_V2,MDC_ECG_LEAD_V3,MDC_ECG_LEAD_V4,MDC_ECG_LEAD_V5,MDC_ECG_LEAD_V6",ok,usable,,,,,,,,,usable,,"parse,duration,leads,waveform,NaN/Inf",train
d6_8c2d83abe67e1c,HNU11065,HNU11065,,ecg_machine_d6,ecg_d6,20260724-160914_HNU11065.xml,Data/心电图机d6/20260724-160914_HNU11065.xml,20260724160914,2026-07-24 16:09:14,1000,uV,120.0,"MDC_ECG_LEAD_AVF,MDC_ECG_LEAD_AVL,MDC_ECG_LEAD_AVR,MDC_ECG_LEAD_I,MDC_ECG_LEAD_II,MDC_ECG_LEAD_III,MDC_ECG_LEAD_V1,MDC_ECG_LEAD_V2,MDC_ECG_LEAD_V3,MDC_ECG_LEAD_V4,MDC_ECG_LEAD_V5,MDC_ECG_LEAD_V6",ok,usable,,,,,,,,,usable,,"parse,duration,leads,waveform,NaN/Inf",train
d6_fa548e805f00d0,HNU11066,HNU11066,,ecg_machine_d6,ecg_d6,20260724-164400_HNU11066.xml,Data/心电图机d6/20260724-164400_HNU11066.xml,20260724164400,2026-07-24 16:44:00,1000,uV,121.0,"MDC_ECG_LEAD_AVF,MDC_ECG_LEAD_AVL,MDC_ECG_LEAD_AVR,MDC_ECG_LEAD_I,MDC_ECG_LEAD_II,MDC_ECG_LEAD_III,MDC_ECG_LEAD_V1,MDC_ECG_LEAD_V2,MDC_ECG_LEAD_V3,MDC_ECG_LEAD_V4,MDC_ECG_LEAD_V5,MDC_ECG_LEAD_V6",ok,usable,,,,,,,,,usable,,"parse,duration,leads,waveform,NaN/Inf",train
d6_bfec9219a38b66,HNU11068,HNU11068,,ecg_machine_d6,ecg_d6,20260725-152012_HNU11068.xml,Data/心电图机d6/20260725-152012_HNU11068.xml,20260725152012,2026-07-25 15:20:12,1000,uV,121.0,"MDC_ECG_LEAD_AVF,MDC_ECG_LEAD_AVL,MDC_ECG_LEAD_AVR,MDC_ECG_LEAD_I,MDC_ECG_LEAD_II,MDC_ECG_LEAD_III,MDC_ECG_LEAD_V1,MDC_ECG_LEAD_V2,MDC_ECG_LEAD_V3,MDC_ECG_LEAD_V4,MDC_ECG_LEAD_V5,MDC_ECG_LEAD_V6",ok,usable,,,,,,,,,usable,,"parse,duration,leads,waveform,NaN/Inf",validation
d6_bcbe3cf2bb10e8,HNU11069,HNU11069,,ecg_machine_d6,ecg_d6,20260725-152738_HNU11069.xml,Data/心电图机d6/20260725-152738_HNU11069.xml,20260725152738,2026-07-25 15:27:38,1000,uV,121.0,"MDC_ECG_LEAD_AVF,MDC_ECG_LEAD_AVL,MDC_ECG_LEAD_AVR,MDC_ECG_LEAD_I,MDC_ECG_LEAD_II,MDC_ECG_LEAD_III,MDC_ECG_LEAD_V1,MDC_ECG_LEAD_V2,MDC_ECG_LEAD_V3,MDC_ECG_LEAD_V4,MDC_ECG_LEAD_V5,MDC_ECG_LEAD_V6",ok,usable,,,,,,,,,usable,,"parse,duration,leads,waveform,NaN/Inf",train
d6_fb7bde34fd1d59,HNU11070,HNU11070,,ecg_machine_d6,ecg_d6,20260725-153823_HNU11070.xml,Data/心电图机d6/20260725-153823_HNU11070.xml,20260725153823,2026-07-25 15:38:23,1000,uV,121.0,"MDC_ECG_LEAD_AVF,MDC_ECG_LEAD_AVL,MDC_ECG_LEAD_AVR,MDC_ECG_LEAD_I,MDC_ECG_LEAD_II,MDC_ECG_LEAD_III,MDC_ECG_LEAD_V1,MDC_ECG_LEAD_V2,MDC_ECG_LEAD_V3,MDC_ECG_LEAD_V4,MDC_ECG_LEAD_V5,MDC_ECG_LEAD_V6",ok,usable,,,,,,,,,usable,,"parse,duration,leads,waveform,NaN/Inf",validation
d6_51f21effe0f1fb,HNU11071,HNU11071,,ecg_machine_d6,ecg_d6,20260725-155039_HNU11071.xml,Data/心电图机d6/20260725-155039_HNU11071.xml,20260725155039,2026-07-25 15:50:39,1000,uV,121.0,"MDC_ECG_LEAD_AVF,MDC_ECG_LEAD_AVL,MDC_ECG_LEAD_AVR,MDC_ECG_LEAD_I,MDC_ECG_LEAD_II,MDC_ECG_LEAD_III,MDC_ECG_LEAD_V1,MDC_ECG_LEAD_V2,MDC_ECG_LEAD_V3,MDC_ECG_LEAD_V4,MDC_ECG_LEAD_V5,MDC_ECG_LEAD_V6",ok,usable,,,,,,,,,usable,,"parse,duration,leads,waveform,NaN/Inf",train
d6_fbf089a7a63f77,HNU11072,HNU11072,,ecg_machine_d6,ecg_d6,20260725-161013_HNU11072.xml,Data/心电图机d6/20260725-161013_HNU11072.xml,20260725161013,2026-07-25 16:10:13,1000,uV,121.0,"MDC_ECG_LEAD_AVF,MDC_ECG_LEAD_AVL,MDC_ECG_LEAD_AVR,MDC_ECG_LEAD_I,MDC_ECG_LEAD_II,MDC_ECG_LEAD_III,MDC_ECG_LEAD_V1,MDC_ECG_LEAD_V2,MDC_ECG_LEAD_V3,MDC_ECG_LEAD_V4,MDC_ECG_LEAD_V5,MDC_ECG_LEAD_V6",ok,usable,,,,,,,,,usable,,"parse,duration,leads,waveform,NaN/Inf",train
d6_2f1d95211575e5,HNU11075,HNU11075,,ecg_machine_d6,ecg_d6,20260725-165143_HNU11075.xml,Data/心电图机d6/20260725-165143_HNU11075.xml,20260725165143,2026-07-25 16:51:43,1000,uV,121.0,"MDC_ECG_LEAD_AVF,MDC_ECG_LEAD_AVL,MDC_ECG_LEAD_AVR,MDC_ECG_LEAD_I,MDC_ECG_LEAD_II,MDC_ECG_LEAD_III,MDC_ECG_LEAD_V1,MDC_ECG_LEAD_V2,MDC_ECG_LEAD_V3,MDC_ECG_LEAD_V4,MDC_ECG_LEAD_V5,MDC_ECG_LEAD_V6",ok,usable,,,,,,,,,usable,,"parse,duration,leads,waveform,NaN/Inf",train
d6_739b0b6a45be15,HNU11073,HNU11073,,ecg_machine_d6,ecg_d6,20260725-165913_HNU11073.xml,Data/心电图机d6/20260725-165913_HNU11073.xml,20260725165913,2026-07-25 16:59:13,1000,uV,121.0,"MDC_ECG_LEAD_AVF,MDC_ECG_LEAD_AVL,MDC_ECG_LEAD_AVR,MDC_ECG_LEAD_I,MDC_ECG_LEAD_II,MDC_ECG_LEAD_III,MDC_ECG_LEAD_V1,MDC_ECG_LEAD_V2,MDC_ECG_LEAD_V3,MDC_ECG_LEAD_V4,MDC_ECG_LEAD_V5,MDC_ECG_LEAD_V6",ok,usable,,,,,,,,,usable,,"parse,duration,leads,waveform,NaN/Inf",train
d6_7109ee1b84387c,HNU11074,HNU11074,,ecg_machine_d6,ecg_d6,20260725-170737_HNU11074.xml,Data/心电图机d6/20260725-170737_HNU11074.xml,20260725170737,2026-07-25 17:07:37,1000,uV,120.0,"MDC_ECG_LEAD_AVF,MDC_ECG_LEAD_AVL,MDC_ECG_LEAD_AVR,MDC_ECG_LEAD_I,MDC_ECG_LEAD_II,MDC_ECG_LEAD_III,MDC_ECG_LEAD_V1,MDC_ECG_LEAD_V2,MDC_ECG_LEAD_V3,MDC_ECG_LEAD_V4,MDC_ECG_LEAD_V5,MDC_ECG_LEAD_V6",ok,usable,,,,,,,,,usable,,"parse,duration,leads,waveform,NaN/Inf",train
d6_d5aae2838256ea,HNU11076,HNU11076,,ecg_machine_d6,ecg_d6,20260725-174756_HNU11076.xml,Data/心电图机d6/20260725-174756_HNU11076.xml,20260725174756,2026-07-25 17:47:56,1000,uV,122.0,"MDC_ECG_LEAD_AVF,MDC_ECG_LEAD_AVL,MDC_ECG_LEAD_AVR,MDC_ECG_LEAD_I,MDC_ECG_LEAD_II,MDC_ECG_LEAD_III,MDC_ECG_LEAD_V1,MDC_ECG_LEAD_V2,MDC_ECG_LEAD_V3,MDC_ECG_LEAD_V4,MDC_ECG_LEAD_V5,MDC_ECG_LEAD_V6",ok,usable,,,,,,,,,usable,,"parse,duration,leads,waveform,NaN/Inf",validation
d6_94b6279de8eef9,HNU11078,HNU11078,,ecg_machine_d6,ecg_d6,20260725-175900_HNU11078.xml,Data/心电图机d6/20260725-175900_HNU11078.xml,20260725175900,2026-07-25 17:59:00,1000,uV,122.0,"MDC_ECG_LEAD_AVF,MDC_ECG_LEAD_AVL,MDC_ECG_LEAD_AVR,MDC_ECG_LEAD_I,MDC_ECG_LEAD_II,MDC_ECG_LEAD_III,MDC_ECG_LEAD_V1,MDC_ECG_LEAD_V2,MDC_ECG_LEAD_V3,MDC_ECG_LEAD_V4,MDC_ECG_LEAD_V5,MDC_ECG_LEAD_V6",ok,usable,,,,,,,,,usable,,"parse,duration,leads,waveform,NaN/Inf",train
d6_6584b92e9232fd,HNU11077,HNU11077,,ecg_machine_d6,ecg_d6,20260725-181036_HNU11077.xml,Data/心电图机d6/20260725-181036_HNU11077.xml,20260725181036,2026-07-25 18:10:36,1000,uV,121.0,"MDC_ECG_LEAD_AVF,MDC_ECG_LEAD_AVL,MDC_ECG_LEAD_AVR,MDC_ECG_LEAD_I,MDC_ECG_LEAD_II,MDC_ECG_LEAD_III,MDC_ECG_LEAD_V1,MDC_ECG_LEAD_V2,MDC_ECG_LEAD_V3,MDC_ECG_LEAD_V4,MDC_ECG_LEAD_V5,MDC_ECG_LEAD_V6",ok,usable,,,,,,,,,usable,,"parse,duration,leads,waveform,NaN/Inf",train
d6_1d2185c26995c2,HNU11079,HNU11079,,ecg_machine_d6,ecg_d6,20260726-141821_HNU11079.xml,Data/心电图机d6/20260726-141821_HNU11079.xml,20260726141821,2026-07-26 14:18:21,1000,uV,121.0,"MDC_ECG_LEAD_AVF,MDC_ECG_LEAD_AVL,MDC_ECG_LEAD_AVR,MDC_ECG_LEAD_I,MDC_ECG_LEAD_II,MDC_ECG_LEAD_III,MDC_ECG_LEAD_V1,MDC_ECG_LEAD_V2,MDC_ECG_LEAD_V3,MDC_ECG_LEAD_V4,MDC_ECG_LEAD_V5,MDC_ECG_LEAD_V6",ok,usable,,,,,,,,,usable,,"parse,duration,leads,waveform,NaN/Inf",train
d6_bd341b6ab3b67f,HNU11080,HNU11080,,ecg_machine_d6,ecg_d6,20260726-142602_HNU11080.xml,Data/心电图机d6/20260726-142602_HNU11080.xml,20260726142602,2026-07-26 14:26:02,1000,uV,121.0,"MDC_ECG_LEAD_AVF,MDC_ECG_LEAD_AVL,MDC_ECG_LEAD_AVR,MDC_ECG_LEAD_I,MDC_ECG_LEAD_II,MDC_ECG_LEAD_III,MDC_ECG_LEAD_V1,MDC_ECG_LEAD_V2,MDC_ECG_LEAD_V3,MDC_ECG_LEAD_V4,MDC_ECG_LEAD_V5,MDC_ECG_LEAD_V6",ok,usable,,,,,,,,,usable,,"parse,duration,leads,waveform,NaN/Inf",train
d6_ffe3d204c50942,HNU11081,HNU11081,,ecg_machine_d6,ecg_d6,20260726-144613_HNU11081.xml,Data/心电图机d6/20260726-144613_HNU11081.xml,20260726144613,2026-07-26 14:46:13,1000,uV,124.0,"MDC_ECG_LEAD_AVF,MDC_ECG_LEAD_AVL,MDC_ECG_LEAD_AVR,MDC_ECG_LEAD_I,MDC_ECG_LEAD_II,MDC_ECG_LEAD_III,MDC_ECG_LEAD_V1,MDC_ECG_LEAD_V2,MDC_ECG_LEAD_V3,MDC_ECG_LEAD_V4,MDC_ECG_LEAD_V5,MDC_ECG_LEAD_V6",ok,usable,,,,,,,,,usable,,"parse,duration,leads,waveform,NaN/Inf",train
d6_de5c8796f0495f,HNU11082,HNU11082,,ecg_machine_d6,ecg_d6,20260726-150845_HNU11082.xml,Data/心电图机d6/20260726-150845_HNU11082.xml,20260726150845,2026-07-26 15:08:45,1000,uV,140.0,"MDC_ECG_LEAD_AVF,MDC_ECG_LEAD_AVL,MDC_ECG_LEAD_AVR,MDC_ECG_LEAD_I,MDC_ECG_LEAD_II,MDC_ECG_LEAD_III,MDC_ECG_LEAD_V1,MDC_ECG_LEAD_V2,MDC_ECG_LEAD_V3,MDC_ECG_LEAD_V4,MDC_ECG_LEAD_V5,MDC_ECG_LEAD_V6",ok,usable,,,,,,,,,usable,,"parse,duration,leads,waveform,NaN/Inf",train
d6_10830636d7a82d,HNU11083,HNU11083,,ecg_machine_d6,ecg_d6,20260726-153347_HNU11083.xml,Data/心电图机d6/20260726-153347_HNU11083.xml,20260726153347,2026-07-26 15:33:47,1000,uV,121.0,"MDC_ECG_LEAD_AVF,MDC_ECG_LEAD_AVL,MDC_ECG_LEAD_AVR,MDC_ECG_LEAD_I,MDC_ECG_LEAD_II,MDC_ECG_LEAD_III,MDC_ECG_LEAD_V1,MDC_ECG_LEAD_V2,MDC_ECG_LEAD_V3,MDC_ECG_LEAD_V4,MDC_ECG_LEAD_V5,MDC_ECG_LEAD_V6",ok,usable,,,,,,,,,usable,,"parse,duration,leads,waveform,NaN/Inf",train
d6_de5704b422773e,HNU11084,HNU11084,,ecg_machine_d6,ecg_d6,20260726-154233_HNU11084.xml,Data/心电图机d6/20260726-154233_HNU11084.xml,20260726154233,2026-07-26 15:42:33,1000,uV,121.0,"MDC_ECG_LEAD_AVF,MDC_ECG_LEAD_AVL,MDC_ECG_LEAD_AVR,MDC_ECG_LEAD_I,MDC_ECG_LEAD_II,MDC_ECG_LEAD_III,MDC_ECG_LEAD_V1,MDC_ECG_LEAD_V2,MDC_ECG_LEAD_V3,MDC_ECG_LEAD_V4,MDC_ECG_LEAD_V5,MDC_ECG_LEAD_V6",ok,usable,,,,,,,,,usable,,"parse,duration,leads,waveform,NaN/Inf",validation
d6_c87f814f95d7d7,HNU11085,HNU11085,,ecg_machine_d6,ecg_d6,20260726-155031_HNU11085.xml,Data/心电图机d6/20260726-155031_HNU11085.xml,20260726155031,2026-07-26 15:50:31,1000,uV,121.0,"MDC_ECG_LEAD_AVF,MDC_ECG_LEAD_AVL,MDC_ECG_LEAD_AVR,MDC_ECG_LEAD_I,MDC_ECG_LEAD_II,MDC_ECG_LEAD_III,MDC_ECG_LEAD_V1,MDC_ECG_LEAD_V2,MDC_ECG_LEAD_V3,MDC_ECG_LEAD_V4,MDC_ECG_LEAD_V5,MDC_ECG_LEAD_V6",ok,usable,,,,,,,,,usable,,"parse,duration,leads,waveform,NaN/Inf",train
d6_cb9f57e6ae25bd,HNU11086,HNU11086,,ecg_machine_d6,ecg_d6,20260726-160539_HNU11086.xml,Data/心电图机d6/20260726-160539_HNU11086.xml,20260726160539,2026-07-26 16:05:39,1000,uV,121.0,"MDC_ECG_LEAD_AVF,MDC_ECG_LEAD_AVL,MDC_ECG_LEAD_AVR,MDC_ECG_LEAD_I,MDC_ECG_LEAD_II,MDC_ECG_LEAD_III,MDC_ECG_LEAD_V1,MDC_ECG_LEAD_V2,MDC_ECG_LEAD_V3,MDC_ECG_LEAD_V4,MDC_ECG_LEAD_V5,MDC_ECG_LEAD_V6",ok,usable,,,,,,,,,usable,,"parse,duration,leads,waveform,NaN/Inf",train
d6_178865d21b58cf,HNU11087,HNU11087,,ecg_machine_d6,ecg_d6,20260726-161551_HNU11087.xml,Data/心电图机d6/20260726-161551_HNU11087.xml,20260726161551,2026-07-26 16:15:51,1000,uV,121.0,"MDC_ECG_LEAD_AVF,MDC_ECG_LEAD_AVL,MDC_ECG_LEAD_AVR,MDC_ECG_LEAD_I,MDC_ECG_LEAD_II,MDC_ECG_LEAD_III,MDC_ECG_LEAD_V1,MDC_ECG_LEAD_V2,MDC_ECG_LEAD_V3,MDC_ECG_LEAD_V4,MDC_ECG_LEAD_V5,MDC_ECG_LEAD_V6",ok,usable,,,,,,,,,usable,,"parse,duration,leads,waveform,NaN/Inf",train
d6_6a48f7e327197f,HNU11088,HNU11088,,ecg_machine_d6,ecg_d6,20260726-163740_HNU11088.xml,Data/心电图机d6/20260726-163740_HNU11088.xml,20260726163740,2026-07-26 16:37:40,1000,uV,122.0,"MDC_ECG_LEAD_AVF,MDC_ECG_LEAD_AVL,MDC_ECG_LEAD_AVR,MDC_ECG_LEAD_I,MDC_ECG_LEAD_II,MDC_ECG_LEAD_III,MDC_ECG_LEAD_V1,MDC_ECG_LEAD_V2,MDC_ECG_LEAD_V3,MDC_ECG_LEAD_V4,MDC_ECG_LEAD_V5,MDC_ECG_LEAD_V6",ok,usable,,,,,,,,,usable,,"parse,duration,leads,waveform,NaN/Inf",train
d6_1393f9a0f1a31e,HNU11089,HNU11089,,ecg_machine_d6,ecg_d6,20260726-164741_HNU11089.xml,Data/心电图机d6/20260726-164741_HNU11089.xml,20260726164741,2026-07-26 16:47:41,1000,uV,121.0,"MDC_ECG_LEAD_AVF,MDC_ECG_LEAD_AVL,MDC_ECG_LEAD_AVR,MDC_ECG_LEAD_I,MDC_ECG_LEAD_II,MDC_ECG_LEAD_III,MDC_ECG_LEAD_V1,MDC_ECG_LEAD_V2,MDC_ECG_LEAD_V3,MDC_ECG_LEAD_V4,MDC_ECG_LEAD_V5,MDC_ECG_LEAD_V6",ok,usable,,,,,,,,,usable,,"parse,duration,leads,waveform,NaN/Inf",train
d6_73cd0f0292fef7,HNU11090,HNU11090,,ecg_machine_d6,ecg_d6,20260726-165534_HNU11090.xml,Data/心电图机d6/20260726-165534_HNU11090.xml,20260726165534,2026-07-26 16:55:34,1000,uV,121.0,"MDC_ECG_LEAD_AVF,MDC_ECG_LEAD_AVL,MDC_ECG_LEAD_AVR,MDC_ECG_LEAD_I,MDC_ECG_LEAD_II,MDC_ECG_LEAD_III,MDC_ECG_LEAD_V1,MDC_ECG_LEAD_V2,MDC_ECG_LEAD_V3,MDC_ECG_LEAD_V4,MDC_ECG_LEAD_V5,MDC_ECG_LEAD_V6",ok,usable,,,,,,,,,usable,,"parse,duration,leads,waveform,NaN/Inf",train
d6_d0976e64ec3117,HNU11091,HNU11091,,ecg_machine_d6,ecg_d6,20260726-171958_HNU11091.xml,Data/心电图机d6/20260726-171958_HNU11091.xml,20260726171958,2026-07-26 17:19:58,1000,uV,126.0,"MDC_ECG_LEAD_AVF,MDC_ECG_LEAD_AVL,MDC_ECG_LEAD_AVR,MDC_ECG_LEAD_I,MDC_ECG_LEAD_II,MDC_ECG_LEAD_III,MDC_ECG_LEAD_V1,MDC_ECG_LEAD_V2,MDC_ECG_LEAD_V3,MDC_ECG_LEAD_V4,MDC_ECG_LEAD_V5,MDC_ECG_LEAD_V6",ok,usable,,,,,,,,,usable,,"parse,duration,leads,waveform,NaN/Inf",train
d6_7e8e7c21cd103d,HNU11092,HNU11092,,ecg_machine_d6,ecg_d6,20260727-102539_HNU11092.xml,Data/心电图机d6/20260727-102539_HNU11092.xml,20260727102539,2026-07-27 10:25:39,1000,uV,120.0,"MDC_ECG_LEAD_AVF,MDC_ECG_LEAD_AVL,MDC_ECG_LEAD_AVR,MDC_ECG_LEAD_I,MDC_ECG_LEAD_II,MDC_ECG_LEAD_III,MDC_ECG_LEAD_V1,MDC_ECG_LEAD_V2,MDC_ECG_LEAD_V3,MDC_ECG_LEAD_V4,MDC_ECG_LEAD_V5,MDC_ECG_LEAD_V6",ok,usable,,,,,,,,,usable,,"parse,duration,leads,waveform,NaN/Inf",train
d6_bb7c6c5902235b,HNU11093,HNU11093,,ecg_machine_d6,ecg_d6,20260727-104321_HNU11093.xml,Data/心电图机d6/20260727-104321_HNU11093.xml,20260727104321,2026-07-27 10:43:21,1000,uV,121.0,"MDC_ECG_LEAD_AVF,MDC_ECG_LEAD_AVL,MDC_ECG_LEAD_AVR,MDC_ECG_LEAD_I,MDC_ECG_LEAD_II,MDC_ECG_LEAD_III,MDC_ECG_LEAD_V1,MDC_ECG_LEAD_V2,MDC_ECG_LEAD_V3,MDC_ECG_LEAD_V4,MDC_ECG_LEAD_V5,MDC_ECG_LEAD_V6",ok,usable,,,,,,,,,usable,,"parse,duration,leads,waveform,NaN/Inf",train
d6_1b84045fd49d67,HNU11095,HNU11095,,ecg_machine_d6,ecg_d6,20260727-151441_HNU11095.xml,Data/心电图机d6/20260727-151441_HNU11095.xml,20260727151441,2026-07-27 15:14:41,1000,uV,121.0,"MDC_ECG_LEAD_AVF,MDC_ECG_LEAD_AVL,MDC_ECG_LEAD_AVR,MDC_ECG_LEAD_I,MDC_ECG_LEAD_II,MDC_ECG_LEAD_III,MDC_ECG_LEAD_V1,MDC_ECG_LEAD_V2,MDC_ECG_LEAD_V3,MDC_ECG_LEAD_V4,MDC_ECG_LEAD_V5,MDC_ECG_LEAD_V6",ok,usable,,,,,,,,,usable,,"parse,duration,leads,waveform,NaN/Inf",train
d6_9d8ff7eed0671c,HNU11094,HNU11094,,ecg_machine_d6,ecg_d6,20260727-152601_HNU11094.xml,Data/心电图机d6/20260727-152601_HNU11094.xml,20260727152601,2026-07-27 15:26:01,1000,uV,122.0,"MDC_ECG_LEAD_AVF,MDC_ECG_LEAD_AVL,MDC_ECG_LEAD_AVR,MDC_ECG_LEAD_I,MDC_ECG_LEAD_II,MDC_ECG_LEAD_III,MDC_ECG_LEAD_V1,MDC_ECG_LEAD_V2,MDC_ECG_LEAD_V3,MDC_ECG_LEAD_V4,MDC_ECG_LEAD_V5,MDC_ECG_LEAD_V6",ok,usable,,,,,,,,,usable,,"parse,duration,leads,waveform,NaN/Inf",train
d6_2796907e8d7a3a,HNU11096,HNU11096,,ecg_machine_d6,ecg_d6,20260727-153821_HNU11096.xml,Data/心电图机d6/20260727-153821_HNU11096.xml,20260727153821,2026-07-27 15:38:21,1000,uV,121.0,"MDC_ECG_LEAD_AVF,MDC_ECG_LEAD_AVL,MDC_ECG_LEAD_AVR,MDC_ECG_LEAD_I,MDC_ECG_LEAD_II,MDC_ECG_LEAD_III,MDC_ECG_LEAD_V1,MDC_ECG_LEAD_V2,MDC_ECG_LEAD_V3,MDC_ECG_LEAD_V4,MDC_ECG_LEAD_V5,MDC_ECG_LEAD_V6",ok,usable,,,,,,,,,usable,,"parse,duration,leads,waveform,NaN/Inf",train
d6_8a1308a92165a8,HNU11097,HNU11097,,ecg_machine_d6,ecg_d6,20260727-161001_HNU11097.xml,Data/心电图机d6/20260727-161001_HNU11097.xml,20260727161001,2026-07-27 16:10:01,1000,uV,124.0,"MDC_ECG_LEAD_AVF,MDC_ECG_LEAD_AVL,MDC_ECG_LEAD_AVR,MDC_ECG_LEAD_I,MDC_ECG_LEAD_II,MDC_ECG_LEAD_III,MDC_ECG_LEAD_V1,MDC_ECG_LEAD_V2,MDC_ECG_LEAD_V3,MDC_ECG_LEAD_V4,MDC_ECG_LEAD_V5,MDC_ECG_LEAD_V6",ok,usable,,,,,,,,,usable,,"parse,duration,leads,waveform,NaN/Inf",train
d6_bd67affff5ab86,HNU11098,HNU11098,,ecg_machine_d6,ecg_d6,20260727-161734_HNU11098.xml,Data/心电图机d6/20260727-161734_HNU11098.xml,20260727161734,2026-07-27 16:17:34,1000,uV,122.0,"MDC_ECG_LEAD_AVF,MDC_ECG_LEAD_AVL,MDC_ECG_LEAD_AVR,MDC_ECG_LEAD_I,MDC_ECG_LEAD_II,MDC_ECG_LEAD_III,MDC_ECG_LEAD_V1,MDC_ECG_LEAD_V2,MDC_ECG_LEAD_V3,MDC_ECG_LEAD_V4,MDC_ECG_LEAD_V5,MDC_ECG_LEAD_V6",ok,usable,,,,,,,,,usable,,"parse,duration,leads,waveform,NaN/Inf",train
d6_56be4d1c325c85,HNU11099,HNU11099,,ecg_machine_d6,ecg_d6,20260728-102231_HNU11099.xml,Data/心电图机d6/20260728-102231_HNU11099.xml,20260728102231,2026-07-28 10:22:31,1000,uV,122.0,"MDC_ECG_LEAD_AVF,MDC_ECG_LEAD_AVL,MDC_ECG_LEAD_AVR,MDC_ECG_LEAD_I,MDC_ECG_LEAD_II,MDC_ECG_LEAD_III,MDC_ECG_LEAD_V1,MDC_ECG_LEAD_V2,MDC_ECG_LEAD_V3,MDC_ECG_LEAD_V4,MDC_ECG_LEAD_V5,MDC_ECG_LEAD_V6",ok,usable,,,,,,,,,usable,,"parse,duration,leads,waveform,NaN/Inf",validation
d6_99a1e571a37187,HNU11100,HNU11100,,ecg_machine_d6,ecg_d6,20260728-150857_HNU11100.xml,Data/心电图机d6/20260728-150857_HNU11100.xml,20260728150857,2026-07-28 15:08:57,1000,uV,121.0,"MDC_ECG_LEAD_AVF,MDC_ECG_LEAD_AVL,MDC_ECG_LEAD_AVR,MDC_ECG_LEAD_I,MDC_ECG_LEAD_II,MDC_ECG_LEAD_III,MDC_ECG_LEAD_V1,MDC_ECG_LEAD_V2,MDC_ECG_LEAD_V3,MDC_ECG_LEAD_V4,MDC_ECG_LEAD_V5,MDC_ECG_LEAD_V6",ok,usable,,,,,,,,,usable,,"parse,duration,leads,waveform,NaN/Inf",train
d6_fcc8e96b432395,HNU11101,HNU11101,,ecg_machine_d6,ecg_d6,20260728-170535_HNU11101.xml,Data/心电图机d6/20260728-170535_HNU11101.xml,20260728170535,2026-07-28 17:05:35,1000,uV,124.0,"MDC_ECG_LEAD_AVF,MDC_ECG_LEAD_AVL,MDC_ECG_LEAD_AVR,MDC_ECG_LEAD_I,MDC_ECG_LEAD_II,MDC_ECG_LEAD_III,MDC_ECG_LEAD_V1,MDC_ECG_LEAD_V2,MDC_ECG_LEAD_V3,MDC_ECG_LEAD_V4,MDC_ECG_LEAD_V5,MDC_ECG_LEAD_V6",ok,usable,,,,,,,,,usable,,"parse,duration,leads,waveform,NaN/Inf",train
d12_2910fb1963099a,HNU11001,HNU11001,,ecg_machine_d12,ecg_d12,20260721-151353_HNU11001.xml,Data/心电图机d12/20260721-151353_HNU11001.xml,20260721151353,2026-07-21 15:13:53,1000,uV,120.0,"MDC_ECG_LEAD_AVF,MDC_ECG_LEAD_AVL,MDC_ECG_LEAD_AVR,MDC_ECG_LEAD_I,MDC_ECG_LEAD_II,MDC_ECG_LEAD_III,MDC_ECG_LEAD_V1,MDC_ECG_LEAD_V2,MDC_ECG_LEAD_V3,MDC_ECG_LEAD_V4,MDC_ECG_LEAD_V5,MDC_ECG_LEAD_V6",ok,usable,,,,,,,,,usable,,"parse,duration,leads,waveform,NaN/Inf",train
d12_0100000d4f7822,HNU11002,HNU11002,,ecg_machine_d12,ecg_d12,20260721-171508_HNU11002.xml,Data/心电图机d12/20260721-171508_HNU11002.xml,20260721171508,2026-07-21 17:15:08,1000,uV,122.0,"MDC_ECG_LEAD_AVF,MDC_ECG_LEAD_AVL,MDC_ECG_LEAD_AVR,MDC_ECG_LEAD_I,MDC_ECG_LEAD_II,MDC_ECG_LEAD_III,MDC_ECG_LEAD_V1,MDC_ECG_LEAD_V2,MDC_ECG_LEAD_V3,MDC_ECG_LEAD_V4,MDC_ECG_LEAD_V5,MDC_ECG_LEAD_V6",ok,usable,,,,,,,,,usable,,"parse,duration,leads,waveform,NaN/Inf",train
d12_6b52d28690cdb8,HNU11004,HNU11004,,ecg_machine_d12,ecg_d12,20260721-173503_HNU11004.xml,Data/心电图机d12/20260721-173503_HNU11004.xml,20260721173503,2026-07-21 17:35:03,1000,uV,121.0,"MDC_ECG_LEAD_AVF,MDC_ECG_LEAD_AVL,MDC_ECG_LEAD_AVR,MDC_ECG_LEAD_I,MDC_ECG_LEAD_II,MDC_ECG_LEAD_III,MDC_ECG_LEAD_V1,MDC_ECG_LEAD_V2,MDC_ECG_LEAD_V3,MDC_ECG_LEAD_V4,MDC_ECG_LEAD_V5,MDC_ECG_LEAD_V6",ok,usable,,,,,,,,,usable,,"parse,duration,leads,waveform,NaN/Inf",train
d12_1e5211198ea573,HNU11005,HNU11005,,ecg_machine_d12,ecg_d12,20260721-192448_HNU11005.xml,Data/心电图机d12/20260721-192448_HNU11005.xml,20260721192448,2026-07-21 19:24:48,1000,uV,121.0,"MDC_ECG_LEAD_AVF,MDC_ECG_LEAD_AVL,MDC_ECG_LEAD_AVR,MDC_ECG_LEAD_I,MDC_ECG_LEAD_II,MDC_ECG_LEAD_III,MDC_ECG_LEAD_V1,MDC_ECG_LEAD_V2,MDC_ECG_LEAD_V3,MDC_ECG_LEAD_V4,MDC_ECG_LEAD_V5,MDC_ECG_LEAD_V6",ok,usable,,,,,,,,,usable,,"parse,duration,leads,waveform,NaN/Inf",train
d12_d12708ecccbfab,HNU11006,HNU11006,,ecg_machine_d12,ecg_d12,20260721-194316_HNU11006.xml,Data/心电图机d12/20260721-194316_HNU11006.xml,20260721194316,2026-07-21 19:43:16,1000,uV,121.0,"MDC_ECG_LEAD_AVF,MDC_ECG_LEAD_AVL,MDC_ECG_LEAD_AVR,MDC_ECG_LEAD_I,MDC_ECG_LEAD_II,MDC_ECG_LEAD_III,MDC_ECG_LEAD_V1,MDC_ECG_LEAD_V2,MDC_ECG_LEAD_V3,MDC_ECG_LEAD_V4,MDC_ECG_LEAD_V5,MDC_ECG_LEAD_V6",ok,usable,,,,,,,,,usable,,"parse,duration,leads,waveform,NaN/Inf",train
d12_05cc77f8a61e6e,HNU11007,HNU11007,,ecg_machine_d12,ecg_d12,20260721-195432_HNU11007.xml,Data/心电图机d12/20260721-195432_HNU11007.xml,20260721195432,2026-07-21 19:54:32,1000,uV,121.0,"MDC_ECG_LEAD_AVF,MDC_ECG_LEAD_AVL,MDC_ECG_LEAD_AVR,MDC_ECG_LEAD_I,MDC_ECG_LEAD_II,MDC_ECG_LEAD_III,MDC_ECG_LEAD_V1,MDC_ECG_LEAD_V2,MDC_ECG_LEAD_V3,MDC_ECG_LEAD_V4,MDC_ECG_LEAD_V5,MDC_ECG_LEAD_V6",ok,usable,,,,,,,,,usable,,"parse,duration,leads,waveform,NaN/Inf",train
d12_dce8245c318ba3,HNU11008,HNU11008,,ecg_machine_d12,ecg_d12,20260721-200247_HNU11008.xml,Data/心电图机d12/20260721-200247_HNU11008.xml,20260721200247,2026-07-21 20:02:47,1000,uV,123.0,"MDC_ECG_LEAD_AVF,MDC_ECG_LEAD_AVL,MDC_ECG_LEAD_AVR,MDC_ECG_LEAD_I,MDC_ECG_LEAD_II,MDC_ECG_LEAD_III,MDC_ECG_LEAD_V1,MDC_ECG_LEAD_V2,MDC_ECG_LEAD_V3,MDC_ECG_LEAD_V4,MDC_ECG_LEAD_V5,MDC_ECG_LEAD_V6",ok,usable,,,,,,,,,usable,,"parse,duration,leads,waveform,NaN/Inf",validation
d12_e9f132a7b5350f,HNU11009,HNU11009,,ecg_machine_d12,ecg_d12,20260721-201001_HNU11009.xml,Data/心电图机d12/20260721-201001_HNU11009.xml,20260721201001,2026-07-21 20:10:01,1000,uV,123.0,"MDC_ECG_LEAD_AVF,MDC_ECG_LEAD_AVL,MDC_ECG_LEAD_AVR,MDC_ECG_LEAD_I,MDC_ECG_LEAD_II,MDC_ECG_LEAD_III,MDC_ECG_LEAD_V1,MDC_ECG_LEAD_V2,MDC_ECG_LEAD_V3,MDC_ECG_LEAD_V4,MDC_ECG_LEAD_V5,MDC_ECG_LEAD_V6",ok,usable,,,,,,,,,usable,,"parse,duration,leads,waveform,NaN/Inf",train
d12_be78fc5187f046,HNU11010,HNU11010,,ecg_machine_d12,ecg_d12,20260721-201801_HNU11010.xml,Data/心电图机d12/20260721-201801_HNU11010.xml,20260721201801,2026-07-21 20:18:01,1000,uV,123.0,"MDC_ECG_LEAD_AVF,MDC_ECG_LEAD_AVL,MDC_ECG_LEAD_AVR,MDC_ECG_LEAD_I,MDC_ECG_LEAD_II,MDC_ECG_LEAD_III,MDC_ECG_LEAD_V1,MDC_ECG_LEAD_V2,MDC_ECG_LEAD_V3,MDC_ECG_LEAD_V4,MDC_ECG_LEAD_V5,MDC_ECG_LEAD_V6",ok,usable,,,,,,,,,usable,,"parse,duration,leads,waveform,NaN/Inf",train
d12_54b59401b7c03a,HNU11011,HNU11011,,ecg_machine_d12,ecg_d12,20260722-101306_HNU11011.xml,Data/心电图机d12/20260722-101306_HNU11011.xml,20260722101306,2026-07-22 10:13:06,1000,uV,121.0,"MDC_ECG_LEAD_AVF,MDC_ECG_LEAD_AVL,MDC_ECG_LEAD_AVR,MDC_ECG_LEAD_I,MDC_ECG_LEAD_II,MDC_ECG_LEAD_III,MDC_ECG_LEAD_V1,MDC_ECG_LEAD_V2,MDC_ECG_LEAD_V3,MDC_ECG_LEAD_V4,MDC_ECG_LEAD_V5,MDC_ECG_LEAD_V6",ok,usable,,,,,,,,,usable,,"parse,duration,leads,waveform,NaN/Inf",train
d12_79bb71da1f76e9,HNU11012,HNU11012,,ecg_machine_d12,ecg_d12,20260722-102159_HNU11012.xml,Data/心电图机d12/20260722-102159_HNU11012.xml,20260722102159,2026-07-22 10:21:59,1000,uV,121.0,"MDC_ECG_LEAD_AVF,MDC_ECG_LEAD_AVL,MDC_ECG_LEAD_AVR,MDC_ECG_LEAD_I,MDC_ECG_LEAD_II,MDC_ECG_LEAD_III,MDC_ECG_LEAD_V1,MDC_ECG_LEAD_V2,MDC_ECG_LEAD_V3,MDC_ECG_LEAD_V4,MDC_ECG_LEAD_V5,MDC_ECG_LEAD_V6",ok,usable,,,,,,,,,usable,,"parse,duration,leads,waveform,NaN/Inf",train
d12_ff969feb0f32a3,HNU11013,HNU11013,,ecg_machine_d12,ecg_d12,20260722-103045_HNU11013.xml,Data/心电图机d12/20260722-103045_HNU11013.xml,20260722103045,2026-07-22 10:30:45,1000,uV,122.0,"MDC_ECG_LEAD_AVF,MDC_ECG_LEAD_AVL,MDC_ECG_LEAD_AVR,MDC_ECG_LEAD_I,MDC_ECG_LEAD_II,MDC_ECG_LEAD_III,MDC_ECG_LEAD_V1,MDC_ECG_LEAD_V2,MDC_ECG_LEAD_V3,MDC_ECG_LEAD_V4,MDC_ECG_LEAD_V5,MDC_ECG_LEAD_V6",ok,usable,,,,,,,,,usable,,"parse,duration,leads,waveform,NaN/Inf",train
d12_b9e3e1526f5aac,HNU11014,HNU11014,,ecg_machine_d12,ecg_d12,20260722-103913_HNU11014.xml,Data/心电图机d12/20260722-103913_HNU11014.xml,20260722103913,2026-07-22 10:39:13,1000,uV,121.0,"MDC_ECG_LEAD_AVF,MDC_ECG_LEAD_AVL,MDC_ECG_LEAD_AVR,MDC_ECG_LEAD_I,MDC_ECG_LEAD_II,MDC_ECG_LEAD_III,MDC_ECG_LEAD_V1,MDC_ECG_LEAD_V2,MDC_ECG_LEAD_V3,MDC_ECG_LEAD_V4,MDC_ECG_LEAD_V5,MDC_ECG_LEAD_V6",ok,usable,,,,,,,,,usable,,"parse,duration,leads,waveform,NaN/Inf",validation
d12_41ecff1837d533,HNU11015,HNU11015,,ecg_machine_d12,ecg_d12,20260722-105015_HNU11015.xml,Data/心电图机d12/20260722-105015_HNU11015.xml,20260722105015,2026-07-22 10:50:15,1000,uV,121.0,"MDC_ECG_LEAD_AVF,MDC_ECG_LEAD_AVL,MDC_ECG_LEAD_AVR,MDC_ECG_LEAD_I,MDC_ECG_LEAD_II,MDC_ECG_LEAD_III,MDC_ECG_LEAD_V1,MDC_ECG_LEAD_V2,MDC_ECG_LEAD_V3,MDC_ECG_LEAD_V4,MDC_ECG_LEAD_V5,MDC_ECG_LEAD_V6",ok,usable,,,,,,,,,usable,,"parse,duration,leads,waveform,NaN/Inf",train
d12_5fd99b7f6a0359,HNU11016,HNU11016,,ecg_machine_d12,ecg_d12,20260722-110120_HNU11016.xml,Data/心电图机d12/20260722-110120_HNU11016.xml,20260722110120,2026-07-22 11:01:20,1000,uV,122.0,"MDC_ECG_LEAD_AVF,MDC_ECG_LEAD_AVL,MDC_ECG_LEAD_AVR,MDC_ECG_LEAD_I,MDC_ECG_LEAD_II,MDC_ECG_LEAD_III,MDC_ECG_LEAD_V1,MDC_ECG_LEAD_V2,MDC_ECG_LEAD_V3,MDC_ECG_LEAD_V4,MDC_ECG_LEAD_V5,MDC_ECG_LEAD_V6",ok,usable,,,,,,,,,usable,,"parse,duration,leads,waveform,NaN/Inf",train
d12_f6f28a6878e0ba,HNU11017,HNU11017,,ecg_machine_d12,ecg_d12,20260722-111054_HNU11017.xml,Data/心电图机d12/20260722-111054_HNU11017.xml,20260722111054,2026-07-22 11:10:54,1000,uV,122.0,"MDC_ECG_LEAD_AVF,MDC_ECG_LEAD_AVL,MDC_ECG_LEAD_AVR,MDC_ECG_LEAD_I,MDC_ECG_LEAD_II,MDC_ECG_LEAD_III,MDC_ECG_LEAD_V1,MDC_ECG_LEAD_V2,MDC_ECG_LEAD_V3,MDC_ECG_LEAD_V4,MDC_ECG_LEAD_V5,MDC_ECG_LEAD_V6",ok,usable,,,,,,,,,usable,,"parse,duration,leads,waveform,NaN/Inf",train
d12_83317d672b265e,HNU11018,HNU11018,,ecg_machine_d12,ecg_d12,20260722-111816_HNU11018.xml,Data/心电图机d12/20260722-111816_HNU11018.xml,20260722111816,2026-07-22 11:18:16,1000,uV,121.0,"MDC_ECG_LEAD_AVF,MDC_ECG_LEAD_AVL,MDC_ECG_LEAD_AVR,MDC_ECG_LEAD_I,MDC_ECG_LEAD_II,MDC_ECG_LEAD_III,MDC_ECG_LEAD_V1,MDC_ECG_LEAD_V2,MDC_ECG_LEAD_V3,MDC_ECG_LEAD_V4,MDC_ECG_LEAD_V5,MDC_ECG_LEAD_V6",ok,usable,,,,,,,,,usable,,"parse,duration,leads,waveform,NaN/Inf",train
d12_6f66e0bce170ec,HNU11019,HNU11019,,ecg_machine_d12,ecg_d12,20260722-112501_HNU11019.xml,Data/心电图机d12/20260722-112501_HNU11019.xml,20260722112501,2026-07-22 11:25:01,1000,uV,121.0,"MDC_ECG_LEAD_AVF,MDC_ECG_LEAD_AVL,MDC_ECG_LEAD_AVR,MDC_ECG_LEAD_I,MDC_ECG_LEAD_II,MDC_ECG_LEAD_III,MDC_ECG_LEAD_V1,MDC_ECG_LEAD_V2,MDC_ECG_LEAD_V3,MDC_ECG_LEAD_V4,MDC_ECG_LEAD_V5,MDC_ECG_LEAD_V6",ok,usable,,,,,,,,,usable,,"parse,duration,leads,waveform,NaN/Inf",train
d12_9896b26fa933ef,HNU11020,HNU11020,,ecg_machine_d12,ecg_d12,20260722-113238_HNU11020.xml,Data/心电图机d12/20260722-113238_HNU11020.xml,20260722113238,2026-07-22 11:32:38,1000,uV,122.0,"MDC_ECG_LEAD_AVF,MDC_ECG_LEAD_AVL,MDC_ECG_LEAD_AVR,MDC_ECG_LEAD_I,MDC_ECG_LEAD_II,MDC_ECG_LEAD_III,MDC_ECG_LEAD_V1,MDC_ECG_LEAD_V2,MDC_ECG_LEAD_V3,MDC_ECG_LEAD_V4,MDC_ECG_LEAD_V5,MDC_ECG_LEAD_V6",ok,usable,,,,,,,,,usable,,"parse,duration,leads,waveform,NaN/Inf",train
d12_6972d607394654,HNU11021,HNU11021,,ecg_machine_d12,ecg_d12,20260722-120330_HNU11021.xml,Data/心电图机d12/20260722-120330_HNU11021.xml,20260722120330,2026-07-22 12:03:30,1000,uV,121.0,"MDC_ECG_LEAD_AVF,MDC_ECG_LEAD_AVL,MDC_ECG_LEAD_AVR,MDC_ECG_LEAD_I,MDC_ECG_LEAD_II,MDC_ECG_LEAD_III,MDC_ECG_LEAD_V1,MDC_ECG_LEAD_V2,MDC_ECG_LEAD_V3,MDC_ECG_LEAD_V4,MDC_ECG_LEAD_V5,MDC_ECG_LEAD_V6",ok,usable,,,,,,,,,usable,,"parse,duration,leads,waveform,NaN/Inf",train
d12_79923f75fb4746,HNU11023,HNU11023,,ecg_machine_d12,ecg_d12,20260722-151842_HNU11023.xml,Data/心电图机d12/20260722-151842_HNU11023.xml,20260722151842,2026-07-22 15:18:42,1000,uV,122.0,"MDC_ECG_LEAD_AVF,MDC_ECG_LEAD_AVL,MDC_ECG_LEAD_AVR,MDC_ECG_LEAD_I,MDC_ECG_LEAD_II,MDC_ECG_LEAD_III,MDC_ECG_LEAD_V1,MDC_ECG_LEAD_V2,MDC_ECG_LEAD_V3,MDC_ECG_LEAD_V4,MDC_ECG_LEAD_V5,MDC_ECG_LEAD_V6",ok,usable,,,,,,,,,usable,,"parse,duration,leads,waveform,NaN/Inf",train
d12_1f73df7f634608,HNU11024,HNU11024,,ecg_machine_d12,ecg_d12,20260722-154351_HNU11024.xml,Data/心电图机d12/20260722-154351_HNU11024.xml,20260722154351,2026-07-22 15:43:51,1000,uV,121.0,"MDC_ECG_LEAD_AVF,MDC_ECG_LEAD_AVL,MDC_ECG_LEAD_AVR,MDC_ECG_LEAD_I,MDC_ECG_LEAD_II,MDC_ECG_LEAD_III,MDC_ECG_LEAD_V1,MDC_ECG_LEAD_V2,MDC_ECG_LEAD_V3,MDC_ECG_LEAD_V4,MDC_ECG_LEAD_V5,MDC_ECG_LEAD_V6",ok,usable,,,,,,,,,usable,,"parse,duration,leads,waveform,NaN/Inf",train
d12_5dffcd05ef1104,HNU11025,HNU11025,,ecg_machine_d12,ecg_d12,20260722-160106_HNU11025.xml,Data/心电图机d12/20260722-160106_HNU11025.xml,20260722160106,2026-07-22 16:01:06,1000,uV,121.0,"MDC_ECG_LEAD_AVF,MDC_ECG_LEAD_AVL,MDC_ECG_LEAD_AVR,MDC_ECG_LEAD_I,MDC_ECG_LEAD_II,MDC_ECG_LEAD_III,MDC_ECG_LEAD_V1,MDC_ECG_LEAD_V2,MDC_ECG_LEAD_V3,MDC_ECG_LEAD_V4,MDC_ECG_LEAD_V5,MDC_ECG_LEAD_V6",ok,usable,,,,,,,,,usable,,"parse,duration,leads,waveform,NaN/Inf",validation
d12_1169122ce7bb98,HNU11026,HNU11026,,ecg_machine_d12,ecg_d12,20260722-160947_HNU11026.xml,Data/心电图机d12/20260722-160947_HNU11026.xml,20260722160947,2026-07-22 16:09:47,1000,uV,121.0,"MDC_ECG_LEAD_AVF,MDC_ECG_LEAD_AVL,MDC_ECG_LEAD_AVR,MDC_ECG_LEAD_I,MDC_ECG_LEAD_II,MDC_ECG_LEAD_III,MDC_ECG_LEAD_V1,MDC_ECG_LEAD_V2,MDC_ECG_LEAD_V3,MDC_ECG_LEAD_V4,MDC_ECG_LEAD_V5,MDC_ECG_LEAD_V6",ok,usable,,,,,,,,,usable,,"parse,duration,leads,waveform,NaN/Inf",train
d12_e2f88f8aae3a9b,HNU11027,HNU11027,,ecg_machine_d12,ecg_d12,20260722-163219_HNU11027.xml,Data/心电图机d12/20260722-163219_HNU11027.xml,20260722163219,2026-07-22 16:32:19,1000,uV,121.0,"MDC_ECG_LEAD_AVF,MDC_ECG_LEAD_AVL,MDC_ECG_LEAD_AVR,MDC_ECG_LEAD_I,MDC_ECG_LEAD_II,MDC_ECG_LEAD_III,MDC_ECG_LEAD_V1,MDC_ECG_LEAD_V2,MDC_ECG_LEAD_V3,MDC_ECG_LEAD_V4,MDC_ECG_LEAD_V5,MDC_ECG_LEAD_V6",ok,usable,,,,,,,,,usable,,"parse,duration,leads,waveform,NaN/Inf",train
d12_e923c094e4d2bf,HNU11028,HNU11028,,ecg_machine_d12,ecg_d12,20260722-164231_HNU11028.xml,Data/心电图机d12/20260722-164231_HNU11028.xml,20260722164231,2026-07-22 16:42:31,1000,uV,121.0,"MDC_ECG_LEAD_AVF,MDC_ECG_LEAD_AVL,MDC_ECG_LEAD_AVR,MDC_ECG_LEAD_I,MDC_ECG_LEAD_II,MDC_ECG_LEAD_III,MDC_ECG_LEAD_V1,MDC_ECG_LEAD_V2,MDC_ECG_LEAD_V3,MDC_ECG_LEAD_V4,MDC_ECG_LEAD_V5,MDC_ECG_LEAD_V6",ok,usable,,,,,,,,,usable,,"parse,duration,leads,waveform,NaN/Inf",train
d12_2a478d28d88149,HNU11003,HNU11003,,ecg_machine_d12,ecg_d12,20260722-170253_HNU11003.xml,Data/心电图机d12/20260722-170253_HNU11003.xml,20260722170253,2026-07-22 17:02:53,1000,uV,123.0,"MDC_ECG_LEAD_AVF,MDC_ECG_LEAD_AVL,MDC_ECG_LEAD_AVR,MDC_ECG_LEAD_I,MDC_ECG_LEAD_II,MDC_ECG_LEAD_III,MDC_ECG_LEAD_V1,MDC_ECG_LEAD_V2,MDC_ECG_LEAD_V3,MDC_ECG_LEAD_V4,MDC_ECG_LEAD_V5,MDC_ECG_LEAD_V6",ok,usable,,,,,,,,,usable,,"parse,duration,leads,waveform,NaN/Inf",train
d12_9a90f2bbf90338,HNU11029,HNU11029,,ecg_machine_d12,ecg_d12,20260722-172042_HNU11029.xml,Data/心电图机d12/20260722-172042_HNU11029.xml,20260722172042,2026-07-22 17:20:42,1000,uV,121.0,"MDC_ECG_LEAD_AVF,MDC_ECG_LEAD_AVL,MDC_ECG_LEAD_AVR,MDC_ECG_LEAD_I,MDC_ECG_LEAD_II,MDC_ECG_LEAD_III,MDC_ECG_LEAD_V1,MDC_ECG_LEAD_V2,MDC_ECG_LEAD_V3,MDC_ECG_LEAD_V4,MDC_ECG_LEAD_V5,MDC_ECG_LEAD_V6",ok,usable,,,,,,,,,usable,,"parse,duration,leads,waveform,NaN/Inf",validation
d12_73b74af6caf256,HNU11022,HNU11022,,ecg_machine_d12,ecg_d12,20260722-193455_HNU11022.xml,Data/心电图机d12/20260722-193455_HNU11022.xml,20260722193455,2026-07-22 19:34:55,1000,uV,121.0,"MDC_ECG_LEAD_AVF,MDC_ECG_LEAD_AVL,MDC_ECG_LEAD_AVR,MDC_ECG_LEAD_I,MDC_ECG_LEAD_II,MDC_ECG_LEAD_III,MDC_ECG_LEAD_V1,MDC_ECG_LEAD_V2,MDC_ECG_LEAD_V3,MDC_ECG_LEAD_V4,MDC_ECG_LEAD_V5,MDC_ECG_LEAD_V6",ok,usable,,,,,,,,,usable,,"parse,duration,leads,waveform,NaN/Inf",train
d12_9b3cc7e2573092,HNU11030,HNU11030,,ecg_machine_d12,ecg_d12,20260723-101637_HNU11030.xml,Data/心电图机d12/20260723-101637_HNU11030.xml,20260723101637,2026-07-23 10:16:37,1000,uV,121.0,"MDC_ECG_LEAD_AVF,MDC_ECG_LEAD_AVL,MDC_ECG_LEAD_AVR,MDC_ECG_LEAD_I,MDC_ECG_LEAD_II,MDC_ECG_LEAD_III,MDC_ECG_LEAD_V1,MDC_ECG_LEAD_V2,MDC_ECG_LEAD_V3,MDC_ECG_LEAD_V4,MDC_ECG_LEAD_V5,MDC_ECG_LEAD_V6",ok,usable,,,,,,,,,usable,,"parse,duration,leads,waveform,NaN/Inf",train
d12_74c7084de676e5,HNU11031,HNU11031,,ecg_machine_d12,ecg_d12,20260723-102452_HNU11031.xml,Data/心电图机d12/20260723-102452_HNU11031.xml,20260723102452,2026-07-23 10:24:52,1000,uV,121.0,"MDC_ECG_LEAD_AVF,MDC_ECG_LEAD_AVL,MDC_ECG_LEAD_AVR,MDC_ECG_LEAD_I,MDC_ECG_LEAD_II,MDC_ECG_LEAD_III,MDC_ECG_LEAD_V1,MDC_ECG_LEAD_V2,MDC_ECG_LEAD_V3,MDC_ECG_LEAD_V4,MDC_ECG_LEAD_V5,MDC_ECG_LEAD_V6",ok,usable,,,,,,,,,usable,,"parse,duration,leads,waveform,NaN/Inf",validation
d12_d462736bb9ae39,HNU11032,HNU11032,,ecg_machine_d12,ecg_d12,20260723-104930_HNU11032.xml,Data/心电图机d12/20260723-104930_HNU11032.xml,20260723104930,2026-07-23 10:49:30,1000,uV,121.0,"MDC_ECG_LEAD_AVF,MDC_ECG_LEAD_AVL,MDC_ECG_LEAD_AVR,MDC_ECG_LEAD_I,MDC_ECG_LEAD_II,MDC_ECG_LEAD_III,MDC_ECG_LEAD_V1,MDC_ECG_LEAD_V2,MDC_ECG_LEAD_V3,MDC_ECG_LEAD_V4,MDC_ECG_LEAD_V5,MDC_ECG_LEAD_V6",ok,usable,,,,,,,,,usable,,"parse,duration,leads,waveform,NaN/Inf",train
d12_460ad0de7a2ebf,HNU11033,HNU11033,,ecg_machine_d12,ecg_d12,20260723-110410_HNU11033.xml,Data/心电图机d12/20260723-110410_HNU11033.xml,20260723110410,2026-07-23 11:04:10,1000,uV,120.0,"MDC_ECG_LEAD_AVF,MDC_ECG_LEAD_AVL,MDC_ECG_LEAD_AVR,MDC_ECG_LEAD_I,MDC_ECG_LEAD_II,MDC_ECG_LEAD_III,MDC_ECG_LEAD_V1,MDC_ECG_LEAD_V2,MDC_ECG_LEAD_V3,MDC_ECG_LEAD_V4,MDC_ECG_LEAD_V5,MDC_ECG_LEAD_V6",ok,usable,,,,,,,,,usable,,"parse,duration,leads,waveform,NaN/Inf",train
d12_6dbd2e6358a534,HNU11034,HNU11034,,ecg_machine_d12,ecg_d12,20260723-111330_HNU11034.xml,Data/心电图机d12/20260723-111330_HNU11034.xml,20260723111330,2026-07-23 11:13:30,1000,uV,126.0,"MDC_ECG_LEAD_AVF,MDC_ECG_LEAD_AVL,MDC_ECG_LEAD_AVR,MDC_ECG_LEAD_I,MDC_ECG_LEAD_II,MDC_ECG_LEAD_III,MDC_ECG_LEAD_V1,MDC_ECG_LEAD_V2,MDC_ECG_LEAD_V3,MDC_ECG_LEAD_V4,MDC_ECG_LEAD_V5,MDC_ECG_LEAD_V6",ok,usable,,,,,,,,,usable,,"parse,duration,leads,waveform,NaN/Inf",train
d12_493a7d4ad9f543,HNU11035,HNU11035,,ecg_machine_d12,ecg_d12,20260723-113410_HNU11035.xml,Data/心电图机d12/20260723-113410_HNU11035.xml,20260723113410,2026-07-23 11:34:10,1000,uV,124.0,"MDC_ECG_LEAD_AVF,MDC_ECG_LEAD_AVL,MDC_ECG_LEAD_AVR,MDC_ECG_LEAD_I,MDC_ECG_LEAD_II,MDC_ECG_LEAD_III,MDC_ECG_LEAD_V1,MDC_ECG_LEAD_V2,MDC_ECG_LEAD_V3,MDC_ECG_LEAD_V4,MDC_ECG_LEAD_V5,MDC_ECG_LEAD_V6",ok,usable,,,,,,,,,usable,,"parse,duration,leads,waveform,NaN/Inf",train
d12_27e00bd5675229,HNU11036,HNU11036,,ecg_machine_d12,ecg_d12,20260723-114347_HNU11036.xml,Data/心电图机d12/20260723-114347_HNU11036.xml,20260723114347,2026-07-23 11:43:47,1000,uV,120.0,"MDC_ECG_LEAD_AVF,MDC_ECG_LEAD_AVL,MDC_ECG_LEAD_AVR,MDC_ECG_LEAD_I,MDC_ECG_LEAD_II,MDC_ECG_LEAD_III,MDC_ECG_LEAD_V1,MDC_ECG_LEAD_V2,MDC_ECG_LEAD_V3,MDC_ECG_LEAD_V4,MDC_ECG_LEAD_V5,MDC_ECG_LEAD_V6",ok,usable,,,,,,,,,usable,,"parse,duration,leads,waveform,NaN/Inf",train
d12_d219e0485a541a,HNU11037,HNU11037,,ecg_machine_d12,ecg_d12,20260723-120144_HNU11037.xml,Data/心电图机d12/20260723-120144_HNU11037.xml,20260723120144,2026-07-23 12:01:44,1000,uV,121.0,"MDC_ECG_LEAD_AVF,MDC_ECG_LEAD_AVL,MDC_ECG_LEAD_AVR,MDC_ECG_LEAD_I,MDC_ECG_LEAD_II,MDC_ECG_LEAD_III,MDC_ECG_LEAD_V1,MDC_ECG_LEAD_V2,MDC_ECG_LEAD_V3,MDC_ECG_LEAD_V4,MDC_ECG_LEAD_V5,MDC_ECG_LEAD_V6",ok,usable,,,,,,,,,usable,,"parse,duration,leads,waveform,NaN/Inf",train
d12_71c9ff8708e535,HNU11038,HNU11038,,ecg_machine_d12,ecg_d12,20260723-151816_HNU11038.xml,Data/心电图机d12/20260723-151816_HNU11038.xml,20260723151816,2026-07-23 15:18:16,1000,uV,121.0,"MDC_ECG_LEAD_AVF,MDC_ECG_LEAD_AVL,MDC_ECG_LEAD_AVR,MDC_ECG_LEAD_I,MDC_ECG_LEAD_II,MDC_ECG_LEAD_III,MDC_ECG_LEAD_V1,MDC_ECG_LEAD_V2,MDC_ECG_LEAD_V3,MDC_ECG_LEAD_V4,MDC_ECG_LEAD_V5,MDC_ECG_LEAD_V6",ok,usable,,,,,,,,,usable,,"parse,duration,leads,waveform,NaN/Inf",train
d12_7f1860e69f45b5,HNU11039,HNU11039,,ecg_machine_d12,ecg_d12,20260723-152611_HNU11039.xml,Data/心电图机d12/20260723-152611_HNU11039.xml,20260723152611,2026-07-23 15:26:11,1000,uV,122.0,"MDC_ECG_LEAD_AVF,MDC_ECG_LEAD_AVL,MDC_ECG_LEAD_AVR,MDC_ECG_LEAD_I,MDC_ECG_LEAD_II,MDC_ECG_LEAD_III,MDC_ECG_LEAD_V1,MDC_ECG_LEAD_V2,MDC_ECG_LEAD_V3,MDC_ECG_LEAD_V4,MDC_ECG_LEAD_V5,MDC_ECG_LEAD_V6",ok,usable,,,,,,,,,usable,,"parse,duration,leads,waveform,NaN/Inf",train
d12_703999f5a3bc26,HNU11040,HNU11040,,ecg_machine_d12,ecg_d12,20260723-153305_HNU11040.xml,Data/心电图机d12/20260723-153305_HNU11040.xml,20260723153305,2026-07-23 15:33:05,1000,uV,121.0,"MDC_ECG_LEAD_AVF,MDC_ECG_LEAD_AVL,MDC_ECG_LEAD_AVR,MDC_ECG_LEAD_I,MDC_ECG_LEAD_II,MDC_ECG_LEAD_III,MDC_ECG_LEAD_V1,MDC_ECG_LEAD_V2,MDC_ECG_LEAD_V3,MDC_ECG_LEAD_V4,MDC_ECG_LEAD_V5,MDC_ECG_LEAD_V6",ok,usable,,,,,,,,,usable,,"parse,duration,leads,waveform,NaN/Inf",train
d12_35d23ecb4dea20,HNU11041,HNU11041,,ecg_machine_d12,ecg_d12,20260723-154158_HNU11041.xml,Data/心电图机d12/20260723-154158_HNU11041.xml,20260723154158,2026-07-23 15:41:58,1000,uV,121.0,"MDC_ECG_LEAD_AVF,MDC_ECG_LEAD_AVL,MDC_ECG_LEAD_AVR,MDC_ECG_LEAD_I,MDC_ECG_LEAD_II,MDC_ECG_LEAD_III,MDC_ECG_LEAD_V1,MDC_ECG_LEAD_V2,MDC_ECG_LEAD_V3,MDC_ECG_LEAD_V4,MDC_ECG_LEAD_V5,MDC_ECG_LEAD_V6",ok,usable,,,,,,,,,usable,,"parse,duration,leads,waveform,NaN/Inf",train
d12_ee67333557b702,HNU11042,HNU11042,,ecg_machine_d12,ecg_d12,20260723-155413_HNU11042.xml,Data/心电图机d12/20260723-155413_HNU11042.xml,20260723155413,2026-07-23 15:54:13,1000,uV,121.0,"MDC_ECG_LEAD_AVF,MDC_ECG_LEAD_AVL,MDC_ECG_LEAD_AVR,MDC_ECG_LEAD_I,MDC_ECG_LEAD_II,MDC_ECG_LEAD_III,MDC_ECG_LEAD_V1,MDC_ECG_LEAD_V2,MDC_ECG_LEAD_V3,MDC_ECG_LEAD_V4,MDC_ECG_LEAD_V5,MDC_ECG_LEAD_V6",ok,usable,,,,,,,,,usable,,"parse,duration,leads,waveform,NaN/Inf",train
d12_ca2cde8608704b,HNU11043,HNU11043,,ecg_machine_d12,ecg_d12,20260723-160150_HNU11043.xml,Data/心电图机d12/20260723-160150_HNU11043.xml,20260723160150,2026-07-23 16:01:50,1000,uV,121.0,"MDC_ECG_LEAD_AVF,MDC_ECG_LEAD_AVL,MDC_ECG_LEAD_AVR,MDC_ECG_LEAD_I,MDC_ECG_LEAD_II,MDC_ECG_LEAD_III,MDC_ECG_LEAD_V1,MDC_ECG_LEAD_V2,MDC_ECG_LEAD_V3,MDC_ECG_LEAD_V4,MDC_ECG_LEAD_V5,MDC_ECG_LEAD_V6",ok,usable,,,,,,,,,usable,,"parse,duration,leads,waveform,NaN/Inf",train
d12_c71f3cfe4e6257,HNU11044,HNU11044,,ecg_machine_d12,ecg_d12,20260723-160904_HNU11044.xml,Data/心电图机d12/20260723-160904_HNU11044.xml,20260723160904,2026-07-23 16:09:04,1000,uV,121.0,"MDC_ECG_LEAD_AVF,MDC_ECG_LEAD_AVL,MDC_ECG_LEAD_AVR,MDC_ECG_LEAD_I,MDC_ECG_LEAD_II,MDC_ECG_LEAD_III,MDC_ECG_LEAD_V1,MDC_ECG_LEAD_V2,MDC_ECG_LEAD_V3,MDC_ECG_LEAD_V4,MDC_ECG_LEAD_V5,MDC_ECG_LEAD_V6",ok,usable,,,,,,,,,usable,,"parse,duration,leads,waveform,NaN/Inf",train
d12_463ed4f961ac90,HNU11045,HNU11045,,ecg_machine_d12,ecg_d12,20260723-161638_HNU11045.xml,Data/心电图机d12/20260723-161638_HNU11045.xml,20260723161638,2026-07-23 16:16:38,1000,uV,121.0,"MDC_ECG_LEAD_AVF,MDC_ECG_LEAD_AVL,MDC_ECG_LEAD_AVR,MDC_ECG_LEAD_I,MDC_ECG_LEAD_II,MDC_ECG_LEAD_III,MDC_ECG_LEAD_V1,MDC_ECG_LEAD_V2,MDC_ECG_LEAD_V3,MDC_ECG_LEAD_V4,MDC_ECG_LEAD_V5,MDC_ECG_LEAD_V6",ok,usable,,,,,,,,,usable,,"parse,duration,leads,waveform,NaN/Inf",train
d12_d1b1e27eb482c7,HNU11046,HNU11046,,ecg_machine_d12,ecg_d12,20260723-162339_HNU11046.xml,Data/心电图机d12/20260723-162339_HNU11046.xml,20260723162339,2026-07-23 16:23:39,1000,uV,121.0,"MDC_ECG_LEAD_AVF,MDC_ECG_LEAD_AVL,MDC_ECG_LEAD_AVR,MDC_ECG_LEAD_I,MDC_ECG_LEAD_II,MDC_ECG_LEAD_III,MDC_ECG_LEAD_V1,MDC_ECG_LEAD_V2,MDC_ECG_LEAD_V3,MDC_ECG_LEAD_V4,MDC_ECG_LEAD_V5,MDC_ECG_LEAD_V6",ok,usable,,,,,,,,,usable,,"parse,duration,leads,waveform,NaN/Inf",validation
d12_f6f77ba435974f,HNU11047,HNU11047,,ecg_machine_d12,ecg_d12,20260723-163742_HNU11047.xml,Data/心电图机d12/20260723-163742_HNU11047.xml,20260723163742,2026-07-23 16:37:42,1000,uV,121.0,"MDC_ECG_LEAD_AVF,MDC_ECG_LEAD_AVL,MDC_ECG_LEAD_AVR,MDC_ECG_LEAD_I,MDC_ECG_LEAD_II,MDC_ECG_LEAD_III,MDC_ECG_LEAD_V1,MDC_ECG_LEAD_V2,MDC_ECG_LEAD_V3,MDC_ECG_LEAD_V4,MDC_ECG_LEAD_V5,MDC_ECG_LEAD_V6",ok,usable,,,,,,,,,usable,,"parse,duration,leads,waveform,NaN/Inf",train
d12_8b8cd8cfcd5d02,HNU11048,HNU11048,,ecg_machine_d12,ecg_d12,20260723-164543_HNU11048.xml,Data/心电图机d12/20260723-164543_HNU11048.xml,20260723164543,2026-07-23 16:45:43,1000,uV,121.0,"MDC_ECG_LEAD_AVF,MDC_ECG_LEAD_AVL,MDC_ECG_LEAD_AVR,MDC_ECG_LEAD_I,MDC_ECG_LEAD_II,MDC_ECG_LEAD_III,MDC_ECG_LEAD_V1,MDC_ECG_LEAD_V2,MDC_ECG_LEAD_V3,MDC_ECG_LEAD_V4,MDC_ECG_LEAD_V5,MDC_ECG_LEAD_V6",ok,usable,,,,,,,,,usable,,"parse,duration,leads,waveform,NaN/Inf",validation
d12_2de2cfb0eea222,HNU11049,HNU11049,,ecg_machine_d12,ecg_d12,20260723-165351_HNU11049.xml,Data/心电图机d12/20260723-165351_HNU11049.xml,20260723165351,2026-07-23 16:53:51,1000,uV,122.0,"MDC_ECG_LEAD_AVF,MDC_ECG_LEAD_AVL,MDC_ECG_LEAD_AVR,MDC_ECG_LEAD_I,MDC_ECG_LEAD_II,MDC_ECG_LEAD_III,MDC_ECG_LEAD_V1,MDC_ECG_LEAD_V2,MDC_ECG_LEAD_V3,MDC_ECG_LEAD_V4,MDC_ECG_LEAD_V5,MDC_ECG_LEAD_V6",ok,usable,,,,,,,,,usable,,"parse,duration,leads,waveform,NaN/Inf",validation
d12_f8cef52f655b7d,HNU11050,HNU11050,,ecg_machine_d12,ecg_d12,20260723-170636_HNU11050.xml,Data/心电图机d12/20260723-170636_HNU11050.xml,20260723170636,2026-07-23 17:06:36,1000,uV,131.0,"MDC_ECG_LEAD_AVF,MDC_ECG_LEAD_AVL,MDC_ECG_LEAD_AVR,MDC_ECG_LEAD_I,MDC_ECG_LEAD_II,MDC_ECG_LEAD_III,MDC_ECG_LEAD_V1,MDC_ECG_LEAD_V2,MDC_ECG_LEAD_V3,MDC_ECG_LEAD_V4,MDC_ECG_LEAD_V5,MDC_ECG_LEAD_V6",ok,usable,,,,,,,,,usable,,"parse,duration,leads,waveform,NaN/Inf",train
d12_bcbd97e6a622b0,HNU11051,HNU11051,,ecg_machine_d12,ecg_d12,20260723-175455_HNU11051.xml,Data/心电图机d12/20260723-175455_HNU11051.xml,20260723175455,2026-07-23 17:54:55,1000,uV,129.0,"MDC_ECG_LEAD_AVF,MDC_ECG_LEAD_AVL,MDC_ECG_LEAD_AVR,MDC_ECG_LEAD_I,MDC_ECG_LEAD_II,MDC_ECG_LEAD_III,MDC_ECG_LEAD_V1,MDC_ECG_LEAD_V2,MDC_ECG_LEAD_V3,MDC_ECG_LEAD_V4,MDC_ECG_LEAD_V5,MDC_ECG_LEAD_V6",ok,usable,,,,,,,,,usable,,"parse,duration,leads,waveform,NaN/Inf",validation
d12_01e19f08160eda,HNU11052,HNU11052,,ecg_machine_d12,ecg_d12,20260723-180246_HNU11052.xml,Data/心电图机d12/20260723-180246_HNU11052.xml,20260723180246,2026-07-23 18:02:46,1000,uV,126.0,"MDC_ECG_LEAD_AVF,MDC_ECG_LEAD_AVL,MDC_ECG_LEAD_AVR,MDC_ECG_LEAD_I,MDC_ECG_LEAD_II,MDC_ECG_LEAD_III,MDC_ECG_LEAD_V1,MDC_ECG_LEAD_V2,MDC_ECG_LEAD_V3,MDC_ECG_LEAD_V4,MDC_ECG_LEAD_V5,MDC_ECG_LEAD_V6",ok,usable,,,,,,,,,usable,,"parse,duration,leads,waveform,NaN/Inf",train
d12_b10757ed8a53eb,HNU11053,HNU11053,,ecg_machine_d12,ecg_d12,20260724-102753_HNU11053.xml,Data/心电图机d12/20260724-102753_HNU11053.xml,20260724102753,2026-07-24 10:27:53,1000,uV,120.0,"MDC_ECG_LEAD_AVF,MDC_ECG_LEAD_AVL,MDC_ECG_LEAD_AVR,MDC_ECG_LEAD_I,MDC_ECG_LEAD_II,MDC_ECG_LEAD_III,MDC_ECG_LEAD_V1,MDC_ECG_LEAD_V2,MDC_ECG_LEAD_V3,MDC_ECG_LEAD_V4,MDC_ECG_LEAD_V5,MDC_ECG_LEAD_V6",ok,usable,,,,,,,,,usable,,"parse,duration,leads,waveform,NaN/Inf",train
d12_3fdafd49fbef07,HNU11054,HNU11054,,ecg_machine_d12,ecg_d12,20260724-103607_HNU11054.xml,Data/心电图机d12/20260724-103607_HNU11054.xml,20260724103607,2026-07-24 10:36:07,1000,uV,123.0,"MDC_ECG_LEAD_AVF,MDC_ECG_LEAD_AVL,MDC_ECG_LEAD_AVR,MDC_ECG_LEAD_I,MDC_ECG_LEAD_II,MDC_ECG_LEAD_III,MDC_ECG_LEAD_V1,MDC_ECG_LEAD_V2,MDC_ECG_LEAD_V3,MDC_ECG_LEAD_V4,MDC_ECG_LEAD_V5,MDC_ECG_LEAD_V6",ok,usable,,,,,,,,,usable,,"parse,duration,leads,waveform,NaN/Inf",validation
d12_31943c13b2eab6,HNU11055,HNU11055,,ecg_machine_d12,ecg_d12,20260724-104603_HNU11055.xml,Data/心电图机d12/20260724-104603_HNU11055.xml,20260724104603,2026-07-24 10:46:03,1000,uV,120.0,"MDC_ECG_LEAD_AVF,MDC_ECG_LEAD_AVL,MDC_ECG_LEAD_AVR,MDC_ECG_LEAD_I,MDC_ECG_LEAD_II,MDC_ECG_LEAD_III,MDC_ECG_LEAD_V1,MDC_ECG_LEAD_V2,MDC_ECG_LEAD_V3,MDC_ECG_LEAD_V4,MDC_ECG_LEAD_V5,MDC_ECG_LEAD_V6",ok,usable,,,,,,,,,usable,,"parse,duration,leads,waveform,NaN/Inf",validation
d12_4f0618718eae4a,HNU11056,HNU11056,,ecg_machine_d12,ecg_d12,20260724-105757_HNU11056.xml,Data/心电图机d12/20260724-105757_HNU11056.xml,20260724105757,2026-07-24 10:57:57,1000,uV,121.0,"MDC_ECG_LEAD_AVF,MDC_ECG_LEAD_AVL,MDC_ECG_LEAD_AVR,MDC_ECG_LEAD_I,MDC_ECG_LEAD_II,MDC_ECG_LEAD_III,MDC_ECG_LEAD_V1,MDC_ECG_LEAD_V2,MDC_ECG_LEAD_V3,MDC_ECG_LEAD_V4,MDC_ECG_LEAD_V5,MDC_ECG_LEAD_V6",ok,usable,,,,,,,,,usable,,"parse,duration,leads,waveform,NaN/Inf",train
d12_d3ed2c2e979994,HNU11057,HNU11057,,ecg_machine_d12,ecg_d12,20260724-111213_HNU11057.xml,Data/心电图机d12/20260724-111213_HNU11057.xml,20260724111213,2026-07-24 11:12:13,1000,uV,122.0,"MDC_ECG_LEAD_AVF,MDC_ECG_LEAD_AVL,MDC_ECG_LEAD_AVR,MDC_ECG_LEAD_I,MDC_ECG_LEAD_II,MDC_ECG_LEAD_III,MDC_ECG_LEAD_V1,MDC_ECG_LEAD_V2,MDC_ECG_LEAD_V3,MDC_ECG_LEAD_V4,MDC_ECG_LEAD_V5,MDC_ECG_LEAD_V6",ok,usable,,,,,,,,,usable,,"parse,duration,leads,waveform,NaN/Inf",validation
d12_4320ee1a2247cf,HNU11058,HNU11058,,ecg_machine_d12,ecg_d12,20260724-112102_HNU11058.xml,Data/心电图机d12/20260724-112102_HNU11058.xml,20260724112102,2026-07-24 11:21:02,1000,uV,121.0,"MDC_ECG_LEAD_AVF,MDC_ECG_LEAD_AVL,MDC_ECG_LEAD_AVR,MDC_ECG_LEAD_I,MDC_ECG_LEAD_II,MDC_ECG_LEAD_III,MDC_ECG_LEAD_V1,MDC_ECG_LEAD_V2,MDC_ECG_LEAD_V3,MDC_ECG_LEAD_V4,MDC_ECG_LEAD_V5,MDC_ECG_LEAD_V6",ok,usable,,,,,,,,,usable,,"parse,duration,leads,waveform,NaN/Inf",train
d12_1c235c205c25c5,HNU11059,HNU11059,,ecg_machine_d12,ecg_d12,20260724-112913_HNU11059.xml,Data/心电图机d12/20260724-112913_HNU11059.xml,20260724112913,2026-07-24 11:29:13,1000,uV,122.0,"MDC_ECG_LEAD_AVF,MDC_ECG_LEAD_AVL,MDC_ECG_LEAD_AVR,MDC_ECG_LEAD_I,MDC_ECG_LEAD_II,MDC_ECG_LEAD_III,MDC_ECG_LEAD_V1,MDC_ECG_LEAD_V2,MDC_ECG_LEAD_V3,MDC_ECG_LEAD_V4,MDC_ECG_LEAD_V5,MDC_ECG_LEAD_V6",ok,usable,,,,,,,,,usable,,"parse,duration,leads,waveform,NaN/Inf",train
d12_8db996d577a3eb,HNU11060,HNU11060,,ecg_machine_d12,ecg_d12,20260724-152907_HNU11060.xml,Data/心电图机d12/20260724-152907_HNU11060.xml,20260724152907,2026-07-24 15:29:07,1000,uV,121.0,"MDC_ECG_LEAD_AVF,MDC_ECG_LEAD_AVL,MDC_ECG_LEAD_AVR,MDC_ECG_LEAD_I,MDC_ECG_LEAD_II,MDC_ECG_LEAD_III,MDC_ECG_LEAD_V1,MDC_ECG_LEAD_V2,MDC_ECG_LEAD_V3,MDC_ECG_LEAD_V4,MDC_ECG_LEAD_V5,MDC_ECG_LEAD_V6",ok,usable,,,,,,,,,usable,,"parse,duration,leads,waveform,NaN/Inf",validation
d12_2955afb92d0642,HNU11061,HNU11061,,ecg_machine_d12,ecg_d12,20260724-153656_HNU11061.xml,Data/心电图机d12/20260724-153656_HNU11061.xml,20260724153656,2026-07-24 15:36:56,1000,uV,121.0,"MDC_ECG_LEAD_AVF,MDC_ECG_LEAD_AVL,MDC_ECG_LEAD_AVR,MDC_ECG_LEAD_I,MDC_ECG_LEAD_II,MDC_ECG_LEAD_III,MDC_ECG_LEAD_V1,MDC_ECG_LEAD_V2,MDC_ECG_LEAD_V3,MDC_ECG_LEAD_V4,MDC_ECG_LEAD_V5,MDC_ECG_LEAD_V6",ok,usable,,,,,,,,,usable,,"parse,duration,leads,waveform,NaN/Inf",validation
d12_076ea5daed5473,HNU11063,HNU11063,,ecg_machine_d12,ecg_d12,20260724-154541_HNU11063.xml,Data/心电图机d12/20260724-154541_HNU11063.xml,20260724154541,2026-07-24 15:45:41,1000,uV,136.0,"MDC_ECG_LEAD_AVF,MDC_ECG_LEAD_AVL,MDC_ECG_LEAD_AVR,MDC_ECG_LEAD_I,MDC_ECG_LEAD_II,MDC_ECG_LEAD_III,MDC_ECG_LEAD_V1,MDC_ECG_LEAD_V2,MDC_ECG_LEAD_V3,MDC_ECG_LEAD_V4,MDC_ECG_LEAD_V5,MDC_ECG_LEAD_V6",ok,usable,,,,,,,,,usable,,"parse,duration,leads,waveform,NaN/Inf",train
d12_461a557ba84193,HNU11062,HNU11062,,ecg_machine_d12,ecg_d12,20260724-155617_HNU11062.xml,Data/心电图机d12/20260724-155617_HNU11062.xml,20260724155617,2026-07-24 15:56:17,1000,uV,121.0,"MDC_ECG_LEAD_AVF,MDC_ECG_LEAD_AVL,MDC_ECG_LEAD_AVR,MDC_ECG_LEAD_I,MDC_ECG_LEAD_II,MDC_ECG_LEAD_III,MDC_ECG_LEAD_V1,MDC_ECG_LEAD_V2,MDC_ECG_LEAD_V3,MDC_ECG_LEAD_V4,MDC_ECG_LEAD_V5,MDC_ECG_LEAD_V6",ok,usable,,,,,,,,,usable,,"parse,duration,leads,waveform,NaN/Inf",validation
d12_1fc3b9df64cfb4,HNU11064,HNU11064,,ecg_machine_d12,ecg_d12,20260724-160514_HNU11064.xml,Data/心电图机d12/20260724-160514_HNU11064.xml,20260724160514,2026-07-24 16:05:14,1000,uV,121.0,"MDC_ECG_LEAD_AVF,MDC_ECG_LEAD_AVL,MDC_ECG_LEAD_AVR,MDC_ECG_LEAD_I,MDC_ECG_LEAD_II,MDC_ECG_LEAD_III,MDC_ECG_LEAD_V1,MDC_ECG_LEAD_V2,MDC_ECG_LEAD_V3,MDC_ECG_LEAD_V4,MDC_ECG_LEAD_V5,MDC_ECG_LEAD_V6",ok,usable,,,,,,,,,usable,,"parse,duration,leads,waveform,NaN/Inf",train
d12_0a5d33eea70d46,HNU11065,HNU11065,,ecg_machine_d12,ecg_d12,20260724-161314_HNU11065.xml,Data/心电图机d12/20260724-161314_HNU11065.xml,20260724161314,2026-07-24 16:13:14,1000,uV,121.0,"MDC_ECG_LEAD_AVF,MDC_ECG_LEAD_AVL,MDC_ECG_LEAD_AVR,MDC_ECG_LEAD_I,MDC_ECG_LEAD_II,MDC_ECG_LEAD_III,MDC_ECG_LEAD_V1,MDC_ECG_LEAD_V2,MDC_ECG_LEAD_V3,MDC_ECG_LEAD_V4,MDC_ECG_LEAD_V5,MDC_ECG_LEAD_V6",ok,usable,,,,,,,,,usable,,"parse,duration,leads,waveform,NaN/Inf",train
d12_978f53a6bbc1a2,HNU11066,HNU11066,,ecg_machine_d12,ecg_d12,20260724-164944_HNU11066.xml,Data/心电图机d12/20260724-164944_HNU11066.xml,20260724164944,2026-07-24 16:49:44,1000,uV,140.0,"MDC_ECG_LEAD_AVF,MDC_ECG_LEAD_AVL,MDC_ECG_LEAD_AVR,MDC_ECG_LEAD_I,MDC_ECG_LEAD_II,MDC_ECG_LEAD_III,MDC_ECG_LEAD_V1,MDC_ECG_LEAD_V2,MDC_ECG_LEAD_V3,MDC_ECG_LEAD_V4,MDC_ECG_LEAD_V5,MDC_ECG_LEAD_V6",ok,usable,,,,,,,,,usable,,"parse,duration,leads,waveform,NaN/Inf",train
d12_8a906d4da7a608,HNU11068,HNU11068,,ecg_machine_d12,ecg_d12,20260725-152409_HNU11068.xml,Data/心电图机d12/20260725-152409_HNU11068.xml,20260725152409,2026-07-25 15:24:09,1000,uV,125.0,"MDC_ECG_LEAD_AVF,MDC_ECG_LEAD_AVL,MDC_ECG_LEAD_AVR,MDC_ECG_LEAD_I,MDC_ECG_LEAD_II,MDC_ECG_LEAD_III,MDC_ECG_LEAD_V1,MDC_ECG_LEAD_V2,MDC_ECG_LEAD_V3,MDC_ECG_LEAD_V4,MDC_ECG_LEAD_V5,MDC_ECG_LEAD_V6",ok,usable,,,,,,,,,usable,,"parse,duration,leads,waveform,NaN/Inf",validation
d12_85fed2117c26e0,HNU11069,HNU11069,,ecg_machine_d12,ecg_d12,20260725-153334_HNU11069.xml,Data/心电图机d12/20260725-153334_HNU11069.xml,20260725153334,2026-07-25 15:33:34,1000,uV,130.0,"MDC_ECG_LEAD_AVF,MDC_ECG_LEAD_AVL,MDC_ECG_LEAD_AVR,MDC_ECG_LEAD_I,MDC_ECG_LEAD_II,MDC_ECG_LEAD_III,MDC_ECG_LEAD_V1,MDC_ECG_LEAD_V2,MDC_ECG_LEAD_V3,MDC_ECG_LEAD_V4,MDC_ECG_LEAD_V5,MDC_ECG_LEAD_V6",ok,usable,,,,,,,,,usable,,"parse,duration,leads,waveform,NaN/Inf",train
d12_f1d86b19035156,HNU11070,HNU11070,,ecg_machine_d12,ecg_d12,20260725-154224_HNU11070.xml,Data/心电图机d12/20260725-154224_HNU11070.xml,20260725154224,2026-07-25 15:42:24,1000,uV,121.0,"MDC_ECG_LEAD_AVF,MDC_ECG_LEAD_AVL,MDC_ECG_LEAD_AVR,MDC_ECG_LEAD_I,MDC_ECG_LEAD_II,MDC_ECG_LEAD_III,MDC_ECG_LEAD_V1,MDC_ECG_LEAD_V2,MDC_ECG_LEAD_V3,MDC_ECG_LEAD_V4,MDC_ECG_LEAD_V5,MDC_ECG_LEAD_V6",ok,usable,,,,,,,,,usable,,"parse,duration,leads,waveform,NaN/Inf",validation
d12_97b1bbdd984592,HNU11071,HNU11071,,ecg_machine_d12,ecg_d12,20260725-155524_HNU11071.xml,Data/心电图机d12/20260725-155524_HNU11071.xml,20260725155524,2026-07-25 15:55:24,1000,uV,125.0,"MDC_ECG_LEAD_AVF,MDC_ECG_LEAD_AVL,MDC_ECG_LEAD_AVR,MDC_ECG_LEAD_I,MDC_ECG_LEAD_II,MDC_ECG_LEAD_III,MDC_ECG_LEAD_V1,MDC_ECG_LEAD_V2,MDC_ECG_LEAD_V3,MDC_ECG_LEAD_V4,MDC_ECG_LEAD_V5,MDC_ECG_LEAD_V6",ok,usable,,,,,,,,,usable,,"parse,duration,leads,waveform,NaN/Inf",train
d12_197ccfbd7661de,HNU11072,HNU11072,,ecg_machine_d12,ecg_d12,20260725-161641_HNU11072.xml,Data/心电图机d12/20260725-161641_HNU11072.xml,20260725161641,2026-07-25 16:16:41,1000,uV,121.0,"MDC_ECG_LEAD_AVF,MDC_ECG_LEAD_AVL,MDC_ECG_LEAD_AVR,MDC_ECG_LEAD_I,MDC_ECG_LEAD_II,MDC_ECG_LEAD_III,MDC_ECG_LEAD_V1,MDC_ECG_LEAD_V2,MDC_ECG_LEAD_V3,MDC_ECG_LEAD_V4,MDC_ECG_LEAD_V5,MDC_ECG_LEAD_V6",ok,usable,,,,,,,,,usable,,"parse,duration,leads,waveform,NaN/Inf",train
d12_b10d007b238f24,HNU11075,HNU11075,,ecg_machine_d12,ecg_d12,20260725-165534_HNU11075.xml,Data/心电图机d12/20260725-165534_HNU11075.xml,20260725165534,2026-07-25 16:55:34,1000,uV,121.0,"MDC_ECG_LEAD_AVF,MDC_ECG_LEAD_AVL,MDC_ECG_LEAD_AVR,MDC_ECG_LEAD_I,MDC_ECG_LEAD_II,MDC_ECG_LEAD_III,MDC_ECG_LEAD_V1,MDC_ECG_LEAD_V2,MDC_ECG_LEAD_V3,MDC_ECG_LEAD_V4,MDC_ECG_LEAD_V5,MDC_ECG_LEAD_V6",ok,usable,,,,,,,,,usable,,"parse,duration,leads,waveform,NaN/Inf",train
d12_d392187f2e2bdb,HNU11073,HNU11073,,ecg_machine_d12,ecg_d12,20260725-170319_HNU11073.xml,Data/心电图机d12/20260725-170319_HNU11073.xml,20260725170319,2026-07-25 17:03:19,1000,uV,122.0,"MDC_ECG_LEAD_AVF,MDC_ECG_LEAD_AVL,MDC_ECG_LEAD_AVR,MDC_ECG_LEAD_I,MDC_ECG_LEAD_II,MDC_ECG_LEAD_III,MDC_ECG_LEAD_V1,MDC_ECG_LEAD_V2,MDC_ECG_LEAD_V3,MDC_ECG_LEAD_V4,MDC_ECG_LEAD_V5,MDC_ECG_LEAD_V6",ok,usable,,,,,,,,,usable,,"parse,duration,leads,waveform,NaN/Inf",train
d12_159efea54a4622,HNU11074,HNU11074,,ecg_machine_d12,ecg_d12,20260725-171112_HNU11074.xml,Data/心电图机d12/20260725-171112_HNU11074.xml,20260725171112,2026-07-25 17:11:12,1000,uV,121.0,"MDC_ECG_LEAD_AVF,MDC_ECG_LEAD_AVL,MDC_ECG_LEAD_AVR,MDC_ECG_LEAD_I,MDC_ECG_LEAD_II,MDC_ECG_LEAD_III,MDC_ECG_LEAD_V1,MDC_ECG_LEAD_V2,MDC_ECG_LEAD_V3,MDC_ECG_LEAD_V4,MDC_ECG_LEAD_V5,MDC_ECG_LEAD_V6",ok,usable,,,,,,,,,usable,,"parse,duration,leads,waveform,NaN/Inf",train
d12_1812635abce179,HNU11076,HNU11076,,ecg_machine_d12,ecg_d12,20260725-175259_HNU11076.xml,Data/心电图机d12/20260725-175259_HNU11076.xml,20260725175259,2026-07-25 17:52:59,1000,uV,121.0,"MDC_ECG_LEAD_AVF,MDC_ECG_LEAD_AVL,MDC_ECG_LEAD_AVR,MDC_ECG_LEAD_I,MDC_ECG_LEAD_II,MDC_ECG_LEAD_III,MDC_ECG_LEAD_V1,MDC_ECG_LEAD_V2,MDC_ECG_LEAD_V3,MDC_ECG_LEAD_V4,MDC_ECG_LEAD_V5,MDC_ECG_LEAD_V6",ok,usable,,,,,,,,,usable,,"parse,duration,leads,waveform,NaN/Inf",validation
d12_8b162c7eb65881,HNU11078,HNU11078,,ecg_machine_d12,ecg_d12,20260725-180439_HNU11078.xml,Data/心电图机d12/20260725-180439_HNU11078.xml,20260725180439,2026-07-25 18:04:39,1000,uV,122.0,"MDC_ECG_LEAD_AVF,MDC_ECG_LEAD_AVL,MDC_ECG_LEAD_AVR,MDC_ECG_LEAD_I,MDC_ECG_LEAD_II,MDC_ECG_LEAD_III,MDC_ECG_LEAD_V1,MDC_ECG_LEAD_V2,MDC_ECG_LEAD_V3,MDC_ECG_LEAD_V4,MDC_ECG_LEAD_V5,MDC_ECG_LEAD_V6",ok,usable,,,,,,,,,usable,,"parse,duration,leads,waveform,NaN/Inf",train
d12_beca710ccb8308,HNU11077,HNU11077,,ecg_machine_d12,ecg_d12,20260725-181447_HNU11077.xml,Data/心电图机d12/20260725-181447_HNU11077.xml,20260725181447,2026-07-25 18:14:47,1000,uV,121.0,"MDC_ECG_LEAD_AVF,MDC_ECG_LEAD_AVL,MDC_ECG_LEAD_AVR,MDC_ECG_LEAD_I,MDC_ECG_LEAD_II,MDC_ECG_LEAD_III,MDC_ECG_LEAD_V1,MDC_ECG_LEAD_V2,MDC_ECG_LEAD_V3,MDC_ECG_LEAD_V4,MDC_ECG_LEAD_V5,MDC_ECG_LEAD_V6",ok,usable,,,,,,,,,usable,,"parse,duration,leads,waveform,NaN/Inf",train
d12_add801e8c2ef5f,HNU11079,HNU11079,,ecg_machine_d12,ecg_d12,20260726-142159_HNU11079.xml,Data/心电图机d12/20260726-142159_HNU11079.xml,20260726142159,2026-07-26 14:21:59,1000,uV,121.0,"MDC_ECG_LEAD_AVF,MDC_ECG_LEAD_AVL,MDC_ECG_LEAD_AVR,MDC_ECG_LEAD_I,MDC_ECG_LEAD_II,MDC_ECG_LEAD_III,MDC_ECG_LEAD_V1,MDC_ECG_LEAD_V2,MDC_ECG_LEAD_V3,MDC_ECG_LEAD_V4,MDC_ECG_LEAD_V5,MDC_ECG_LEAD_V6",ok,usable,,,,,,,,,usable,,"parse,duration,leads,waveform,NaN/Inf",train
d12_534a58127d2afc,HNU11080,HNU11080,,ecg_machine_d12,ecg_d12,20260726-142926_HNU11080.xml,Data/心电图机d12/20260726-142926_HNU11080.xml,20260726142926,2026-07-26 14:29:26,1000,uV,131.0,"MDC_ECG_LEAD_AVF,MDC_ECG_LEAD_AVL,MDC_ECG_LEAD_AVR,MDC_ECG_LEAD_I,MDC_ECG_LEAD_II,MDC_ECG_LEAD_III,MDC_ECG_LEAD_V1,MDC_ECG_LEAD_V2,MDC_ECG_LEAD_V3,MDC_ECG_LEAD_V4,MDC_ECG_LEAD_V5,MDC_ECG_LEAD_V6",ok,usable,,,,,,,,,usable,,"parse,duration,leads,waveform,NaN/Inf",train
d12_da584107d6226d,HNU11081,HNU11081,,ecg_machine_d12,ecg_d12,20260726-145108_HNU11081.xml,Data/心电图机d12/20260726-145108_HNU11081.xml,20260726145108,2026-07-26 14:51:08,1000,uV,131.0,"MDC_ECG_LEAD_AVF,MDC_ECG_LEAD_AVL,MDC_ECG_LEAD_AVR,MDC_ECG_LEAD_I,MDC_ECG_LEAD_II,MDC_ECG_LEAD_III,MDC_ECG_LEAD_V1,MDC_ECG_LEAD_V2,MDC_ECG_LEAD_V3,MDC_ECG_LEAD_V4,MDC_ECG_LEAD_V5,MDC_ECG_LEAD_V6",ok,usable,,,,,,,,,usable,,"parse,duration,leads,waveform,NaN/Inf",train
d12_12e9a19941df75,HNU11082,HNU11082,,ecg_machine_d12,ecg_d12,20260726-151228_HNU11082.xml,Data/心电图机d12/20260726-151228_HNU11082.xml,20260726151228,2026-07-26 15:12:28,1000,uV,130.0,"MDC_ECG_LEAD_AVF,MDC_ECG_LEAD_AVL,MDC_ECG_LEAD_AVR,MDC_ECG_LEAD_I,MDC_ECG_LEAD_II,MDC_ECG_LEAD_III,MDC_ECG_LEAD_V1,MDC_ECG_LEAD_V2,MDC_ECG_LEAD_V3,MDC_ECG_LEAD_V4,MDC_ECG_LEAD_V5,MDC_ECG_LEAD_V6",ok,usable,,,,,,,,,usable,,"parse,duration,leads,waveform,NaN/Inf",train
d12_d5b7f6a47c40b0,HNU11083,HNU11083,,ecg_machine_d12,ecg_d12,20260726-153659_HNU11083.xml,Data/心电图机d12/20260726-153659_HNU11083.xml,20260726153659,2026-07-26 15:36:59,1000,uV,121.0,"MDC_ECG_LEAD_AVF,MDC_ECG_LEAD_AVL,MDC_ECG_LEAD_AVR,MDC_ECG_LEAD_I,MDC_ECG_LEAD_II,MDC_ECG_LEAD_III,MDC_ECG_LEAD_V1,MDC_ECG_LEAD_V2,MDC_ECG_LEAD_V3,MDC_ECG_LEAD_V4,MDC_ECG_LEAD_V5,MDC_ECG_LEAD_V6",ok,usable,,,,,,,,,usable,,"parse,duration,leads,waveform,NaN/Inf",train
d12_0b2b97044d07ae,HNU11084,HNU11084,,ecg_machine_d12,ecg_d12,20260726-154557_HNU11084.xml,Data/心电图机d12/20260726-154557_HNU11084.xml,20260726154557,2026-07-26 15:45:57,1000,uV,121.0,"MDC_ECG_LEAD_AVF,MDC_ECG_LEAD_AVL,MDC_ECG_LEAD_AVR,MDC_ECG_LEAD_I,MDC_ECG_LEAD_II,MDC_ECG_LEAD_III,MDC_ECG_LEAD_V1,MDC_ECG_LEAD_V2,MDC_ECG_LEAD_V3,MDC_ECG_LEAD_V4,MDC_ECG_LEAD_V5,MDC_ECG_LEAD_V6",ok,usable,,,,,,,,,usable,,"parse,duration,leads,waveform,NaN/Inf",validation
d12_cc0c3b0df3aec2,HNU11085,HNU11085,,ecg_machine_d12,ecg_d12,20260726-155542_HNU11085.xml,Data/心电图机d12/20260726-155542_HNU11085.xml,20260726155542,2026-07-26 15:55:42,1000,uV,123.0,"MDC_ECG_LEAD_AVF,MDC_ECG_LEAD_AVL,MDC_ECG_LEAD_AVR,MDC_ECG_LEAD_I,MDC_ECG_LEAD_II,MDC_ECG_LEAD_III,MDC_ECG_LEAD_V1,MDC_ECG_LEAD_V2,MDC_ECG_LEAD_V3,MDC_ECG_LEAD_V4,MDC_ECG_LEAD_V5,MDC_ECG_LEAD_V6",ok,usable,,,,,,,,,usable,,"parse,duration,leads,waveform,NaN/Inf",train
d12_a27f81682d6d56,HNU11086,HNU11086,,ecg_machine_d12,ecg_d12,20260726-160906_HNU11086.xml,Data/心电图机d12/20260726-160906_HNU11086.xml,20260726160906,2026-07-26 16:09:06,1000,uV,121.0,"MDC_ECG_LEAD_AVF,MDC_ECG_LEAD_AVL,MDC_ECG_LEAD_AVR,MDC_ECG_LEAD_I,MDC_ECG_LEAD_II,MDC_ECG_LEAD_III,MDC_ECG_LEAD_V1,MDC_ECG_LEAD_V2,MDC_ECG_LEAD_V3,MDC_ECG_LEAD_V4,MDC_ECG_LEAD_V5,MDC_ECG_LEAD_V6",ok,usable,,,,,,,,,usable,,"parse,duration,leads,waveform,NaN/Inf",train
d12_145af1ec7842b7,HNU11087,HNU11087,,ecg_machine_d12,ecg_d12,20260726-161915_HNU11087.xml,Data/心电图机d12/20260726-161915_HNU11087.xml,20260726161915,2026-07-26 16:19:15,1000,uV,121.0,"MDC_ECG_LEAD_AVF,MDC_ECG_LEAD_AVL,MDC_ECG_LEAD_AVR,MDC_ECG_LEAD_I,MDC_ECG_LEAD_II,MDC_ECG_LEAD_III,MDC_ECG_LEAD_V1,MDC_ECG_LEAD_V2,MDC_ECG_LEAD_V3,MDC_ECG_LEAD_V4,MDC_ECG_LEAD_V5,MDC_ECG_LEAD_V6",ok,usable,,,,,,,,,usable,,"parse,duration,leads,waveform,NaN/Inf",train
d12_1eab62c2755b0d,HNU11088,HNU11088,,ecg_machine_d12,ecg_d12,20260726-164343_HNU11088.xml,Data/心电图机d12/20260726-164343_HNU11088.xml,20260726164343,2026-07-26 16:43:43,1000,uV,121.0,"MDC_ECG_LEAD_AVF,MDC_ECG_LEAD_AVL,MDC_ECG_LEAD_AVR,MDC_ECG_LEAD_I,MDC_ECG_LEAD_II,MDC_ECG_LEAD_III,MDC_ECG_LEAD_V1,MDC_ECG_LEAD_V2,MDC_ECG_LEAD_V3,MDC_ECG_LEAD_V4,MDC_ECG_LEAD_V5,MDC_ECG_LEAD_V6",ok,usable,,,,,,,,,usable,,"parse,duration,leads,waveform,NaN/Inf",train
d12_b61a7dac96eb72,HNU11089,HNU11089,,ecg_machine_d12,ecg_d12,20260726-165122_HNU11089.xml,Data/心电图机d12/20260726-165122_HNU11089.xml,20260726165122,2026-07-26 16:51:22,1000,uV,122.0,"MDC_ECG_LEAD_AVF,MDC_ECG_LEAD_AVL,MDC_ECG_LEAD_AVR,MDC_ECG_LEAD_I,MDC_ECG_LEAD_II,MDC_ECG_LEAD_III,MDC_ECG_LEAD_V1,MDC_ECG_LEAD_V2,MDC_ECG_LEAD_V3,MDC_ECG_LEAD_V4,MDC_ECG_LEAD_V5,MDC_ECG_LEAD_V6",ok,usable,,,,,,,,,usable,,"parse,duration,leads,waveform,NaN/Inf",train
d12_0c5d2279cd0d26,HNU11090,HNU11090,,ecg_machine_d12,ecg_d12,20260726-165853_HNU11090.xml,Data/心电图机d12/20260726-165853_HNU11090.xml,20260726165853,2026-07-26 16:58:53,1000,uV,121.0,"MDC_ECG_LEAD_AVF,MDC_ECG_LEAD_AVL,MDC_ECG_LEAD_AVR,MDC_ECG_LEAD_I,MDC_ECG_LEAD_II,MDC_ECG_LEAD_III,MDC_ECG_LEAD_V1,MDC_ECG_LEAD_V2,MDC_ECG_LEAD_V3,MDC_ECG_LEAD_V4,MDC_ECG_LEAD_V5,MDC_ECG_LEAD_V6",ok,usable,,,,,,,,,usable,,"parse,duration,leads,waveform,NaN/Inf",train
d12_14e679ac6083ad,HNU11091,HNU11091,,ecg_machine_d12,ecg_d12,20260726-172412_HNU11091.xml,Data/心电图机d12/20260726-172412_HNU11091.xml,20260726172412,2026-07-26 17:24:12,1000,uV,151.0,"MDC_ECG_LEAD_AVF,MDC_ECG_LEAD_AVL,MDC_ECG_LEAD_AVR,MDC_ECG_LEAD_I,MDC_ECG_LEAD_II,MDC_ECG_LEAD_III,MDC_ECG_LEAD_V1,MDC_ECG_LEAD_V2,MDC_ECG_LEAD_V3,MDC_ECG_LEAD_V4,MDC_ECG_LEAD_V5,MDC_ECG_LEAD_V6",ok,usable,,,,,,,,,usable,,"parse,duration,leads,waveform,NaN/Inf",train
d12_af4ffaccfcd77f,HNU11092,HNU11092,,ecg_machine_d12,ecg_d12,20260727-102945_HNU11092.xml,Data/心电图机d12/20260727-102945_HNU11092.xml,20260727102945,2026-07-27 10:29:45,1000,uV,120.0,"MDC_ECG_LEAD_AVF,MDC_ECG_LEAD_AVL,MDC_ECG_LEAD_AVR,MDC_ECG_LEAD_I,MDC_ECG_LEAD_II,MDC_ECG_LEAD_III,MDC_ECG_LEAD_V1,MDC_ECG_LEAD_V2,MDC_ECG_LEAD_V3,MDC_ECG_LEAD_V4,MDC_ECG_LEAD_V5,MDC_ECG_LEAD_V6",ok,usable,,,,,,,,,usable,,"parse,duration,leads,waveform,NaN/Inf",train
d12_2c571cc7a600fc,HNU11093,HNU11093,,ecg_machine_d12,ecg_d12,20260727-104858_HNU11093.xml,Data/心电图机d12/20260727-104858_HNU11093.xml,20260727104858,2026-07-27 10:48:58,1000,uV,124.0,"MDC_ECG_LEAD_AVF,MDC_ECG_LEAD_AVL,MDC_ECG_LEAD_AVR,MDC_ECG_LEAD_I,MDC_ECG_LEAD_II,MDC_ECG_LEAD_III,MDC_ECG_LEAD_V1,MDC_ECG_LEAD_V2,MDC_ECG_LEAD_V3,MDC_ECG_LEAD_V4,MDC_ECG_LEAD_V5,MDC_ECG_LEAD_V6",ok,usable,,,,,,,,,usable,,"parse,duration,leads,waveform,NaN/Inf",train
d12_a8861d947ae5c3,HNU11095,HNU11095,,ecg_machine_d12,ecg_d12,20260727-152008_HNU11095.xml,Data/心电图机d12/20260727-152008_HNU11095.xml,20260727152008,2026-07-27 15:20:08,1000,uV,122.0,"MDC_ECG_LEAD_AVF,MDC_ECG_LEAD_AVL,MDC_ECG_LEAD_AVR,MDC_ECG_LEAD_I,MDC_ECG_LEAD_II,MDC_ECG_LEAD_III,MDC_ECG_LEAD_V1,MDC_ECG_LEAD_V2,MDC_ECG_LEAD_V3,MDC_ECG_LEAD_V4,MDC_ECG_LEAD_V5,MDC_ECG_LEAD_V6",ok,usable,,,,,,,,,usable,,"parse,duration,leads,waveform,NaN/Inf",train
d12_85274e7c560787,HNU11094,HNU11094,,ecg_machine_d12,ecg_d12,20260727-153258_HNU11094.xml,Data/心电图机d12/20260727-153258_HNU11094.xml,20260727153258,2026-07-27 15:32:58,1000,uV,122.0,"MDC_ECG_LEAD_AVF,MDC_ECG_LEAD_AVL,MDC_ECG_LEAD_AVR,MDC_ECG_LEAD_I,MDC_ECG_LEAD_II,MDC_ECG_LEAD_III,MDC_ECG_LEAD_V1,MDC_ECG_LEAD_V2,MDC_ECG_LEAD_V3,MDC_ECG_LEAD_V4,MDC_ECG_LEAD_V5,MDC_ECG_LEAD_V6",ok,usable,,,,,,,,,usable,,"parse,duration,leads,waveform,NaN/Inf",train
d12_cffb230e0e9aa3,HNU11096,HNU11096,,ecg_machine_d12,ecg_d12,20260727-155313_HNU11096.xml,Data/心电图机d12/20260727-155313_HNU11096.xml,20260727155313,2026-07-27 15:53:13,1000,uV,123.0,"MDC_ECG_LEAD_AVF,MDC_ECG_LEAD_AVL,MDC_ECG_LEAD_AVR,MDC_ECG_LEAD_I,MDC_ECG_LEAD_II,MDC_ECG_LEAD_III,MDC_ECG_LEAD_V1,MDC_ECG_LEAD_V2,MDC_ECG_LEAD_V3,MDC_ECG_LEAD_V4,MDC_ECG_LEAD_V5,MDC_ECG_LEAD_V6",ok,usable,,,,,,,,,usable,,"parse,duration,leads,waveform,NaN/Inf",train
d12_ccd7eeac0e672a,HNU11097,HNU11097,,ecg_machine_d12,ecg_d12,20260727-161327_HNU11097.xml,Data/心电图机d12/20260727-161327_HNU11097.xml,20260727161327,2026-07-27 16:13:27,1000,uV,122.0,"MDC_ECG_LEAD_AVF,MDC_ECG_LEAD_AVL,MDC_ECG_LEAD_AVR,MDC_ECG_LEAD_I,MDC_ECG_LEAD_II,MDC_ECG_LEAD_III,MDC_ECG_LEAD_V1,MDC_ECG_LEAD_V2,MDC_ECG_LEAD_V3,MDC_ECG_LEAD_V4,MDC_ECG_LEAD_V5,MDC_ECG_LEAD_V6",ok,usable,,,,,,,,,usable,,"parse,duration,leads,waveform,NaN/Inf",train
d12_29a4c35841389f,HNU11098,HNU11098,,ecg_machine_d12,ecg_d12,20260727-162328_HNU11098.xml,Data/心电图机d12/20260727-162328_HNU11098.xml,20260727162328,2026-07-27 16:23:28,1000,uV,120.0,"MDC_ECG_LEAD_AVF,MDC_ECG_LEAD_AVL,MDC_ECG_LEAD_AVR,MDC_ECG_LEAD_I,MDC_ECG_LEAD_II,MDC_ECG_LEAD_III,MDC_ECG_LEAD_V1,MDC_ECG_LEAD_V2,MDC_ECG_LEAD_V3,MDC_ECG_LEAD_V4,MDC_ECG_LEAD_V5,MDC_ECG_LEAD_V6",ok,usable,,,,,,,,,usable,,"parse,duration,leads,waveform,NaN/Inf",train
d12_97423ca24d9abb,HNU11099,HNU11099,,ecg_machine_d12,ecg_d12,20260728-102619_HNU11099.xml,Data/心电图机d12/20260728-102619_HNU11099.xml,20260728102619,2026-07-28 10:26:19,1000,uV,121.0,"MDC_ECG_LEAD_AVF,MDC_ECG_LEAD_AVL,MDC_ECG_LEAD_AVR,MDC_ECG_LEAD_I,MDC_ECG_LEAD_II,MDC_ECG_LEAD_III,MDC_ECG_LEAD_V1,MDC_ECG_LEAD_V2,MDC_ECG_LEAD_V3,MDC_ECG_LEAD_V4,MDC_ECG_LEAD_V5,MDC_ECG_LEAD_V6",ok,usable,,,,,,,,,usable,,"parse,duration,leads,waveform,NaN/Inf",validation
d12_e56509d8b6860d,HNU11100,HNU11100,,ecg_machine_d12,ecg_d12,20260728-151219_HNU11100.xml,Data/心电图机d12/20260728-151219_HNU11100.xml,20260728151219,2026-07-28 15:12:19,1000,uV,121.0,"MDC_ECG_LEAD_AVF,MDC_ECG_LEAD_AVL,MDC_ECG_LEAD_AVR,MDC_ECG_LEAD_I,MDC_ECG_LEAD_II,MDC_ECG_LEAD_III,MDC_ECG_LEAD_V1,MDC_ECG_LEAD_V2,MDC_ECG_LEAD_V3,MDC_ECG_LEAD_V4,MDC_ECG_LEAD_V5,MDC_ECG_LEAD_V6",ok,usable,,,,,,,,,usable,,"parse,duration,leads,waveform,NaN/Inf",train
d12_1ec9cee338b2b9,HNU11101,HNU11101,,ecg_machine_d12,ecg_d12,20260728-170915_HNU11101.xml,Data/心电图机d12/20260728-170915_HNU11101.xml,20260728170915,2026-07-28 17:09:15,1000,uV,127.0,"MDC_ECG_LEAD_AVF,MDC_ECG_LEAD_AVL,MDC_ECG_LEAD_AVR,MDC_ECG_LEAD_I,MDC_ECG_LEAD_II,MDC_ECG_LEAD_III,MDC_ECG_LEAD_V1,MDC_ECG_LEAD_V2,MDC_ECG_LEAD_V3,MDC_ECG_LEAD_V4,MDC_ECG_LEAD_V5,MDC_ECG_LEAD_V6",ok,usable,,,,,,,,,usable,,"parse,duration,leads,waveform,NaN/Inf",train
scale_c3906a97a1152c,HNU11069,HNU11069,,body_scale_d6,ecg_d6_from_scale_export,2026-07-25-15-16-13.csv,Data/体脂秤d6/Export/2026-07-25-15-16-13.csv,2026-07-25-15-16-13,,500,mV,123.82,"channels: 1=I, 2=II, 9=III, 10=aVR, 11=aVL, 12=aVF",ok,usable,,,,,,,,61910,usable,,"parse,header,fs,unit,channels,duration,constant,NaN/Inf",train
scale_d85f42e8aa0567,HNU11068,HNU11068,,body_scale_d6,ecg_d6_from_scale_export,2026-07-25-15-27-43.csv,Data/体脂秤d6/Export/2026-07-25-15-27-43.csv,2026-07-25-15-27-43,,500,mV,126.42,"channels: 1=I, 2=II, 9=III, 10=aVR, 11=aVL, 12=aVF",ok,usable,,,,,,,,63210,usable,,"parse,header,fs,unit,channels,duration,constant,NaN/Inf",validation
scale_cee1a76bdfe2b8,HNU11070,HNU11070,,body_scale_d6,ecg_d6_from_scale_export,2026-07-25-15-45-50.csv,Data/体脂秤d6/Export/2026-07-25-15-45-50.csv,2026-07-25-15-45-50,,500,mV,129.18,"channels: 1=I, 2=II, 9=III, 10=aVR, 11=aVL, 12=aVF",ok,usable,,,,,,,,64590,usable,,"parse,header,fs,unit,channels,duration,constant,NaN/Inf",validation
scale_e12f34f10d3759,HNU11071,HNU11071,,body_scale_d6,ecg_d6_from_scale_export,2026-07-25-16-03-22.csv,Data/体脂秤d6/Export/2026-07-25-16-03-22.csv,2026-07-25-16-03-22,,500,mV,127.88,"channels: 1=I, 2=II, 9=III, 10=aVR, 11=aVL, 12=aVF",ok,usable,,,,,,,,63940,usable,,"parse,header,fs,unit,channels,duration,constant,NaN/Inf",train
scale_1603e819dcf59b,HNU11072,HNU11072,,body_scale_d6,ecg_d6_from_scale_export,2026-07-25-16-21-57.csv,Data/体脂秤d6/Export/2026-07-25-16-21-57.csv,2026-07-25-16-21-57,,500,mV,128.18,"channels: 1=I, 2=II, 9=III, 10=aVR, 11=aVL, 12=aVF",ok,usable,,,,,,,,64090,usable,,"parse,header,fs,unit,channels,duration,constant,NaN/Inf",train
scale_5b05c56857eae4,HNU11074,HNU11074,,body_scale_d6,ecg_d6_from_scale_export,2026-07-25-16-44-49.csv,Data/体脂秤d6/Export/2026-07-25-16-44-49.csv,2026-07-25-16-44-49,,500,mV,125.2,"channels: 1=I, 2=II, 9=III, 10=aVR, 11=aVL, 12=aVF",ok,usable,,,,,,,,62600,usable,,"parse,header,fs,unit,channels,duration,constant,NaN/Inf",train
scale_cd92575848b1ab,HNU11073,HNU11073,,body_scale_d6,ecg_d6_from_scale_export,2026-07-25-16-48-19.csv,Data/体脂秤d6/Export/2026-07-25-16-48-19.csv,2026-07-25-16-48-19,,500,mV,122.56,"channels: 1=I, 2=II, 9=III, 10=aVR, 11=aVL, 12=aVF",ok,usable,,,,,,,,61280,usable,,"parse,header,fs,unit,channels,duration,constant,NaN/Inf",train
scale_e28e0cc1817012,HNU11075,HNU11075,,body_scale_d6,ecg_d6_from_scale_export,2026-07-25-16-59-13.csv,Data/体脂秤d6/Export/2026-07-25-16-59-13.csv,2026-07-25-16-59-13,,500,mV,127.56,"channels: 1=I, 2=II, 9=III, 10=aVR, 11=aVL, 12=aVF",ok,usable,,,,,,,,63780,usable,,"parse,header,fs,unit,channels,duration,constant,NaN/Inf",train
scale_6fc8f8f688ddf7,HNU11078,HNU11078,,body_scale_d6,ecg_d6_from_scale_export,2026-07-25-17-51-10.csv,Data/体脂秤d6/Export/2026-07-25-17-51-10.csv,2026-07-25-17-51-10,,500,mV,122.98,"channels: 1=I, 2=II, 9=III, 10=aVR, 11=aVL, 12=aVF",ok,usable,,,,,,,,61490,usable,,"parse,header,fs,unit,channels,duration,constant,NaN/Inf",train
scale_54cfbf389a5f12,HNU11077,HNU11077,,body_scale_d6,ecg_d6_from_scale_export,2026-07-25-17-55-05.csv,Data/体脂秤d6/Export/2026-07-25-17-55-05.csv,2026-07-25-17-55-05,,500,mV,124.9,"channels: 1=I, 2=II, 9=III, 10=aVR, 11=aVL, 12=aVF",ok,usable,,,,,,,,62450,usable,,"parse,header,fs,unit,channels,duration,constant,NaN/Inf",train
scale_e80baba702a9bd,HNU11076,HNU11076,,body_scale_d6,ecg_d6_from_scale_export,2026-07-25-17-59-14.csv,Data/体脂秤d6/Export/2026-07-25-17-59-14.csv,2026-07-25-17-59-14,,500,mV,130.16,"channels: 1=I, 2=II, 9=III, 10=aVR, 11=aVL, 12=aVF",ok,usable,,,,,,,,65080,usable,,"parse,header,fs,unit,channels,duration,constant,NaN/Inf",validation
scale_830ca67a4c8313,HNU11079,HNU11079,,body_scale_d6,ecg_d6_from_scale_export,2026-07-26-14-14-17.csv,Data/体脂秤d6/Export/2026-07-26-14-14-17.csv,2026-07-26-14-14-17,,500,mV,123.5,"channels: 1=I, 2=II, 9=III, 10=aVR, 11=aVL, 12=aVF",ok,usable,,,,,,,,61750,usable,,"parse,header,fs,unit,channels,duration,constant,NaN/Inf",train
scale_bafdc88da24118,HNU11080,HNU11080,,body_scale_d6,ecg_d6_from_scale_export,2026-07-26-14-19-17.csv,Data/体脂秤d6/Export/2026-07-26-14-19-17.csv,2026-07-26-14-19-17,,500,mV,128.92,"channels: 1=I, 2=II, 9=III, 10=aVR, 11=aVL, 12=aVF",ok,usable,,,,,,,,64460,usable,,"parse,header,fs,unit,channels,duration,constant,NaN/Inf",train
scale_c6ce32c7aff0a3,HNU11081,HNU11081,,body_scale_d6,ecg_d6_from_scale_export,2026-07-26-14-54-47.csv,Data/体脂秤d6/Export/2026-07-26-14-54-47.csv,2026-07-26-14-54-47,,500,mV,130.26,"channels: 1=I, 2=II, 9=III, 10=aVR, 11=aVL, 12=aVF",ok,usable,,,,,,,,65130,usable,,"parse,header,fs,unit,channels,duration,constant,NaN/Inf",train
scale_54536dbd1022e2,HNU11082,HNU11082,,body_scale_d6,ecg_d6_from_scale_export,2026-07-26-15-01-35.csv,Data/体脂秤d6/Export/2026-07-26-15-01-35.csv,2026-07-26-15-01-35,,500,mV,130.18,"channels: 1=I, 2=II, 9=III, 10=aVR, 11=aVL, 12=aVF",ok,usable,,,,,,,,65090,usable,,"parse,header,fs,unit,channels,duration,constant,NaN/Inf",train
scale_80356c9a91b568,HNU11083,HNU11083,,body_scale_d6,ecg_d6_from_scale_export,2026-07-26-15-26-53.csv,Data/体脂秤d6/Export/2026-07-26-15-26-53.csv,2026-07-26-15-26-53,,500,mV,127,"channels: 1=I, 2=II, 9=III, 10=aVR, 11=aVL, 12=aVF",ok,usable,,,,,,,,63500,usable,,"parse,header,fs,unit,channels,duration,constant,NaN/Inf",train
scale_7e2752d33d4461,HNU11084,HNU11084,,body_scale_d6,ecg_d6_from_scale_export,2026-07-26-15-38-57.csv,Data/体脂秤d6/Export/2026-07-26-15-38-57.csv,2026-07-26-15-38-57,,500,mV,142.68,"channels: 1=I, 2=II, 9=III, 10=aVR, 11=aVL, 12=aVF",ok,usable,,,,,,,,71340,usable,,"parse,header,fs,unit,channels,duration,constant,NaN/Inf",validation
scale_3ebe8e0d0b06fa,HNU11085,HNU11085,,body_scale_d6,ecg_d6_from_scale_export,2026-07-26-15-45-03.csv,Data/体脂秤d6/Export/2026-07-26-15-45-03.csv,2026-07-26-15-45-03,,500,mV,130.32,"channels: 1=I, 2=II, 9=III, 10=aVR, 11=aVL, 12=aVF",ok,usable,,,,,,,,65160,usable,,"parse,header,fs,unit,channels,duration,constant,NaN/Inf",train
scale_cafdea1798cadd,HNU11087,HNU11087,,body_scale_d6,ecg_d6_from_scale_export,2026-07-26-16-12-47.csv,Data/体脂秤d6/Export/2026-07-26-16-12-47.csv,2026-07-26-16-12-47,,500,mV,126.46,"channels: 1=I, 2=II, 9=III, 10=aVR, 11=aVL, 12=aVF",ok,usable,,,,,,,,63230,usable,,"parse,header,fs,unit,channels,duration,constant,NaN/Inf",train
scale_1c51c1bf15cbd7,HNU11086,HNU11086,,body_scale_d6,ecg_d6_from_scale_export,2026-07-26-16-17-46.csv,Data/体脂秤d6/Export/2026-07-26-16-17-46.csv,2026-07-26-16-17-46,,500,mV,131.06,"channels: 1=I, 2=II, 9=III, 10=aVR, 11=aVL, 12=aVF",ok,usable,,,,,,,,65530,usable,,"parse,header,fs,unit,channels,duration,constant,NaN/Inf",train
scale_9bea331b356866,HNU11089,HNU11089,,body_scale_d6,ecg_d6_from_scale_export,2026-07-26-16-34-42.csv,Data/体脂秤d6/Export/2026-07-26-16-34-42.csv,2026-07-26-16-34-42,,500,mV,126.66,"channels: 1=I, 2=II, 9=III, 10=aVR, 11=aVL, 12=aVF",ok,usable,,,,,,,,63330,usable,,"parse,header,fs,unit,channels,duration,constant,NaN/Inf",train
scale_4afda02e19f1be,HNU11088,HNU11088,,body_scale_d6,ecg_d6_from_scale_export,2026-07-26-16-47-43.csv,Data/体脂秤d6/Export/2026-07-26-16-47-43.csv,2026-07-26-16-47-43,,500,mV,126.24,"channels: 1=I, 2=II, 9=III, 10=aVR, 11=aVL, 12=aVF",ok,usable,,,,,,,,63120,usable,,"parse,header,fs,unit,channels,duration,constant,NaN/Inf",train
scale_0c305328178e7e,HNU11090,HNU11090,,body_scale_d6,ecg_d6_from_scale_export,2026-07-26-16-51-39.csv,Data/体脂秤d6/Export/2026-07-26-16-51-39.csv,2026-07-26-16-51-39,,500,mV,126.12,"channels: 1=I, 2=II, 9=III, 10=aVR, 11=aVL, 12=aVF",ok,usable,,,,,,,,63060,usable,,"parse,header,fs,unit,channels,duration,constant,NaN/Inf",train
scale_26b4ae28ecde72,HNU11091,HNU11091,,body_scale_d6,ecg_d6_from_scale_export,2026-07-26-17-28-37.csv,Data/体脂秤d6/Export/2026-07-26-17-28-37.csv,2026-07-26-17-28-37,,500,mV,129.16,"channels: 1=I, 2=II, 9=III, 10=aVR, 11=aVL, 12=aVF",ok,usable,,,,,,,,64580,usable,,"parse,header,fs,unit,channels,duration,constant,NaN/Inf",train
scale_4d89d99a694077,HNU11092,HNU11092,,body_scale_d6,ecg_d6_from_scale_export,2026-07-27-10-21-24.csv,Data/体脂秤d6/Export/2026-07-27-10-21-24.csv,2026-07-27-10-21-24,,500,mV,127.34,"channels: 1=I, 2=II, 9=III, 10=aVR, 11=aVL, 12=aVF",ok,usable,,,,,,,,63670,usable,,"parse,header,fs,unit,channels,duration,constant,NaN/Inf",train
scale_64c5ae05f60902,HNU11093,HNU11093,,body_scale_d6,ecg_d6_from_scale_export,2026-07-27-10-38-43.csv,Data/体脂秤d6/Export/2026-07-27-10-38-43.csv,2026-07-27-10-38-43,,500,mV,127.48,"channels: 1=I, 2=II, 9=III, 10=aVR, 11=aVL, 12=aVF",ok,usable,,,,,,,,63740,usable,,"parse,header,fs,unit,channels,duration,constant,NaN/Inf",train
scale_0865164014669c,HNU11095,HNU11095,,body_scale_d6,ecg_d6_from_scale_export,2026-07-27-15-04-47.csv,Data/体脂秤d6/Export/2026-07-27-15-04-47.csv,2026-07-27-15-04-47,,500,mV,129.8,"channels: 1=I, 2=II, 9=III, 10=aVR, 11=aVL, 12=aVF",ok,usable,,,,,,,,64900,usable,,"parse,header,fs,unit,channels,duration,constant,NaN/Inf",train
scale_f3f017c920c750,HNU11094,HNU11094,,body_scale_d6,ecg_d6_from_scale_export,2026-07-27-15-09-26.csv,Data/体脂秤d6/Export/2026-07-27-15-09-26.csv,2026-07-27-15-09-26,,500,mV,127.8,"channels: 1=I, 2=II, 9=III, 10=aVR, 11=aVL, 12=aVF",ok,usable,,,,,,,,63900,usable,,"parse,header,fs,unit,channels,duration,constant,NaN/Inf",train
scale_14158621f98e37,HNU11096,HNU11096,,body_scale_d6,ecg_d6_from_scale_export,2026-07-27-15-17-04.csv,Data/体脂秤d6/Export/2026-07-27-15-17-04.csv,2026-07-27-15-17-04,,500,mV,125.48,"channels: 1=I, 2=II, 9=III, 10=aVR, 11=aVL, 12=aVF",ok,usable,,,,,,,,62740,usable,,"parse,header,fs,unit,channels,duration,constant,NaN/Inf",train
scale_7d320d5d38347e,HNU11097,HNU11097,,body_scale_d6,ecg_d6_from_scale_export,2026-07-27-16-02-22.csv,Data/体脂秤d6/Export/2026-07-27-16-02-22.csv,2026-07-27-16-02-22,,500,mV,131.66,"channels: 1=I, 2=II, 9=III, 10=aVR, 11=aVL, 12=aVF",ok,usable,,,,,,,,65830,usable,,"parse,header,fs,unit,channels,duration,constant,NaN/Inf",train
scale_5bc04db40fefc8,HNU11098,HNU11098,,body_scale_d6,ecg_d6_from_scale_export,2026-07-27-16-27-41.csv,Data/体脂秤d6/Export/2026-07-27-16-27-41.csv,2026-07-27-16-27-41,,500,mV,148.76,"channels: 1=I, 2=II, 9=III, 10=aVR, 11=aVL, 12=aVF",ok,usable,,,,,,,,74380,usable,,"parse,header,fs,unit,channels,duration,constant,NaN/Inf",train
scale_7686064c19b45b,HNU11099,HNU11099,,body_scale_d6,ecg_d6_from_scale_export,2026-07-28-10-16-59.csv,Data/体脂秤d6/Export/2026-07-28-10-16-59.csv,2026-07-28-10-16-59,,500,mV,125.92,"channels: 1=I, 2=II, 9=III, 10=aVR, 11=aVL, 12=aVF",ok,usable,,,,,,,,62960,usable,,"parse,header,fs,unit,channels,duration,constant,NaN/Inf",validation
scale_7758d76ccfc6ce,HNU11100,HNU11100,,body_scale_d6,ecg_d6_from_scale_export,2026-07-28-15-02-53.csv,Data/体脂秤d6/Export/2026-07-28-15-02-53.csv,2026-07-28-15-02-53,,500,mV,127.68,"channels: 1=I, 2=II, 9=III, 10=aVR, 11=aVL, 12=aVF",ok,usable,,,,,,,,63840,usable,,"parse,header,fs,unit,channels,duration,constant,NaN/Inf",train
scale_f99320f9bc2a2b,HNU11101,HNU11101,,body_scale_d6,ecg_d6_from_scale_export,2026-07-28-17-01-27.csv,Data/体脂秤d6/Export/2026-07-28-17-01-27.csv,2026-07-28-17-01-27,,500,mV,126.3,"channels: 1=I, 2=II, 9=III, 10=aVR, 11=aVL, 12=aVF",ok,usable,,,,,,,,63150,usable,,"parse,header,fs,unit,channels,duration,constant,NaN/Inf",train
userinfo_f430e42f28fbde,HNU11098,HNU11098,,userinfobean,user_info,userinfobean.csv,Data/userinfobean.csv,2026/7/27 16:13,2026-07-27 16:13:00,,,,,ok,usable,,,,,null_HNU11098_F0:FA:C7:49:6A:51,e9ccb37ba6514cd08242f26c737843e1,,,usable,,metadata row; signal checks not applicable,train
userinfo_d1332023bdc50c,HNU11097,HNU11097,,userinfobean,user_info,userinfobean.csv,Data/userinfobean.csv,2026/7/27 15:58,2026-07-27 15:58:00,,,,,ok,usable,,,,,null_HNU11097_F0:FA:C7:49:6A:51,e9ccb37ba6514cd08242f26c737843e1,,,usable,,metadata row; signal checks not applicable,train
userinfo_23ffff2174dca0,HNU11091,HNU11091,,userinfobean,user_info,userinfobean.csv,Data/userinfobean.csv,2026/7/26 17:13,2026-07-26 17:13:00,,,,,ok,usable,,,,,null_HNU11091_F0:FA:C7:49:6A:51,e9ccb37ba6514cd08242f26c737843e1,,,usable,,metadata row; signal checks not applicable,train
userinfo_9e22649fe874a6,HNU11086,HNU11086,,userinfobean,user_info,userinfobean.csv,Data/userinfobean.csv,2026/7/26 16:01,2026-07-26 16:01:00,,,,,ok,usable,,,,,null_HNU11086_F0:FA:C7:49:6A:51,e9ccb37ba6514cd08242f26c737843e1,,,usable,,metadata row; signal checks not applicable,train
userinfo_ce835806e71f49,HNU11083,HNU11083,,userinfobean,user_info,userinfobean.csv,Data/userinfobean.csv,2026/7/26 15:22,2026-07-26 15:22:00,,,,,ok,usable,,,,,null_HNU11083_F0:FA:C7:49:6A:51,e9ccb37ba6514cd08242f26c737843e1,,,usable,,metadata row; signal checks not applicable,train
userinfo_378bcbe706d539,test,test,,userinfobean,user_info,userinfobean.csv,Data/userinfobean.csv,2026/7/30 17:03,2026-07-30 17:03:00,,,,,ok,usable,,,,,e9ccb37ba6514cd08242f26c737843e1_test_F0:FA:C7:49:5F:98,e9ccb37ba6514cd08242f26c737843e1,,,usable,,metadata row; signal checks not applicable,train
userinfo_2f933d88367c63,HNU11101,HNU11101,,userinfobean,user_info,userinfobean.csv,Data/userinfobean.csv,2026/7/28 16:56,2026-07-28 16:56:00,,,,,ok,usable,,,,,e9ccb37ba6514cd08242f26c737843e1_HNU11101_F0:FA:C7:49:69:E0,e9ccb37ba6514cd08242f26c737843e1,,,usable,,metadata row; signal checks not applicable,train
userinfo_e43aac0c62e608,HNU11099,HNU11099,,userinfobean,user_info,userinfobean.csv,Data/userinfobean.csv,2026/7/28 10:09,2026-07-28 10:09:00,,,,,ok,usable,,,,,e9ccb37ba6514cd08242f26c737843e1_HNU11099_F0:FA:C7:49:6A:51,e9ccb37ba6514cd08242f26c737843e1,,,usable,,metadata row; signal checks not applicable,validation
userinfo_526157e617f4e0,HNU11096,HNU11096,,userinfobean,user_info,userinfobean.csv,Data/userinfobean.csv,2026/7/27 15:13,2026-07-27 15:13:00,,,,,ok,usable,,,,,e9ccb37ba6514cd08242f26c737843e1_HNU11096_F0:FA:C7:49:69:E0,e9ccb37ba6514cd08242f26c737843e1,,,usable,,metadata row; signal checks not applicable,train
userinfo_61d46279c25971,HNU11095,HNU11095,,userinfobean,user_info,userinfobean.csv,Data/userinfobean.csv,2026/7/27 15:08,2026-07-27 15:08:00,,,,,ok,usable,,,,,e9ccb37ba6514cd08242f26c737843e1_HNU11095_F0:FA:C7:49:69:E0,e9ccb37ba6514cd08242f26c737843e1,,,usable,,metadata row; signal checks not applicable,train
userinfo_82a321de147693,HNU11093,HNU11093,,userinfobean,user_info,userinfobean.csv,Data/userinfobean.csv,2026/7/27 10:35,2026-07-27 10:35:00,,,,,ok,usable,,,,,e9ccb37ba6514cd08242f26c737843e1_HNU11093_F0:FA:C7:49:6A:51,e9ccb37ba6514cd08242f26c737843e1,,,usable,,metadata row; signal checks not applicable,train
userinfo_c673940c6e5c5b,HNU11090,HNU11090,,userinfobean,user_info,userinfobean.csv,Data/userinfobean.csv,2026/7/26 16:46,2026-07-26 16:46:00,,,,,ok,usable,,,,,e9ccb37ba6514cd08242f26c737843e1_HNU11090_F0:FA:C7:49:6A:51,e9ccb37ba6514cd08242f26c737843e1,,,usable,,metadata row; signal checks not applicable,train
userinfo_18548089725b50,HNU11089,HNU11089,,userinfobean,user_info,userinfobean.csv,Data/userinfobean.csv,2026/7/26 16:38,2026-07-26 16:38:00,,,,,ok,usable,,,,,e9ccb37ba6514cd08242f26c737843e1_HNU11089_F0:FA:C7:49:6A:51,e9ccb37ba6514cd08242f26c737843e1,,,usable,,metadata row; signal checks not applicable,train
userinfo_f1de8bd764a0b3,HNU11088,HNU11088,,userinfobean,user_info,userinfobean.csv,Data/userinfobean.csv,2026/7/26 18:58,2026-07-26 18:58:00,,,,,ok,usable,,,,,e9ccb37ba6514cd08242f26c737843e1_HNU11088_F0:FA:C7:49:6A:51,e9ccb37ba6514cd08242f26c737843e1,,,usable,,metadata row; signal checks not applicable,train
userinfo_1025be73d0557f,HNU11087,HNU11087,,userinfobean,user_info,userinfobean.csv,Data/userinfobean.csv,2026/7/26 16:10,2026-07-26 16:10:00,,,,,ok,usable,,,,,e9ccb37ba6514cd08242f26c737843e1_HNU11087_F0:FA:C7:49:6A:51,e9ccb37ba6514cd08242f26c737843e1,,,usable,,metadata row; signal checks not applicable,train
userinfo_20a6f10079ab02,HNU11085,HNU11085,,userinfobean,user_info,userinfobean.csv,Data/userinfobean.csv,2026/7/26 15:41,2026-07-26 15:41:00,,,,,ok,usable,,,,,e9ccb37ba6514cd08242f26c737843e1_HNU11085_F0:FA:C7:49:6A:51,e9ccb37ba6514cd08242f26c737843e1,,,usable,,metadata row; signal checks not applicable,train
userinfo_d56966d5233bda,HNU11084,HNU11084,,userinfobean,user_info,userinfobean.csv,Data/userinfobean.csv,2026/7/26 15:35,2026-07-26 15:35:00,,,,,ok,usable,,,,,e9ccb37ba6514cd08242f26c737843e1_HNU11084_F0:FA:C7:49:6A:51,e9ccb37ba6514cd08242f26c737843e1,,,usable,,metadata row; signal checks not applicable,validation
userinfo_253e8e88f7a681,HNU11082,HNU11082,,userinfobean,user_info,userinfobean.csv,Data/userinfobean.csv,2026/7/26 14:57,2026-07-26 14:57:00,,,,,ok,usable,,,,,e9ccb37ba6514cd08242f26c737843e1_HNU11082_F0:FA:C7:49:6A:51,e9ccb37ba6514cd08242f26c737843e1,,,usable,,metadata row; signal checks not applicable,train
userinfo_68fadbb8d8d04a,HNU11081,HNU11081,,userinfobean,user_info,userinfobean.csv,Data/userinfobean.csv,2026/7/26 14:42,2026-07-26 14:42:00,,,,,ok,usable,,,,,e9ccb37ba6514cd08242f26c737843e1_HNU11081_F0:FA:C7:49:6A:51,e9ccb37ba6514cd08242f26c737843e1,,,usable,,metadata row; signal checks not applicable,train
userinfo_9f00873f12934e,HNU11080,HNU11080,,userinfobean,user_info,userinfobean.csv,Data/userinfobean.csv,2026/7/26 14:17,2026-07-26 14:17:00,,,,,ok,usable,,,,,e9ccb37ba6514cd08242f26c737843e1_HNU11080_F0:FA:C7:49:6A:51,e9ccb37ba6514cd08242f26c737843e1,,,usable,,metadata row; signal checks not applicable,train
userinfo_5f92629f60eb87,HNU11079,HNU11079,,userinfobean,user_info,userinfobean.csv,Data/userinfobean.csv,2026/7/26 14:11,2026-07-26 14:11:00,,,,,ok,usable,,,,,e9ccb37ba6514cd08242f26c737843e1_HNU11079_F0:FA:C7:49:6A:51,e9ccb37ba6514cd08242f26c737843e1,,,usable,,metadata row; signal checks not applicable,train
userinfo_55a71871598bae,HNU11078,HNU11078,,userinfobean,user_info,userinfobean.csv,Data/userinfobean.csv,2026/7/25 17:54,2026-07-25 17:54:00,,,,,ok,usable,,,,,e9ccb37ba6514cd08242f26c737843e1_HNU11078_F0:FA:C7:49:6A:51,e9ccb37ba6514cd08242f26c737843e1,,,usable,,metadata row; signal checks not applicable,train
userinfo_61eb86835128c0,HNU11077,HNU11077,,userinfobean,user_info,userinfobean.csv,Data/userinfobean.csv,2026/7/25 17:48,2026-07-25 17:48:00,,,,,ok,usable,,,,,e9ccb37ba6514cd08242f26c737843e1_HNU11077_F0:FA:C7:49:6A:51,e9ccb37ba6514cd08242f26c737843e1,,,usable,,metadata row; signal checks not applicable,train
userinfo_4e322c350981f2,HNU11076,HNU11076,,userinfobean,user_info,userinfobean.csv,Data/userinfobean.csv,2026/7/25 17:42,2026-07-25 17:42:00,,,,,ok,usable,,,,,e9ccb37ba6514cd08242f26c737843e1_HNU11076_F0:FA:C7:49:6A:51,e9ccb37ba6514cd08242f26c737843e1,,,usable,,metadata row; signal checks not applicable,validation
userinfo_a27a1accb981d6,HNU11076,HNU11076,,userinfobean,user_info,userinfobean.csv,Data/userinfobean.csv,2026/7/30 17:08,2026-07-30 17:08:00,,,,,ok,usable,,,,,e9ccb37ba6514cd08242f26c737843e1_HNU11076_F0:FA:C7:49:5F:98,e9ccb37ba6514cd08242f26c737843e1,,,usable,,metadata row; signal checks not applicable,validation
userinfo_b93491f73cbf98,HNU11075,HNU11075,,userinfobean,user_info,userinfobean.csv,Data/userinfobean.csv,2026/7/25 17:05,2026-07-25 17:05:00,,,,,ok,usable,,,,,e9ccb37ba6514cd08242f26c737843e1_HNU11075_F0:FA:C7:49:6A:51,e9ccb37ba6514cd08242f26c737843e1,,,usable,,metadata row; signal checks not applicable,train
userinfo_3d57e880017094,HNU11074,HNU11074,,userinfobean,user_info,userinfobean.csv,Data/userinfobean.csv,2026/7/25 16:49,2026-07-25 16:49:00,,,,,ok,usable,,,,,e9ccb37ba6514cd08242f26c737843e1_HNU11074_F0:FA:C7:49:6A:51,e9ccb37ba6514cd08242f26c737843e1,,,usable,,metadata row; signal checks not applicable,train
userinfo_ad3afb4460e0be,HNU11073,HNU11073,,userinfobean,user_info,userinfobean.csv,Data/userinfobean.csv,2026/7/25 16:48,2026-07-25 16:48:00,,,,,ok,usable,,,,,e9ccb37ba6514cd08242f26c737843e1_HNU11073_F0:FA:C7:49:6A:51,e9ccb37ba6514cd08242f26c737843e1,,,usable,,metadata row; signal checks not applicable,train
userinfo_fe86b87b22f847,HNU11072,HNU11072,,userinfobean,user_info,userinfobean.csv,Data/userinfobean.csv,2026/7/25 16:10,2026-07-25 16:10:00,,,,,ok,usable,,,,,e9ccb37ba6514cd08242f26c737843e1_HNU11072_F0:FA:C7:49:6A:51,e9ccb37ba6514cd08242f26c737843e1,,,usable,,metadata row; signal checks not applicable,train
userinfo_7af13a76219966,HNU11071,HNU11071,,userinfobean,user_info,userinfobean.csv,Data/userinfobean.csv,2026/7/25 16:15,2026-07-25 16:15:00,,,,,ok,usable,,,,,e9ccb37ba6514cd08242f26c737843e1_HNU11071_F0:FA:C7:49:6A:51,e9ccb37ba6514cd08242f26c737843e1,,,usable,,metadata row; signal checks not applicable,train
userinfo_de83e53909cb45,HNU11070,HNU11070,,userinfobean,user_info,userinfobean.csv,Data/userinfobean.csv,2026/7/25 15:57,2026-07-25 15:57:00,,,,,ok,usable,,,,,e9ccb37ba6514cd08242f26c737843e1_HNU11070_F0:FA:C7:49:6A:51,e9ccb37ba6514cd08242f26c737843e1,,,usable,,metadata row; signal checks not applicable,validation
userinfo_9e1587612a14da,HNU11069,HNU11069,,userinfobean,user_info,userinfobean.csv,Data/userinfobean.csv,2026/7/25 16:04,2026-07-25 16:04:00,,,,,ok,usable,,,,,d4cf9873428c45c385b0575241c093e2_HNU11069_F0:FA:C7:49:6A:51,d4cf9873428c45c385b0575241c093e2,,,usable,,metadata row; signal checks not applicable,train
userinfo_0b48971379b751,HNU11068,HNU11068,,userinfobean,user_info,userinfobean.csv,Data/userinfobean.csv,2026/7/25 16:12,2026-07-25 16:12:00,,,,,ok,usable,,,,,d4cf9873428c45c385b0575241c093e2_HNU11068_F0:FA:C7:49:6A:51,d4cf9873428c45c385b0575241c093e2,,,usable,,metadata row; signal checks not applicable,validation
userinfo_ed7492680960df,HNU11065,HNU11065,,userinfobean,user_info,userinfobean.csv,Data/userinfobean.csv,2026/7/24 15:57,2026-07-24 15:57:00,,,,,ok,usable,,,,,d4cf9873428c45c385b0575241c093e2_HNU11065_F0:FA:C7:49:6A:51,d4cf9873428c45c385b0575241c093e2,,,usable,,metadata row; signal checks not applicable,train
userinfo_142c2ba69133a8,HNU11064,HNU11064,,userinfobean,user_info,userinfobean.csv,Data/userinfobean.csv,2026/7/24 15:35,2026-07-24 15:35:00,,,,,ok,usable,,,,,d4cf9873428c45c385b0575241c093e2_HNU11064_F0:FA:C7:49:6A:51,d4cf9873428c45c385b0575241c093e2,,,usable,,metadata row; signal checks not applicable,train
userinfo_b7909acaf093a8,HNU11063,HNU11063,,userinfobean,user_info,userinfobean.csv,Data/userinfobean.csv,2026/7/24 15:31,2026-07-24 15:31:00,,,,,ok,usable,,,,,d4cf9873428c45c385b0575241c093e2_HNU11063_F0:FA:C7:49:6A:51,d4cf9873428c45c385b0575241c093e2,,,usable,,metadata row; signal checks not applicable,train
userinfo_53468fb3dafbc4,HNU11062,HNU11062,,userinfobean,user_info,userinfobean.csv,Data/userinfobean.csv,2026/7/24 15:26,2026-07-24 15:26:00,,,,,ok,usable,,,,,d4cf9873428c45c385b0575241c093e2_HNU11062_F0:FA:C7:49:6A:51,d4cf9873428c45c385b0575241c093e2,,,usable,,metadata row; signal checks not applicable,validation
userinfo_b6206de03c6b04,HNU11061,HNU11061,,userinfobean,user_info,userinfobean.csv,Data/userinfobean.csv,2026/7/24 15:20,2026-07-24 15:20:00,,,,,ok,usable,,,,,d4cf9873428c45c385b0575241c093e2_HNU11061_F0:FA:C7:49:6A:51,d4cf9873428c45c385b0575241c093e2,,,usable,,metadata row; signal checks not applicable,validation
userinfo_a73bdc8b47fcf0,HNU11060,HNU11060,,userinfobean,user_info,userinfobean.csv,Data/userinfobean.csv,2026/7/24 15:08,2026-07-24 15:08:00,,,,,ok,usable,,,,,d4cf9873428c45c385b0575241c093e2_HNU11060_F0:FA:C7:49:6A:51,d4cf9873428c45c385b0575241c093e2,,,usable,,metadata row; signal checks not applicable,validation
userinfo_d16586818eb7a7,HNU11059,HNU11059,,userinfobean,user_info,userinfobean.csv,Data/userinfobean.csv,2026/7/24 11:14,2026-07-24 11:14:00,,,,,ok,usable,,,,,d4cf9873428c45c385b0575241c093e2_HNU11059_F0:FA:C7:49:6A:51,d4cf9873428c45c385b0575241c093e2,,,usable,,metadata row; signal checks not applicable,train
userinfo_e5bf29a78118d7,HNU11058,HNU11058,,userinfobean,user_info,userinfobean.csv,Data/userinfobean.csv,2026/7/24 10:42,2026-07-24 10:42:00,,,,,ok,usable,,,,,d4cf9873428c45c385b0575241c093e2_HNU11058_F0:FA:C7:49:6A:51,d4cf9873428c45c385b0575241c093e2,,,usable,,metadata row; signal checks not applicable,train
userinfo_66601ddde72fc5,HNU11057,HNU11057,,userinfobean,user_info,userinfobean.csv,Data/userinfobean.csv,2026/7/24 10:37,2026-07-24 10:37:00,,,,,ok,usable,,,,,d4cf9873428c45c385b0575241c093e2_HNU11057_F0:FA:C7:49:6A:51,d4cf9873428c45c385b0575241c093e2,,,usable,,metadata row; signal checks not applicable,validation
userinfo_c9fcfbf8bd1730,HNU11056,HNU11056,,userinfobean,user_info,userinfobean.csv,Data/userinfobean.csv,2026/7/24 10:32,2026-07-24 10:32:00,,,,,ok,usable,,,,,d4cf9873428c45c385b0575241c093e2_HNU11056_F0:FA:C7:49:6A:51,d4cf9873428c45c385b0575241c093e2,,,usable,,metadata row; signal checks not applicable,train
userinfo_a3399ff785242d,HNU11055,HNU11055,,userinfobean,user_info,userinfobean.csv,Data/userinfobean.csv,2026/7/24 10:26,2026-07-24 10:26:00,,,,,ok,usable,,,,,d4cf9873428c45c385b0575241c093e2_HNU11055_F0:FA:C7:49:6A:51,d4cf9873428c45c385b0575241c093e2,,,usable,,metadata row; signal checks not applicable,validation
userinfo_64656f50678ae9,HNU11054,HNU11054,,userinfobean,user_info,userinfobean.csv,Data/userinfobean.csv,2026/7/24 10:22,2026-07-24 10:22:00,,,,,ok,usable,,,,,d4cf9873428c45c385b0575241c093e2_HNU11054_F0:FA:C7:49:6A:51,d4cf9873428c45c385b0575241c093e2,,,usable,,metadata row; signal checks not applicable,validation
userinfo_582a3a0989e340,HNU11053,HNU11053,,userinfobean,user_info,userinfobean.csv,Data/userinfobean.csv,2026/7/24 10:17,2026-07-24 10:17:00,,,,,ok,usable,,,,,d4cf9873428c45c385b0575241c093e2_HNU11053_F0:FA:C7:49:6A:51,d4cf9873428c45c385b0575241c093e2,,,usable,,metadata row; signal checks not applicable,train
userinfo_70478c9be6fe84,HNU11052,HNU11052,,userinfobean,user_info,userinfobean.csv,Data/userinfobean.csv,2026/7/23 18:09,2026-07-23 18:09:00,,,,,ok,usable,,,,,d4cf9873428c45c385b0575241c093e2_HNU11052_F0:FA:C7:49:6A:51,d4cf9873428c45c385b0575241c093e2,,,usable,,metadata row; signal checks not applicable,train
userinfo_bd8e818bd59777,HNU11051,HNU11051,,userinfobean,user_info,userinfobean.csv,Data/userinfobean.csv,2026/7/23 17:45,2026-07-23 17:45:00,,,,,ok,usable,,,,,d4cf9873428c45c385b0575241c093e2_HNU11051_F0:FA:C7:49:6A:51,d4cf9873428c45c385b0575241c093e2,,,usable,,metadata row; signal checks not applicable,validation
userinfo_732a3f6de6bac9,HNU11050,HNU11050,,userinfobean,user_info,userinfobean.csv,Data/userinfobean.csv,2026/7/23 16:37,2026-07-23 16:37:00,,,,,ok,usable,,,,,d4cf9873428c45c385b0575241c093e2_HNU11050_F0:FA:C7:49:6A:51,d4cf9873428c45c385b0575241c093e2,,,usable,,metadata row; signal checks not applicable,train
userinfo_b54f654c8cafa8,HNU11049,HNU11049,,userinfobean,user_info,userinfobean.csv,Data/userinfobean.csv,2026/7/23 16:16,2026-07-23 16:16:00,,,,,ok,usable,,,,,d4cf9873428c45c385b0575241c093e2_HNU11049_F0:FA:C7:49:6A:51,d4cf9873428c45c385b0575241c093e2,,,usable,,metadata row; signal checks not applicable,validation
userinfo_517e39e3502115,HNU11048,HNU11048,,userinfobean,user_info,userinfobean.csv,Data/userinfobean.csv,2026/7/23 16:11,2026-07-23 16:11:00,,,,,ok,usable,,,,,d4cf9873428c45c385b0575241c093e2_HNU11048_F0:FA:C7:49:6A:51,d4cf9873428c45c385b0575241c093e2,,,usable,,metadata row; signal checks not applicable,validation
userinfo_b79c6ee4c3790e,HNU11047,HNU11047,,userinfobean,user_info,userinfobean.csv,Data/userinfobean.csv,2026/7/23 16:06,2026-07-23 16:06:00,,,,,ok,usable,,,,,d4cf9873428c45c385b0575241c093e2_HNU11047_F0:FA:C7:49:6A:51,d4cf9873428c45c385b0575241c093e2,,,usable,,metadata row; signal checks not applicable,train
userinfo_9fd594641950b2,HNU11046,HNU11046,,userinfobean,user_info,userinfobean.csv,Data/userinfobean.csv,2026/7/23 16:02,2026-07-23 16:02:00,,,,,ok,usable,,,,,d4cf9873428c45c385b0575241c093e2_HNU11046_F0:FA:C7:49:6A:51,d4cf9873428c45c385b0575241c093e2,,,usable,,metadata row; signal checks not applicable,validation
userinfo_cb1110ddb582b1,HNU11045,HNU11045,,userinfobean,user_info,userinfobean.csv,Data/userinfobean.csv,2026/7/23 15:57,2026-07-23 15:57:00,,,,,ok,usable,,,,,d4cf9873428c45c385b0575241c093e2_HNU11045_F0:FA:C7:49:6A:51,d4cf9873428c45c385b0575241c093e2,,,usable,,metadata row; signal checks not applicable,train
userinfo_f20136b7b058da,HNU11044,HNU11044,,userinfobean,user_info,userinfobean.csv,Data/userinfobean.csv,2026/7/23 15:50,2026-07-23 15:50:00,,,,,ok,usable,,,,,d4cf9873428c45c385b0575241c093e2_HNU11044_F0:FA:C7:49:6A:51,d4cf9873428c45c385b0575241c093e2,,,usable,,metadata row; signal checks not applicable,train
userinfo_ddc16af9fe7903,HNU11043,HNU11043,,userinfobean,user_info,userinfobean.csv,Data/userinfobean.csv,2026/7/23 15:46,2026-07-23 15:46:00,,,,,ok,usable,,,,,d4cf9873428c45c385b0575241c093e2_HNU11043_F0:FA:C7:49:6A:51,d4cf9873428c45c385b0575241c093e2,,,usable,,metadata row; signal checks not applicable,train
userinfo_c1938a92d8ecb4,HNU11042,HNU11042,,userinfobean,user_info,userinfobean.csv,Data/userinfobean.csv,2026/7/23 15:35,2026-07-23 15:35:00,,,,,ok,usable,,,,,d4cf9873428c45c385b0575241c093e2_HNU11042_F0:FA:C7:49:6A:51,d4cf9873428c45c385b0575241c093e2,,,usable,,metadata row; signal checks not applicable,train
userinfo_45378669a62eee,HNU11041,HNU11041,,userinfobean,user_info,userinfobean.csv,Data/userinfobean.csv,2026/7/23 15:21,2026-07-23 15:21:00,,,,,ok,usable,,,,,d4cf9873428c45c385b0575241c093e2_HNU11041_F0:FA:C7:49:6A:51,d4cf9873428c45c385b0575241c093e2,,,usable,,metadata row; signal checks not applicable,train
userinfo_ae1c65fadd09fc,HNU11040,HNU11040,,userinfobean,user_info,userinfobean.csv,Data/userinfobean.csv,2026/7/23 15:15,2026-07-23 15:15:00,,,,,ok,usable,,,,,d4cf9873428c45c385b0575241c093e2_HNU11040_F0:FA:C7:49:6A:51,d4cf9873428c45c385b0575241c093e2,,,usable,,metadata row; signal checks not applicable,train
userinfo_6ca188ac51c509,HNU11039,HNU11039,,userinfobean,user_info,userinfobean.csv,Data/userinfobean.csv,2026/7/23 15:10,2026-07-23 15:10:00,,,,,ok,usable,,,,,d4cf9873428c45c385b0575241c093e2_HNU11039_F0:FA:C7:49:6A:51,d4cf9873428c45c385b0575241c093e2,,,usable,,metadata row; signal checks not applicable,train
userinfo_3201dbc7e2771c,HNU11038,HNU11038,,userinfobean,user_info,userinfobean.csv,Data/userinfobean.csv,2026/7/23 15:05,2026-07-23 15:05:00,,,,,ok,usable,,,,,d4cf9873428c45c385b0575241c093e2_HNU11038_F0:FA:C7:49:6A:51,d4cf9873428c45c385b0575241c093e2,,,usable,,metadata row; signal checks not applicable,train
userinfo_e858228eab0411,HNU11037,HNU11037,,userinfobean,user_info,userinfobean.csv,Data/userinfobean.csv,2026/7/23 11:32,2026-07-23 11:32:00,,,,,ok,usable,,,,,d4cf9873428c45c385b0575241c093e2_HNU11037_F0:FA:C7:49:6A:51,d4cf9873428c45c385b0575241c093e2,,,usable,,metadata row; signal checks not applicable,train
userinfo_48934a36fc0794,HNU11036,HNU11036,,userinfobean,user_info,userinfobean.csv,Data/userinfobean.csv,2026/7/23 12:18,2026-07-23 12:18:00,,,,,ok,usable,,,,,d4cf9873428c45c385b0575241c093e2_HNU11036_F0:FA:C7:49:6A:51,d4cf9873428c45c385b0575241c093e2,,,usable,,metadata row; signal checks not applicable,train
userinfo_c8f90e4003ed2a,HNU11035,HNU11035,,userinfobean,user_info,userinfobean.csv,Data/userinfobean.csv,2026/7/23 11:23,2026-07-23 11:23:00,,,,,ok,usable,,,,,d4cf9873428c45c385b0575241c093e2_HNU11035_F0:FA:C7:49:6A:51,d4cf9873428c45c385b0575241c093e2,,,usable,,metadata row; signal checks not applicable,train
userinfo_c9935dd136c491,HNU11034,HNU11034,,userinfobean,user_info,userinfobean.csv,Data/userinfobean.csv,2026/7/23 11:02,2026-07-23 11:02:00,,,,,ok,usable,,,,,d4cf9873428c45c385b0575241c093e2_HNU11034_F0:FA:C7:49:6A:51,d4cf9873428c45c385b0575241c093e2,,,usable,,metadata row; signal checks not applicable,train
userinfo_78afd51be28c23,HNU11033,HNU11033,,userinfobean,user_info,userinfobean.csv,Data/userinfobean.csv,2026/7/23 10:53,2026-07-23 10:53:00,,,,,ok,usable,,,,,d4cf9873428c45c385b0575241c093e2_HNU11033_F0:FA:C7:49:6A:51,d4cf9873428c45c385b0575241c093e2,,,usable,,metadata row; signal checks not applicable,train
userinfo_82181091292a57,HNU11032,HNU11032,,userinfobean,user_info,userinfobean.csv,Data/userinfobean.csv,2026/7/23 10:38,2026-07-23 10:38:00,,,,,ok,usable,,,,,d4cf9873428c45c385b0575241c093e2_HNU11032_F0:FA:C7:49:6A:51,d4cf9873428c45c385b0575241c093e2,,,usable,,metadata row; signal checks not applicable,train
userinfo_3619bc2f7b2bbe,HNU11031,HNU11031,,userinfobean,user_info,userinfobean.csv,Data/userinfobean.csv,2026/7/23 10:12,2026-07-23 10:12:00,,,,,ok,usable,,,,,d4cf9873428c45c385b0575241c093e2_HNU11031_F0:FA:C7:49:6A:51,d4cf9873428c45c385b0575241c093e2,,,usable,,metadata row; signal checks not applicable,validation
userinfo_76dbddd2c07e31,HNU11030,HNU11030,,userinfobean,user_info,userinfobean.csv,Data/userinfobean.csv,2026/7/23 10:06,2026-07-23 10:06:00,,,,,ok,usable,,,,,d4cf9873428c45c385b0575241c093e2_HNU11030_F0:FA:C7:49:6A:51,d4cf9873428c45c385b0575241c093e2,,,usable,,metadata row; signal checks not applicable,train
userinfo_b9c9bf84d098ab,HNU11029,HNU11029,,userinfobean,user_info,userinfobean.csv,Data/userinfobean.csv,2026/7/22 17:13,2026-07-22 17:13:00,,,,,ok,usable,,,,,d4cf9873428c45c385b0575241c093e2_HNU11029_F0:FA:C7:49:6A:51,d4cf9873428c45c385b0575241c093e2,,,usable,,metadata row; signal checks not applicable,validation
userinfo_d3c86a41a407fe,HNU11028,HNU11028,,userinfobean,user_info,userinfobean.csv,Data/userinfobean.csv,2026/7/22 16:26,2026-07-22 16:26:00,,,,,ok,usable,,,,,d4cf9873428c45c385b0575241c093e2_HNU11028_F0:FA:C7:49:6A:51,d4cf9873428c45c385b0575241c093e2,,,usable,,metadata row; signal checks not applicable,train
userinfo_9f4a3d990813d3,HNU11027,HNU11027,,userinfobean,user_info,userinfobean.csv,Data/userinfobean.csv,2026/7/22 16:22,2026-07-22 16:22:00,,,,,ok,usable,,,,,d4cf9873428c45c385b0575241c093e2_HNU11027_F0:FA:C7:49:6A:51,d4cf9873428c45c385b0575241c093e2,,,usable,,metadata row; signal checks not applicable,train
userinfo_bb963688f2100f,HNU11026,HNU11026,,userinfobean,user_info,userinfobean.csv,Data/userinfobean.csv,2026/7/22 16:01,2026-07-22 16:01:00,,,,,ok,usable,,,,,d4cf9873428c45c385b0575241c093e2_HNU11026_F0:FA:C7:49:6A:51,d4cf9873428c45c385b0575241c093e2,,,usable,,metadata row; signal checks not applicable,train
userinfo_442e7cc63e2eb3,HNU11025,HNU11025,,userinfobean,user_info,userinfobean.csv,Data/userinfobean.csv,2026/7/22 15:55,2026-07-22 15:55:00,,,,,ok,usable,,,,,d4cf9873428c45c385b0575241c093e2_HNU11025_F0:FA:C7:49:6A:51,d4cf9873428c45c385b0575241c093e2,,,usable,,metadata row; signal checks not applicable,validation
userinfo_787e928e5c7d75,HNU11024,HNU11024,,userinfobean,user_info,userinfobean.csv,Data/userinfobean.csv,2026/7/22 15:31,2026-07-22 15:31:00,,,,,ok,usable,,,,,d4cf9873428c45c385b0575241c093e2_HNU11024_F0:FA:C7:49:6A:51,d4cf9873428c45c385b0575241c093e2,,,usable,,metadata row; signal checks not applicable,train
userinfo_22cfe7c429f568,HNU11022,HNU11022,,userinfobean,user_info,userinfobean.csv,Data/userinfobean.csv,2026/7/22 19:23,2026-07-22 19:23:00,,,,,ok,usable,,,,,d4cf9873428c45c385b0575241c093e2_HNU11022_F0:FA:C7:49:6A:51,d4cf9873428c45c385b0575241c093e2,,,usable,,metadata row; signal checks not applicable,train
userinfo_dd7e748957318d,HNU11021,HNU11021,,userinfobean,user_info,userinfobean.csv,Data/userinfobean.csv,2026/7/22 11:08,2026-07-22 11:08:00,,,,,ok,usable,,,,,d4cf9873428c45c385b0575241c093e2_HNU11021_F0:FA:C7:49:6A:51,d4cf9873428c45c385b0575241c093e2,,,usable,,metadata row; signal checks not applicable,train
userinfo_bc83cbae370dd9,HNU11020,HNU11020,,userinfobean,user_info,userinfobean.csv,Data/userinfobean.csv,2026/7/22 11:18,2026-07-22 11:18:00,,,,,ok,usable,,,,,d4cf9873428c45c385b0575241c093e2_HNU11020_F0:FA:C7:49:6A:51,d4cf9873428c45c385b0575241c093e2,,,usable,,metadata row; signal checks not applicable,train
userinfo_477b43fa7c2a82,HNU11019,HNU11019,,userinfobean,user_info,userinfobean.csv,Data/userinfobean.csv,2026/7/22 10:52,2026-07-22 10:52:00,,,,,ok,usable,,,,,d4cf9873428c45c385b0575241c093e2_HNU11019_F0:FA:C7:49:6A:51,d4cf9873428c45c385b0575241c093e2,,,usable,,metadata row; signal checks not applicable,train
userinfo_0ac101c4a49d7b,HNU11018,HNU11018,,userinfobean,user_info,userinfobean.csv,Data/userinfobean.csv,2026/7/22 10:47,2026-07-22 10:47:00,,,,,ok,usable,,,,,d4cf9873428c45c385b0575241c093e2_HNU11018_F0:FA:C7:49:6A:51,d4cf9873428c45c385b0575241c093e2,,,usable,,metadata row; signal checks not applicable,train
userinfo_4746310666bc40,HNU11017,HNU11017,,userinfobean,user_info,userinfobean.csv,Data/userinfobean.csv,2026/7/22 10:41,2026-07-22 10:41:00,,,,,ok,usable,,,,,d4cf9873428c45c385b0575241c093e2_HNU11017_F0:FA:C7:49:6A:51,d4cf9873428c45c385b0575241c093e2,,,usable,,metadata row; signal checks not applicable,train
userinfo_bd04969d21c2e0,HNU11016,HNU11016,,userinfobean,user_info,userinfobean.csv,Data/userinfobean.csv,2026/7/22 10:36,2026-07-22 10:36:00,,,,,ok,usable,,,,,d4cf9873428c45c385b0575241c093e2_HNU11016_F0:FA:C7:49:6A:51,d4cf9873428c45c385b0575241c093e2,,,usable,,metadata row; signal checks not applicable,train
userinfo_1e180c359db509,HNU11015,HNU11015,,userinfobean,user_info,userinfobean.csv,Data/userinfobean.csv,2026/7/22 10:31,2026-07-22 10:31:00,,,,,ok,usable,,,,,d4cf9873428c45c385b0575241c093e2_HNU11015_F0:FA:C7:49:6A:51,d4cf9873428c45c385b0575241c093e2,,,usable,,metadata row; signal checks not applicable,train
userinfo_672cf6703814ce,HNU11014,HNU11014,,userinfobean,user_info,userinfobean.csv,Data/userinfobean.csv,2026/7/22 10:26,2026-07-22 10:26:00,,,,,ok,usable,,,,,d4cf9873428c45c385b0575241c093e2_HNU11014_F0:FA:C7:49:6A:51,d4cf9873428c45c385b0575241c093e2,,,usable,,metadata row; signal checks not applicable,validation
userinfo_582979f068473c,HNU11013,HNU11013,,userinfobean,user_info,userinfobean.csv,Data/userinfobean.csv,2026/7/22 10:19,2026-07-22 10:19:00,,,,,ok,usable,,,,,d4cf9873428c45c385b0575241c093e2_HNU11013_F0:FA:C7:49:6A:51,d4cf9873428c45c385b0575241c093e2,,,usable,,metadata row; signal checks not applicable,train
userinfo_fc743083808e87,HNU11012,HNU11012,,userinfobean,user_info,userinfobean.csv,Data/userinfobean.csv,2026/7/22 10:13,2026-07-22 10:13:00,,,,,ok,usable,,,,,d4cf9873428c45c385b0575241c093e2_HNU11012_F0:FA:C7:49:6A:51,d4cf9873428c45c385b0575241c093e2,,,usable,,metadata row; signal checks not applicable,train
userinfo_fbb15b8a62b619,HNU11011,HNU11011,,userinfobean,user_info,userinfobean.csv,Data/userinfobean.csv,2026/7/22 10:05,2026-07-22 10:05:00,,,,,ok,usable,,,,,d4cf9873428c45c385b0575241c093e2_HNU11011_F0:FA:C7:49:6A:51,d4cf9873428c45c385b0575241c093e2,,,usable,,metadata row; signal checks not applicable,train
userinfo_4b02c03813623a,HNU11010,HNU11010,,userinfobean,user_info,userinfobean.csv,Data/userinfobean.csv,2026/7/21 20:02,2026-07-21 20:02:00,,,,,ok,usable,,,,,d4cf9873428c45c385b0575241c093e2_HNU11010_F0:FA:C7:49:6A:51,d4cf9873428c45c385b0575241c093e2,,,usable,,metadata row; signal checks not applicable,train
userinfo_886208d62a81fc,HNU11009,HNU11009,,userinfobean,user_info,userinfobean.csv,Data/userinfobean.csv,2026/7/21 19:50,2026-07-21 19:50:00,,,,,ok,usable,,,,,d4cf9873428c45c385b0575241c093e2_HNU11009_F0:FA:C7:49:6A:51,d4cf9873428c45c385b0575241c093e2,,,usable,,metadata row; signal checks not applicable,train
userinfo_9056938dac6d08,HNU11008,HNU11008,,userinfobean,user_info,userinfobean.csv,Data/userinfobean.csv,2026/7/21 19:54,2026-07-21 19:54:00,,,,,ok,usable,,,,,d4cf9873428c45c385b0575241c093e2_HNU11008_F0:FA:C7:49:6A:51,d4cf9873428c45c385b0575241c093e2,,,usable,,metadata row; signal checks not applicable,validation
userinfo_a05179e22325c0,HNU11007,HNU11007,,userinfobean,user_info,userinfobean.csv,Data/userinfobean.csv,2026/7/21 19:43,2026-07-21 19:43:00,,,,,ok,usable,,,,,d4cf9873428c45c385b0575241c093e2_HNU11007_F0:FA:C7:49:6A:51,d4cf9873428c45c385b0575241c093e2,,,usable,,metadata row; signal checks not applicable,train
userinfo_1152c679fd89df,HNU11004,HNU11004,,userinfobean,user_info,userinfobean.csv,Data/userinfobean.csv,2026/7/21 17:23,2026-07-21 17:23:00,,,,,ok,usable,,,,,d4cf9873428c45c385b0575241c093e2_HNU11004_F0:FA:C7:49:6A:51,d4cf9873428c45c385b0575241c093e2,,,usable,,metadata row; signal checks not applicable,train
userinfo_ee7ab29c97c518,HNU11003,HNU11003,,userinfobean,user_info,userinfobean.csv,Data/userinfobean.csv,2026/7/22 16:49,2026-07-22 16:49:00,,,,,ok,usable,,,,,d4cf9873428c45c385b0575241c093e2_HNU11003_F0:FA:C7:49:6A:51,d4cf9873428c45c385b0575241c093e2,,,usable,,metadata row; signal checks not applicable,train
userinfo_7c35ee82cda573,HNU11002,HNU11002,,userinfobean,user_info,userinfobean.csv,Data/userinfobean.csv,2026/7/21 16:56,2026-07-21 16:56:00,,,,,ok,usable,,,,,d4cf9873428c45c385b0575241c093e2_HNU11002_F0:FA:C7:49:6A:51,d4cf9873428c45c385b0575241c093e2,,,usable,,metadata row; signal checks not applicable,train
userinfo_0ad2facd82d635,HNU11001,HNU11001,,userinfobean,user_info,userinfobean.csv,Data/userinfobean.csv,2026/7/21 15:04,2026-07-21 15:04:00,,,,,ok,usable,,,,,d4cf9873428c45c385b0575241c093e2_HNU11001_F0:FA:C7:49:6A:51,d4cf9873428c45c385b0575241c093e2,,,usable,,metadata row; signal checks not applicable,train
userinfo_a93e7b46e7b97d,A51,A51,,userinfobean,user_info,userinfobean.csv,Data/userinfobean.csv,2026/7/22 10:18,2026-07-22 10:18:00,,,,,ok,usable,,,,,d4cf9873428c45c385b0575241c093e2_A51_F0:FA:C7:49:6A:51,d4cf9873428c45c385b0575241c093e2,,,usable,,metadata row; signal checks not applicable,validation
userinfo_45c00863a2e693,7DE,7DE,,userinfobean,user_info,userinfobean.csv,Data/userinfobean.csv,2026/7/18 10:33,2026-07-18 10:33:00,,,,,ok,usable,,,,,d4cf9873428c45c385b0575241c093e2_7DE_F0:FA:C7:49:67:DE,d4cf9873428c45c385b0575241c093e2,,,usable,,metadata row; signal checks not applicable,train
userinfo_e240e9c4af5ca5,HNU11107,HNU11107,,userinfobean,user_info,userinfobean.csv,Data/userinfobean.csv,2026/8/25 16:20,2026-08-25 16:20:00,,,,,ok,usable,,,,,e9ccb37ba6514cd08242f26c737843e1_HNU11107_F0:FA:C7:49:69:D5,e9ccb37ba6514cd08242f26c737843e1,,,usable,,metadata row; signal checks not applicable,train
userinfo_224c84bfbbfe89,HNU11106,HNU11106,,userinfobean,user_info,userinfobean.csv,Data/userinfobean.csv,2026/8/25 15:59,2026-08-25 15:59:00,,,,,ok,usable,,,,,e9ccb37ba6514cd08242f26c737843e1_HNU11106_F0:FA:C7:49:69:D5,e9ccb37ba6514cd08242f26c737843e1,,,usable,,metadata row; signal checks not applicable,train
userinfo_9bccc97515a500,HNU11105,HNU11105,,userinfobean,user_info,userinfobean.csv,Data/userinfobean.csv,2026/8/25 15:46,2026-08-25 15:46:00,,,,,ok,usable,,,,,null_HNU11105_F0:FA:C7:49:69:D5,e9ccb37ba6514cd08242f26c737843e1,,,usable,,metadata row; signal checks not applicable,train
userinfo_141174f9c600b8,HNU11105,HNU11105,,userinfobean,user_info,userinfobean.csv,Data/userinfobean.csv,2026/8/25 15:35,2026-08-25 15:35:00,,,,,ok,usable,,,,,e9ccb37ba6514cd08242f26c737843e1_HNU11105_F0:FA:C7:49:6A:51,e9ccb37ba6514cd08242f26c737843e1,,,usable,,metadata row; signal checks not applicable,train
userinfo_9ebe48725d5c6c,HNU11104,HNU11104,,userinfobean,user_info,userinfobean.csv,Data/userinfobean.csv,2026/8/25 15:29,2026-08-25 15:29:00,,,,,ok,usable,,,,,e9ccb37ba6514cd08242f26c737843e1_HNU11104_F0:FA:C7:49:6A:51,e9ccb37ba6514cd08242f26c737843e1,,,usable,,metadata row; signal checks not applicable,validation
userinfo_fccc696266f45b,HNU11102,HNU11102,,userinfobean,user_info,userinfobean.csv,Data/userinfobean.csv,2026/8/25 10:44,2026-08-25 10:44:00,,,,,ok,usable,,,,,e9ccb37ba6514cd08242f26c737843e1_HNU11102_F0:FA:C7:49:6A:51,e9ccb37ba6514cd08242f26c737843e1,,,usable,,metadata row; signal checks not applicable,train
